split_id,split_index,set,row_index,ligand_id,activity
split_00,0,train,1314,1349,1
split_00,0,train,2293,2457,0
split_00,0,train,2984,3248,0
split_00,0,train,2533,2727,0
split_00,0,train,1433,1470,1
split_00,0,train,2046,2170,0
split_00,0,train,2305,2474,0
split_00,0,train,1623,1668,1
split_00,0,train,93,95,1
split_00,0,train,680,698,1
split_00,0,train,2877,3128,0
split_00,0,train,2112,2247,0
split_00,0,train,315,323,1
split_00,0,train,2467,2653,0
split_00,0,train,1859,1946,0
split_00,0,train,469,479,1
split_00,0,train,2592,2798,0
split_00,0,train,1215,1250,1
split_00,0,train,1058,1087,1
split_00,0,train,2004,2115,0
split_00,0,train,2821,3067,0
split_00,0,train,1271,1306,1
split_00,0,train,2462,2648,0
split_00,0,train,1893,1984,0
split_00,0,train,3165,3461,0
split_00,0,train,546,561,1
split_00,0,train,1104,1137,1
split_00,0,train,2032,2155,0
split_00,0,train,2865,3116,0
split_00,0,train,460,470,1
split_00,0,train,1484,1521,1
split_00,0,train,3152,3439,0
split_00,0,train,360,369,1
split_00,0,train,2931,3187,0
split_00,0,train,2749,2985,0
split_00,0,train,2298,2466,0
split_00,0,train,2638,2858,0
split_00,0,train,2358,2529,0
split_00,0,train,2233,2384,0
split_00,0,train,1518,1555,1
split_00,0,train,1762,1829,0
split_00,0,train,803,824,1
split_00,0,train,2038,2161,0
split_00,0,train,2998,3263,0
split_00,0,train,2549,2745,0
split_00,0,train,2885,3136,0
split_00,0,train,2481,2667,0
split_00,0,train,12,13,1
split_00,0,train,95,97,1
split_00,0,train,2093,2228,0
split_00,0,train,2575,2779,0
split_00,0,train,2704,2936,0
split_00,0,train,314,322,1
split_00,0,train,2763,3004,0
split_00,0,train,1336,1371,1
split_00,0,train,1708,1767,0
split_00,0,train,1064,1093,1
split_00,0,train,1699,1758,0
split_00,0,train,2206,2356,0
split_00,0,train,1496,1533,1
split_00,0,train,2628,2847,0
split_00,0,train,299,307,1
split_00,0,train,598,613,1
split_00,0,train,2693,2924,0
split_00,0,train,633,650,1
split_00,0,train,2013,2132,0
split_00,0,train,1078,1107,1
split_00,0,train,1447,1484,1
split_00,0,train,1600,1639,1
split_00,0,train,283,290,1
split_00,0,train,2529,2723,0
split_00,0,train,1636,1686,1
split_00,0,train,663,681,1
split_00,0,train,1590,1629,1
split_00,0,train,2949,3206,0
split_00,0,train,1010,1038,1
split_00,0,train,236,242,1
split_00,0,train,3054,3331,0
split_00,0,train,1313,1348,1
split_00,0,train,786,807,1
split_00,0,train,914,939,1
split_00,0,train,1941,2039,0
split_00,0,train,1692,1750,0
split_00,0,train,787,808,1
split_00,0,train,26,27,1
split_00,0,train,622,638,1
split_00,0,train,2223,2374,0
split_00,0,train,1919,2015,0
split_00,0,train,1760,1827,0
split_00,0,train,1309,1344,1
split_00,0,train,2559,2759,0
split_00,0,train,88,90,1
split_00,0,train,1530,1567,1
split_00,0,train,2404,2583,0
split_00,0,train,2247,2400,0
split_00,0,train,446,455,1
split_00,0,train,2711,2943,0
split_00,0,train,2068,2197,0
split_00,0,train,2682,2912,0
split_00,0,train,1167,1202,1
split_00,0,train,1282,1317,1
split_00,0,train,1723,1783,0
split_00,0,train,461,471,1
split_00,0,train,2797,3041,0
split_00,0,train,2621,2837,0
split_00,0,train,1172,1207,1
split_00,0,train,1188,1223,1
split_00,0,train,2541,2736,0
split_00,0,train,1695,1754,0
split_00,0,train,1568,1605,1
split_00,0,train,2020,2139,0
split_00,0,train,2884,3135,0
split_00,0,train,1421,1458,1
split_00,0,train,342,351,1
split_00,0,train,2683,2913,0
split_00,0,train,2676,2903,0
split_00,0,train,729,749,1
split_00,0,train,357,366,1
split_00,0,train,415,424,1
split_00,0,train,1756,1823,0
split_00,0,train,1342,1378,1
split_00,0,train,871,893,1
split_00,0,train,312,320,1
split_00,0,train,2829,3076,0
split_00,0,train,2250,2403,0
split_00,0,train,1517,1554,1
split_00,0,train,2273,2430,0
split_00,0,train,2231,2382,0
split_00,0,train,3004,3270,0
split_00,0,train,1772,1841,0
split_00,0,train,544,559,1
split_00,0,train,605,620,1
split_00,0,train,117,119,1
split_00,0,train,106,108,1
split_00,0,train,650,668,1
split_00,0,train,2181,2325,0
split_00,0,train,1709,1768,0
split_00,0,train,1731,1792,0
split_00,0,train,353,362,1
split_00,0,train,2862,3113,0
split_00,0,train,627,643,1
split_00,0,train,1550,1587,1
split_00,0,train,2498,2684,0
split_00,0,train,2248,2401,0
split_00,0,train,2983,3246,0
split_00,0,train,1101,1133,1
split_00,0,train,2783,3024,0
split_00,0,train,967,993,1
split_00,0,train,842,863,1
split_00,0,train,303,311,1
split_00,0,train,2373,2544,0
split_00,0,train,3155,3444,0
split_00,0,train,3071,3349,0
split_00,0,train,2508,2694,0
split_00,0,train,1093,1125,1
split_00,0,train,1197,1232,1
split_00,0,train,2285,2449,0
split_00,0,train,2036,2159,0
split_00,0,train,1181,1216,1
split_00,0,train,2414,2593,0
split_00,0,train,708,727,1
split_00,0,train,2372,2543,0
split_00,0,train,318,326,1
split_00,0,train,860,881,1
split_00,0,train,1935,2032,0
split_00,0,train,714,733,1
split_00,0,train,2227,2378,0
split_00,0,train,234,240,1
split_00,0,train,2167,2309,0
split_00,0,train,2158,2298,0
split_00,0,train,311,319,1
split_00,0,train,1131,1165,1
split_00,0,train,835,856,1
split_00,0,train,2856,3106,0
split_00,0,train,2360,2531,0
split_00,0,train,910,935,1
split_00,0,train,594,609,1
split_00,0,train,3146,3431,0
split_00,0,train,1520,1557,1
split_00,0,train,1222,1257,1
split_00,0,train,417,426,1
split_00,0,train,256,262,1
split_00,0,train,1974,2079,0
split_00,0,train,615,630,1
split_00,0,train,46,48,1
split_00,0,train,1258,1293,1
split_00,0,train,2097,2232,0
split_00,0,train,1794,1870,0
split_00,0,train,2450,2635,0
split_00,0,train,3016,3284,0
split_00,0,train,707,726,1
split_00,0,train,148,151,1
split_00,0,train,2755,2992,0
split_00,0,train,2698,2930,0
split_00,0,train,631,648,1
split_00,0,train,1718,1778,0
split_00,0,train,2919,3173,0
split_00,0,train,242,248,1
split_00,0,train,2229,2380,0
split_00,0,train,2430,2611,0
split_00,0,train,2585,2790,0
split_00,0,train,698,717,1
split_00,0,train,2444,2629,0
split_00,0,train,2712,2944,0
split_00,0,train,170,174,1
split_00,0,train,830,851,1
split_00,0,train,1687,1745,0
split_00,0,train,661,679,1
split_00,0,train,525,537,1
split_00,0,train,1225,1260,1
split_00,0,train,2094,2229,0
split_00,0,train,2688,2918,0
split_00,0,train,1228,1263,1
split_00,0,train,2703,2935,0
split_00,0,train,724,743,1
split_00,0,train,744,764,1
split_00,0,train,1459,1496,1
split_00,0,train,2435,2617,0
split_00,0,train,2716,2948,0
split_00,0,train,2353,2524,0
split_00,0,train,2029,2152,0
split_00,0,train,572,587,1
split_00,0,train,511,522,1
split_00,0,train,1764,1831,0
split_00,0,train,580,595,1
split_00,0,train,1769,1838,0
split_00,0,train,1129,1162,1
split_00,0,train,1915,2011,0
split_00,0,train,2660,2884,0
split_00,0,train,2342,2513,0
split_00,0,train,260,266,1
split_00,0,train,2602,2815,0
split_00,0,train,2776,3017,0
split_00,0,train,1503,1540,1
split_00,0,train,1514,1551,1
split_00,0,train,1081,1111,1
split_00,0,train,2344,2515,0
split_00,0,train,323,331,1
split_00,0,train,1911,2007,0
split_00,0,train,329,337,1
split_00,0,train,609,624,1
split_00,0,train,2594,2800,0
split_00,0,train,48,50,1
split_00,0,train,1967,2071,0
split_00,0,train,1582,1621,1
split_00,0,train,2900,3152,0
split_00,0,train,230,236,1
split_00,0,train,1102,1134,1
split_00,0,train,2519,2713,0
split_00,0,train,2745,2981,0
split_00,0,train,107,109,1
split_00,0,train,2906,3159,0
split_00,0,train,490,500,1
split_00,0,train,336,345,1
split_00,0,train,880,902,1
split_00,0,train,819,840,1
split_00,0,train,481,491,1
split_00,0,train,643,660,1
split_00,0,train,2209,2359,0
split_00,0,train,1780,1853,0
split_00,0,train,1649,1703,1
split_00,0,train,1497,1534,1
split_00,0,train,1089,1120,1
split_00,0,train,1768,1837,0
split_00,0,train,934,960,1
split_00,0,train,2153,2293,0
split_00,0,train,27,28,1
split_00,0,train,2878,3129,0
split_00,0,train,1620,1665,1
split_00,0,train,463,473,1
split_00,0,train,2259,2414,0
split_00,0,train,1719,1779,0
split_00,0,train,743,763,1
split_00,0,train,2385,2561,0
split_00,0,train,1226,1261,1
split_00,0,train,2176,2318,0
split_00,0,train,1923,2019,0
split_00,0,train,1892,1983,0
split_00,0,train,781,802,1
split_00,0,train,18,19,1
split_00,0,train,2564,2765,0
split_00,0,train,801,822,1
split_00,0,train,960,986,1
split_00,0,train,2178,2320,0
split_00,0,train,1516,1553,1
split_00,0,train,1075,1104,1
split_00,0,train,576,591,1
split_00,0,train,2530,2724,0
split_00,0,train,852,873,1
split_00,0,train,2824,3070,0
split_00,0,train,2620,2836,0
split_00,0,train,1809,1887,0
split_00,0,train,2537,2732,0
split_00,0,train,2805,3049,0
split_00,0,train,718,737,1
split_00,0,train,1821,1901,0
split_00,0,train,1839,1921,0
split_00,0,train,1758,1825,0
split_00,0,train,1962,2066,0
split_00,0,train,2603,2816,0
split_00,0,train,516,527,1
split_00,0,train,962,988,1
split_00,0,train,129,131,1
split_00,0,train,3037,3309,0
split_00,0,train,2171,2313,0
split_00,0,train,675,693,1
split_00,0,train,3123,3406,0
split_00,0,train,2299,2467,0
split_00,0,train,1000,1027,1
split_00,0,train,2492,2678,0
split_00,0,train,2845,3094,0
split_00,0,train,2722,2955,0
split_00,0,train,1061,1090,1
split_00,0,train,1354,1390,1
split_00,0,train,1861,1948,0
split_00,0,train,1403,1439,1
split_00,0,train,562,577,1
split_00,0,train,407,416,1
split_00,0,train,2579,2784,0
split_00,0,train,1306,1341,1
split_00,0,train,1015,1043,1
split_00,0,train,2730,2964,0
split_00,0,train,764,785,1
split_00,0,train,2679,2907,0
split_00,0,train,683,701,1
split_00,0,train,477,487,1
split_00,0,train,1557,1594,1
split_00,0,train,3046,3320,0
split_00,0,train,560,575,1
split_00,0,train,1420,1457,1
split_00,0,train,219,225,1
split_00,0,train,2249,2402,0
split_00,0,train,55,57,1
split_00,0,train,1646,1696,1
split_00,0,train,2681,2910,0
split_00,0,train,2930,3186,0
split_00,0,train,2415,2594,0
split_00,0,train,1043,1071,1
split_00,0,train,1848,1933,0
split_00,0,train,186,190,1
split_00,0,train,723,742,1
split_00,0,train,1077,1106,1
split_00,0,train,854,875,1
split_00,0,train,2003,2113,0
split_00,0,train,3031,3301,0
split_00,0,train,340,349,1
split_00,0,train,853,874,1
split_00,0,train,1413,1449,1
split_00,0,train,1262,1297,1
split_00,0,train,2943,3200,0
split_00,0,train,94,96,1
split_00,0,train,2975,3235,0
split_00,0,train,1488,1525,1
split_00,0,train,475,485,1
split_00,0,train,2769,3010,0
split_00,0,train,1860,1947,0
split_00,0,train,183,187,1
split_00,0,train,2406,2585,0
split_00,0,train,297,305,1
split_00,0,train,1812,1890,0
split_00,0,train,2714,2946,0
split_00,0,train,884,906,1
split_00,0,train,2948,3205,0
split_00,0,train,2400,2577,0
split_00,0,train,2268,2425,0
split_00,0,train,505,516,1
split_00,0,train,257,263,1
split_00,0,train,17,18,1
split_00,0,train,272,279,1
split_00,0,train,3006,3272,0
split_00,0,train,1981,2087,0
split_00,0,train,130,132,1
split_00,0,train,1754,1821,0
split_00,0,train,2101,2236,0
split_00,0,train,1385,1421,1
split_00,0,train,1028,1056,1
split_00,0,train,2052,2177,0
split_00,0,train,64,66,1
split_00,0,train,932,958,1
split_00,0,train,354,363,1
split_00,0,train,1298,1333,1
split_00,0,train,2992,3256,0
split_00,0,train,1746,1812,0
split_00,0,train,1133,1167,1
split_00,0,train,2723,2956,0
split_00,0,train,320,328,1
split_00,0,train,1938,2036,0
split_00,0,train,1657,1711,1
split_00,0,train,188,192,1
split_00,0,train,2726,2959,0
split_00,0,train,2871,3122,0
split_00,0,train,840,861,1
split_00,0,train,2203,2352,0
split_00,0,train,1090,1122,1
split_00,0,train,202,208,1
split_00,0,train,2194,2340,0
split_00,0,train,1062,1091,1
split_00,0,train,721,740,1
split_00,0,train,42,44,1
split_00,0,train,1221,1256,1
split_00,0,train,1722,1782,0
split_00,0,train,451,461,1
split_00,0,train,794,815,1
split_00,0,train,1724,1784,0
split_00,0,train,164,168,1
split_00,0,train,593,608,1
split_00,0,train,113,115,1
split_00,0,train,1110,1143,1
split_00,0,train,532,545,1
split_00,0,train,3024,3293,0
split_00,0,train,344,353,1
split_00,0,train,2039,2162,0
split_00,0,train,807,828,1
split_00,0,train,2486,2672,0
split_00,0,train,2091,2225,0
split_00,0,train,2089,2223,0
split_00,0,train,1916,2012,0
split_00,0,train,2084,2216,0
split_00,0,train,805,826,1
split_00,0,train,2562,2763,0
split_00,0,train,2141,2279,0
split_00,0,train,1173,1208,1
split_00,0,train,1711,1771,0
split_00,0,train,1407,1443,1
split_00,0,train,1612,1653,1
split_00,0,train,2050,2175,0
split_00,0,train,195,201,1
split_00,0,train,370,379,1
split_00,0,train,2695,2927,0
split_00,0,train,325,333,1
split_00,0,train,1576,1613,1
split_00,0,train,2027,2150,0
split_00,0,train,2819,3065,0
split_00,0,train,43,45,1
split_00,0,train,157,161,1
split_00,0,train,2713,2945,0
split_00,0,train,2742,2978,0
split_00,0,train,486,496,1
split_00,0,train,2514,2702,0
split_00,0,train,1891,1982,0
split_00,0,train,2607,2820,0
split_00,0,train,456,466,1
split_00,0,train,2978,3238,0
split_00,0,train,1057,1086,1
split_00,0,train,2531,2725,0
split_00,0,train,859,880,1
split_00,0,train,3128,3413,0
split_00,0,train,1834,1915,0
split_00,0,train,2847,3096,0
split_00,0,train,1970,2075,0
split_00,0,train,2346,2517,0
split_00,0,train,2820,3066,0
split_00,0,train,2246,2399,0
split_00,0,train,1449,1486,1
split_00,0,train,1858,1945,0
split_00,0,train,1177,1212,1
split_00,0,train,996,1023,1
split_00,0,train,753,774,1
split_00,0,train,845,866,1
split_00,0,train,1689,1747,0
split_00,0,train,2619,2835,0
split_00,0,train,1936,2034,0
split_00,0,train,1682,1739,0
split_00,0,train,306,314,1
split_00,0,train,1350,1386,1
split_00,0,train,498,509,1
split_00,0,train,595,610,1
split_00,0,train,2283,2442,0
split_00,0,train,187,191,1
split_00,0,train,2433,2615,0
split_00,0,train,494,505,1
split_00,0,train,2717,2949,0
split_00,0,train,2300,2468,0
split_00,0,train,1095,1127,1
split_00,0,train,1782,1855,0
split_00,0,train,2062,2190,0
split_00,0,train,2493,2679,0
split_00,0,train,3096,3377,0
split_00,0,train,2987,3251,0
split_00,0,train,399,408,1
split_00,0,train,2388,2564,0
split_00,0,train,820,841,1
split_00,0,train,2337,2507,0
split_00,0,train,1125,1158,1
split_00,0,train,35,36,1
split_00,0,train,877,899,1
split_00,0,train,2646,2868,0
split_00,0,train,2889,3140,0
split_00,0,train,295,303,1
split_00,0,train,1662,1716,1
split_00,0,train,1679,1733,1
split_00,0,train,1815,1894,0
split_00,0,train,1865,1953,0
split_00,0,train,1870,1960,0
split_00,0,train,3112,3395,0
split_00,0,train,938,964,1
split_00,0,train,1022,1050,1
split_00,0,train,1976,2081,0
split_00,0,train,2461,2646,0
split_00,0,train,706,725,1
split_00,0,train,3027,3297,0
split_00,0,train,986,1013,1
split_00,0,train,2952,3209,0
split_00,0,train,1748,1814,0
split_00,0,train,1752,1819,0
split_00,0,train,2075,2207,0
split_00,0,train,2316,2485,0
split_00,0,train,1276,1311,1
split_00,0,train,1326,1361,1
split_00,0,train,1251,1286,1
split_00,0,train,1431,1468,1
split_00,0,train,696,714,1
split_00,0,train,582,597,1
split_00,0,train,184,188,1
split_00,0,train,263,269,1
split_00,0,train,124,126,1
split_00,0,train,1121,1154,1
split_00,0,train,2506,2692,0
split_00,0,train,2909,3163,0
split_00,0,train,480,490,1
split_00,0,train,1972,2077,0
split_00,0,train,937,963,1
split_00,0,train,2999,3264,0
split_00,0,train,2407,2586,0
split_00,0,train,158,162,1
split_00,0,train,1335,1370,1
split_00,0,train,1961,2065,0
split_00,0,train,693,711,1
split_00,0,train,254,260,1
split_00,0,train,1203,1238,1
split_00,0,train,1721,1781,0
split_00,0,train,229,235,1
split_00,0,train,3148,3433,0
split_00,0,train,2392,2568,0
split_00,0,train,766,787,1
split_00,0,train,866,888,1
split_00,0,train,1155,1189,1
split_00,0,train,700,719,1
split_00,0,train,2138,2276,0
split_00,0,train,161,165,1
split_00,0,train,726,746,1
split_00,0,train,1429,1466,1
split_00,0,train,1183,1218,1
split_00,0,train,1194,1229,1
split_00,0,train,31,32,1
split_00,0,train,1236,1271,1
split_00,0,train,2237,2389,0
split_00,0,train,2764,3005,0
split_00,0,train,332,340,1
split_00,0,train,3105,3388,0
split_00,0,train,826,847,1
split_00,0,train,1456,1493,1
split_00,0,train,3097,3378,0
split_00,0,train,2377,2552,0
split_00,0,train,2837,3085,0
split_00,0,train,3062,3340,0
split_00,0,train,485,495,1
split_00,0,train,833,854,1
split_00,0,train,1663,1717,1
split_00,0,train,2301,2470,0
split_00,0,train,578,593,1
split_00,0,train,662,680,1
split_00,0,train,628,644,1
split_00,0,train,1462,1499,1
split_00,0,train,2825,3071,0
split_00,0,train,618,633,1
split_00,0,train,58,60,1
split_00,0,train,3010,3278,0
split_00,0,train,867,889,1
split_00,0,train,2235,2386,0
split_00,0,train,3018,3287,0
split_00,0,train,2876,3127,0
split_00,0,train,905,929,1
split_00,0,train,2496,2682,0
split_00,0,train,1411,1447,1
split_00,0,train,925,951,1
split_00,0,train,1481,1518,1
split_00,0,train,978,1005,1
split_00,0,train,449,459,1
split_00,0,train,1654,1708,1
split_00,0,train,922,948,1
split_00,0,train,1163,1198,1
split_00,0,train,1652,1706,1
split_00,0,train,1851,1937,0
split_00,0,train,3164,3460,0
split_00,0,train,214,220,1
split_00,0,train,1451,1488,1
split_00,0,train,502,513,1
split_00,0,train,249,255,1
split_00,0,train,1382,1418,1
split_00,0,train,56,58,1
split_00,0,train,838,859,1
split_00,0,train,151,155,1
split_00,0,train,2721,2954,0
split_00,0,train,2591,2797,0
split_00,0,train,75,77,1
split_00,0,train,1073,1102,1
split_00,0,train,712,731,1
split_00,0,train,1387,1423,1
split_00,0,train,2127,2263,0
split_00,0,train,326,334,1
split_00,0,train,719,738,1
split_00,0,train,2584,2789,0
split_00,0,train,392,401,1
split_00,0,train,667,685,1
split_00,0,train,1042,1070,1
split_00,0,train,1086,1116,1
split_00,0,train,658,676,1
split_00,0,train,2441,2626,0
split_00,0,train,2049,2174,0
split_00,0,train,1378,1414,1
split_00,0,train,2567,2769,0
split_00,0,train,276,283,1
split_00,0,train,2323,2492,0
split_00,0,train,3030,3300,0
split_00,0,train,1432,1469,1
split_00,0,train,2490,2676,0
split_00,0,train,784,805,1
split_00,0,train,2037,2160,0
split_00,0,train,2045,2169,0
split_00,0,train,2232,2383,0
split_00,0,train,517,528,1
split_00,0,train,827,848,1
split_00,0,train,493,504,1
split_00,0,train,2228,2379,0
split_00,0,train,373,382,1
split_00,0,train,1871,1961,0
split_00,0,train,2130,2266,0
split_00,0,train,2213,2364,0
split_00,0,train,1738,1800,0
split_00,0,train,540,554,1
split_00,0,train,1318,1353,1
split_00,0,train,1947,2047,0
split_00,0,train,2129,2265,0
split_00,0,train,1540,1577,1
split_00,0,train,2597,2806,0
split_00,0,train,3149,3435,0
split_00,0,train,2916,3170,0
split_00,0,train,1038,1066,1
split_00,0,train,2241,2393,0
split_00,0,train,3063,3341,0
split_00,0,train,503,514,1
split_00,0,train,330,338,1
split_00,0,train,1508,1545,1
split_00,0,train,2972,3232,0
split_00,0,train,1773,1842,0
split_00,0,train,1386,1422,1
split_00,0,train,1629,1677,1
split_00,0,train,765,786,1
split_00,0,train,2687,2917,0
split_00,0,train,471,481,1
split_00,0,train,292,300,1
split_00,0,train,1918,2014,0
split_00,0,train,1149,1183,1
split_00,0,train,111,113,1
split_00,0,train,1952,2053,0
split_00,0,train,872,894,1
split_00,0,train,2960,3218,0
split_00,0,train,869,891,1
split_00,0,train,1684,1741,0
split_00,0,train,1515,1552,1
split_00,0,train,1392,1428,1
split_00,0,train,1071,1100,1
split_00,0,train,1836,1917,0
split_00,0,train,211,217,1
split_00,0,train,1614,1657,1
split_00,0,train,1845,1930,0
split_00,0,train,1230,1265,1
split_00,0,train,1531,1568,1
split_00,0,train,1864,1951,0
split_00,0,train,2625,2843,0
split_00,0,train,1955,2056,0
split_00,0,train,2162,2304,0
split_00,0,train,482,492,1
split_00,0,train,428,437,1
split_00,0,train,227,233,1
split_00,0,train,656,674,1
split_00,0,train,1546,1583,1
split_00,0,train,1928,2025,0
split_00,0,train,478,488,1
split_00,0,train,1888,1979,0
split_00,0,train,23,24,1
split_00,0,train,2600,2812,0
split_00,0,train,1504,1541,1
split_00,0,train,1154,1188,1
split_00,0,train,1018,1046,1
split_00,0,train,2413,2592,0
split_00,0,train,2643,2865,0
split_00,0,train,1439,1476,1
split_00,0,train,1569,1606,1
split_00,0,train,3153,3440,0
split_00,0,train,1838,1920,0
split_00,0,train,782,803,1
split_00,0,train,1712,1772,0
split_00,0,train,1930,2027,0
split_00,0,train,2590,2796,0
split_00,0,train,243,249,1
split_00,0,train,2354,2525,0
split_00,0,train,1023,1051,1
split_00,0,train,2073,2205,0
split_00,0,train,1132,1166,1
split_00,0,train,1994,2104,0
split_00,0,train,102,104,1
split_00,0,train,1906,2002,0
split_00,0,train,321,329,1
split_00,0,train,900,923,1
split_00,0,train,2968,3228,0
split_00,0,train,2128,2264,0
split_00,0,train,653,671,1
split_00,0,train,1761,1828,0
split_00,0,train,1873,1963,0
split_00,0,train,1977,2082,0
split_00,0,train,897,919,1
split_00,0,train,831,852,1
split_00,0,train,3083,3362,0
split_00,0,train,1464,1501,1
split_00,0,train,2341,2512,0
split_00,0,train,2289,2453,0
split_00,0,train,530,543,1
split_00,0,train,2545,2741,0
split_00,0,train,2115,2250,0
split_00,0,train,940,966,1
split_00,0,train,160,164,1
split_00,0,train,510,521,1
split_00,0,train,1305,1340,1
split_00,0,train,1160,1195,1
split_00,0,train,2804,3048,0
split_00,0,train,2841,3090,0
split_00,0,train,2402,2580,0
split_00,0,train,1021,1049,1
split_00,0,train,2586,2791,0
split_00,0,train,2565,2767,0
split_00,0,train,1556,1593,1
split_00,0,train,2355,2526,0
split_00,0,train,2706,2938,0
split_00,0,train,542,556,1
split_00,0,train,29,30,1
split_00,0,train,1352,1388,1
split_00,0,train,1796,1872,0
split_00,0,train,2125,2261,0
split_00,0,train,467,477,1
split_00,0,train,2499,2685,0
split_00,0,train,1645,1695,1
split_00,0,train,1785,1858,0
split_00,0,train,3158,3448,0
split_00,0,train,1957,2060,0
split_00,0,train,2618,2834,0
split_00,0,train,3051,3327,0
split_00,0,train,131,133,1
split_00,0,train,3108,3391,0
split_00,0,train,1288,1323,1
split_00,0,train,2314,2483,0
split_00,0,train,338,347,1
split_00,0,train,2858,3108,0
split_00,0,train,1139,1173,1
split_00,0,train,2104,2239,0
split_00,0,train,1220,1255,1
split_00,0,train,1195,1230,1
split_00,0,train,2782,3023,0
split_00,0,train,995,1022,1
split_00,0,train,2155,2295,0
split_00,0,train,3009,3277,0
split_00,0,train,1884,1974,0
split_00,0,train,1440,1477,1
split_00,0,train,3168,3464,0
split_00,0,train,3078,3357,0
split_00,0,train,1198,1233,1
split_00,0,train,2612,2826,0
split_00,0,train,736,756,1
split_00,0,train,3160,3450,0
split_00,0,train,1704,1763,0
split_00,0,train,895,917,1
split_00,0,train,612,627,1
split_00,0,train,1980,2085,0
split_00,0,train,258,264,1
split_00,0,train,387,396,1
split_00,0,train,3065,3343,0
split_00,0,train,98,100,1
split_00,0,train,2224,2375,0
split_00,0,train,208,214,1
split_00,0,train,501,512,1
split_00,0,train,1044,1072,1
split_00,0,train,3064,3342,0
split_00,0,train,2008,2124,0
split_00,0,train,1046,1074,1
split_00,0,train,1321,1356,1
split_00,0,train,887,909,1
split_00,0,train,2772,3013,0
split_00,0,train,649,667,1
split_00,0,train,464,474,1
split_00,0,train,637,654,1
split_00,0,train,2548,2744,0
split_00,0,train,564,579,1
split_00,0,train,2883,3134,0
split_00,0,train,2870,3121,0
split_00,0,train,890,912,1
split_00,0,train,2702,2934,0
split_00,0,train,1788,1861,0
split_00,0,train,2265,2421,0
split_00,0,train,1804,1881,0
split_00,0,train,1506,1543,1
split_00,0,train,1774,1846,0
split_00,0,train,1501,1538,1
split_00,0,train,3114,3397,0
split_00,0,train,2296,2460,0
split_00,0,train,2423,2603,0
split_00,0,train,1036,1064,1
split_00,0,train,2177,2319,0
split_00,0,train,1223,1258,1
split_00,0,train,536,549,1
split_00,0,train,1837,1918,0
split_00,0,train,1987,2094,0
split_00,0,train,1383,1419,1
split_00,0,train,333,342,1
split_00,0,train,1164,1199,1
split_00,0,train,391,400,1
split_00,0,train,557,572,1
split_00,0,train,281,288,1
split_00,0,train,118,120,1
split_00,0,train,2157,2297,0
split_00,0,train,87,89,1
split_00,0,train,2932,3188,0
split_00,0,train,788,809,1
split_00,0,train,1179,1214,1
split_00,0,train,2251,2404,0
split_00,0,train,1897,1989,0
split_00,0,train,2234,2385,0
split_00,0,train,76,78,1
split_00,0,train,2588,2793,0
split_00,0,train,2945,3202,0
split_00,0,train,2570,2773,0
split_00,0,train,1849,1935,0
split_00,0,train,1703,1762,0
split_00,0,train,2926,3182,0
split_00,0,train,2848,3097,0
split_00,0,train,2150,2289,0
split_00,0,train,1777,1849,0
split_00,0,train,1655,1709,1
split_00,0,train,1300,1335,1
split_00,0,train,2910,3164,0
split_00,0,train,901,924,1
split_00,0,train,422,431,1
split_00,0,train,155,159,1
split_00,0,train,824,845,1
split_00,0,train,1868,1957,0
split_00,0,train,2509,2695,0
split_00,0,train,999,1026,1
split_00,0,train,1806,1883,0
split_00,0,train,196,202,1
split_00,0,train,2212,2362,0
split_00,0,train,133,136,1
split_00,0,train,763,784,1
split_00,0,train,2954,3211,0
split_00,0,train,1807,1884,0
split_00,0,train,379,388,1
split_00,0,train,2002,2112,0
split_00,0,train,923,949,1
split_00,0,train,1750,1817,0
split_00,0,train,2664,2888,0
split_00,0,train,84,86,1
split_00,0,train,939,965,1
split_00,0,train,3161,3457,0
split_00,0,train,439,448,1
split_00,0,train,497,508,1
split_00,0,train,2677,2904,0
split_00,0,train,566,581,1
split_00,0,train,789,810,1
split_00,0,train,652,670,1
split_00,0,train,559,574,1
split_00,0,train,204,210,1
split_00,0,train,3125,3409,0
split_00,0,train,3072,3350,0
split_00,0,train,252,258,1
split_00,0,train,2334,2504,0
split_00,0,train,32,33,1
split_00,0,train,629,645,1
split_00,0,train,2440,2623,0
split_00,0,train,324,332,1
split_00,0,train,2757,2995,0
split_00,0,train,2371,2542,0
split_00,0,train,646,664,1
split_00,0,train,3095,3376,0
split_00,0,train,735,755,1
split_00,0,train,581,596,1
split_00,0,train,2707,2939,0
split_00,0,train,968,994,1
split_00,0,train,2376,2550,0
split_00,0,train,2294,2458,0
split_00,0,train,1914,2010,0
split_00,0,train,531,544,1
split_00,0,train,2801,3045,0
split_00,0,train,47,49,1
split_00,0,train,199,205,1
split_00,0,train,235,241,1
split_00,0,train,2217,2368,0
split_00,0,train,2324,2493,0
split_00,0,train,2516,2708,0
split_00,0,train,1627,1675,1
split_00,0,train,769,790,1
split_00,0,train,1114,1147,1
split_00,0,train,2483,2669,0
split_00,0,train,60,62,1
split_00,0,train,1588,1627,1
split_00,0,train,1904,1999,0
split_00,0,train,1728,1788,0
split_00,0,train,586,601,1
split_00,0,train,1361,1397,1
split_00,0,train,103,105,1
split_00,0,train,991,1018,1
split_00,0,train,2282,2441,0
split_00,0,train,3116,3399,0
split_00,0,train,1322,1357,1
split_00,0,train,1065,1094,1
split_00,0,train,1252,1287,1
split_00,0,train,2859,3109,0
split_00,0,train,3073,3352,0
split_00,0,train,2547,2743,0
split_00,0,train,2043,2167,0
split_00,0,train,2144,2282,0
split_00,0,train,3098,3379,0
split_00,0,train,1076,1105,1
split_00,0,train,3057,3335,0
split_00,0,train,2122,2258,0
split_00,0,train,2185,2329,0
split_00,0,train,2892,3144,0
split_00,0,train,356,365,1
split_00,0,train,1363,1399,1
split_00,0,train,1412,1448,1
split_00,0,train,1151,1185,1
split_00,0,train,63,65,1
split_00,0,train,2798,3042,0
split_00,0,train,2662,2886,0
split_00,0,train,433,442,1
split_00,0,train,2907,3161,0
split_00,0,train,3066,3344,0
split_00,0,train,104,106,1
split_00,0,train,225,231,1
split_00,0,train,0,1,1
split_00,0,train,143,146,1
split_00,0,train,231,237,1
split_00,0,train,722,741,1
split_00,0,train,2879,3130,0
split_00,0,train,1490,1527,1
split_00,0,train,2215,2366,0
split_00,0,train,673,691,1
split_00,0,train,2896,3148,0
split_00,0,train,3056,3334,0
split_00,0,train,567,582,1
split_00,0,train,2524,2718,0
split_00,0,train,2658,2882,0
split_00,0,train,1068,1097,1
split_00,0,train,2785,3027,0
split_00,0,train,1543,1580,1
split_00,0,train,2124,2260,0
split_00,0,train,2179,2321,0
split_00,0,train,2990,3254,0
split_00,0,train,2108,2243,0
split_00,0,train,1190,1225,1
split_00,0,train,811,832,1
split_00,0,train,2738,2974,0
split_00,0,train,2690,2920,0
split_00,0,train,793,814,1
split_00,0,train,2831,3079,0
split_00,0,train,2001,2111,0
split_00,0,train,2028,2151,0
split_00,0,train,2758,2996,0
split_00,0,train,2651,2873,0
split_00,0,train,1055,1083,1
split_00,0,train,90,92,1
split_00,0,train,2198,2345,0
split_00,0,train,2053,2178,0
split_00,0,train,797,818,1
split_00,0,train,2956,3213,0
split_00,0,train,2544,2740,0
split_00,0,train,3069,3347,0
split_00,0,train,2106,2241,0
split_00,0,train,2315,2484,0
split_00,0,train,1953,2054,0
split_00,0,train,3075,3354,0
split_00,0,train,1710,1770,0
split_00,0,train,2927,3183,0
split_00,0,train,1118,1151,1
split_00,0,train,679,697,1
split_00,0,train,134,137,1
split_00,0,train,424,433,1
split_00,0,train,474,484,1
split_00,0,train,1656,1710,1
split_00,0,train,1184,1219,1
split_00,0,train,626,642,1
split_00,0,train,846,867,1
split_00,0,train,296,304,1
split_00,0,train,1091,1123,1
split_00,0,train,172,176,1
split_00,0,train,2357,2528,0
split_00,0,train,2035,2158,0
split_00,0,train,1180,1215,1
split_00,0,train,147,150,1
split_00,0,train,1338,1374,1
split_00,0,train,255,261,1
split_00,0,train,1446,1483,1
split_00,0,train,1789,1864,0
split_00,0,train,2938,3195,0
split_00,0,train,751,772,1
split_00,0,train,1707,1766,0
split_00,0,train,479,489,1
split_00,0,train,2271,2428,0
split_00,0,train,2569,2772,0
split_00,0,train,2109,2244,0
split_00,0,train,875,897,1
split_00,0,train,1210,1245,1
split_00,0,train,509,520,1
split_00,0,train,2464,2650,0
split_00,0,train,2760,2998,0
split_00,0,train,1698,1757,0
split_00,0,train,1822,1902,0
split_00,0,train,2207,2357,0
split_00,0,train,2087,2221,0
split_00,0,train,1597,1636,1
split_00,0,train,2538,2733,0
split_00,0,train,403,412,1
split_00,0,train,261,267,1
split_00,0,train,554,569,1
split_00,0,train,2110,2245,0
split_00,0,train,1642,1692,1
split_00,0,train,462,472,1
split_00,0,train,2617,2833,0
split_00,0,train,1286,1321,1
split_00,0,train,1171,1206,1
split_00,0,train,2051,2176,0
split_00,0,train,710,729,1
split_00,0,train,2872,3123,0
split_00,0,train,2728,2962,0
split_00,0,train,1060,1089,1
split_00,0,train,1472,1509,1
split_00,0,train,412,421,1
split_00,0,train,1419,1456,1
split_00,0,train,2778,3019,0
split_00,0,train,2596,2805,0
split_00,0,train,3033,3304,0
split_00,0,train,123,125,1
split_00,0,train,779,800,1
split_00,0,train,558,573,1
split_00,0,train,319,327,1
split_00,0,train,1502,1539,1
split_00,0,train,1526,1563,1
split_00,0,train,774,795,1
split_00,0,train,758,779,1
split_00,0,train,2521,2715,0
split_00,0,train,11,12,1
split_00,0,train,2961,3219,0
split_00,0,train,1743,1808,0
split_00,0,train,2134,2271,0
split_00,0,train,616,631,1
split_00,0,train,1811,1889,0
split_00,0,train,948,974,1
split_00,0,train,1461,1498,1
split_00,0,train,1340,1376,1
split_00,0,train,2195,2341,0
split_00,0,train,2090,2224,0
split_00,0,train,1235,1270,1
split_00,0,train,455,465,1
split_00,0,train,1565,1602,1
split_00,0,train,171,175,1
split_00,0,train,1668,1722,1
split_00,0,train,57,59,1
split_00,0,train,1291,1326,1
split_00,0,train,2116,2252,0
split_00,0,train,2263,2419,0
split_00,0,train,2765,3006,0
split_00,0,train,577,592,1
split_00,0,train,1289,1324,1
split_00,0,train,3119,3402,0
split_00,0,train,2005,2116,0
split_00,0,train,2808,3053,0
split_00,0,train,2458,2643,0
split_00,0,train,2412,2591,0
split_00,0,train,843,864,1
split_00,0,train,1883,1973,0
split_00,0,train,2811,3056,0
split_00,0,train,197,203,1
split_00,0,train,200,206,1
split_00,0,train,1263,1298,1
split_00,0,train,1237,1272,1
split_00,0,train,837,858,1
split_00,0,train,1213,1248,1
split_00,0,train,2421,2601,0
split_00,0,train,2085,2218,0
split_00,0,train,1586,1625,1
split_00,0,train,1074,1103,1
split_00,0,train,2773,3014,0
split_00,0,train,1999,2109,0
split_00,0,train,465,475,1
split_00,0,train,2040,2164,0
split_00,0,train,2383,2559,0
split_00,0,train,1414,1450,1
split_00,0,train,2656,2880,0
split_00,0,train,2817,3063,0
split_00,0,train,2437,2619,0
split_00,0,train,2667,2893,0
split_00,0,train,2348,2519,0
split_00,0,train,2680,2908,0
split_00,0,train,2781,3022,0
split_00,0,train,2855,3105,0
split_00,0,train,2846,3095,0
split_00,0,train,2148,2287,0
split_00,0,train,841,862,1
split_00,0,train,669,687,1
split_00,0,train,717,736,1
split_00,0,train,2006,2118,0
split_00,0,train,2033,2156,0
split_00,0,train,181,185,1
split_00,0,train,1279,1314,1
split_00,0,train,602,617,1
split_00,0,train,2451,2636,0
split_00,0,train,420,429,1
split_00,0,train,507,518,1
split_00,0,train,839,860,1
split_00,0,train,2925,3179,0
split_00,0,train,1374,1410,1
split_00,0,train,189,194,1
split_00,0,train,192,197,1
split_00,0,train,678,696,1
split_00,0,train,2333,2503,0
split_00,0,train,2901,3153,0
split_00,0,train,3111,3394,0
split_00,0,train,2070,2201,0
split_00,0,train,1092,1124,1
split_00,0,train,3092,3371,0
split_00,0,train,821,842,1
split_00,0,train,2604,2817,0
split_00,0,train,666,684,1
split_00,0,train,2014,2133,0
split_00,0,train,2264,2420,0
split_00,0,train,2522,2716,0
split_00,0,train,3079,3358,0
split_00,0,train,1156,1190,1
split_00,0,train,1124,1157,1
split_00,0,train,2645,2867,0
split_00,0,train,810,831,1
split_00,0,train,664,682,1
split_00,0,train,1012,1040,1
split_00,0,train,1323,1358,1
split_00,0,train,1292,1327,1
split_00,0,train,3109,3392,0
split_00,0,train,2205,2355,0
split_00,0,train,548,563,1
split_00,0,train,1400,1436,1
split_00,0,train,1334,1369,1
split_00,0,train,1734,1795,0
split_00,0,train,1359,1395,1
split_00,0,train,1898,1990,0
split_00,0,train,430,439,1
split_00,0,train,2546,2742,0
split_00,0,train,2580,2785,0
split_00,0,train,2262,2418,0
split_00,0,train,2103,2238,0
split_00,0,train,1239,1274,1
split_00,0,train,368,377,1
split_00,0,train,1452,1489,1
split_00,0,train,2096,2231,0
split_00,0,train,1925,2022,0
split_00,0,train,2201,2348,0
split_00,0,train,2426,2607,0
split_00,0,train,2425,2606,0
split_00,0,train,182,186,1
split_00,0,train,1735,1796,0
split_00,0,train,1890,1981,0
split_00,0,train,1805,1882,0
split_00,0,train,1390,1426,1
split_00,0,train,2750,2987,0
split_00,0,train,1737,1799,0
split_00,0,train,2939,3196,0
split_00,0,train,1034,1062,1
split_00,0,train,1130,1163,1
split_00,0,train,2347,2518,0
split_00,0,train,1549,1586,1
split_00,0,train,1033,1061,1
split_00,0,train,2924,3178,0
split_00,0,train,1348,1384,1
split_00,0,train,452,462,1
split_00,0,train,874,896,1
split_00,0,train,1011,1039,1
split_00,0,train,3099,3380,0
split_00,0,train,2689,2919,0
split_00,0,train,862,884,1
split_00,0,train,3059,3337,0
split_00,0,train,2258,2413,0
split_00,0,train,745,765,1
split_00,0,train,985,1012,1
split_00,0,train,3118,3401,0
split_00,0,train,372,381,1
split_00,0,train,1381,1417,1
split_00,0,train,389,398,1
split_00,0,train,961,987,1
split_00,0,train,1465,1502,1
split_00,0,train,2126,2262,0
split_00,0,train,2452,2637,0
split_00,0,train,2113,2248,0
split_00,0,train,376,385,1
split_00,0,train,711,730,1
split_00,0,train,97,99,1
split_00,0,train,2613,2827,0
split_00,0,train,1939,2037,0
split_00,0,train,178,182,1
split_00,0,train,313,321,1
split_00,0,train,1889,1980,0
split_00,0,train,2350,2521,0
split_00,0,train,1455,1492,1
split_00,0,train,1317,1352,1
split_00,0,train,630,646,1
split_00,0,train,1448,1485,1
split_00,0,train,2317,2486,0
split_00,0,train,2894,3146,0
split_00,0,train,1902,1997,0
split_00,0,train,648,666,1
split_00,0,train,1554,1591,1
split_00,0,train,1269,1304,1
split_00,0,train,851,872,1
split_00,0,train,1106,1139,1
split_00,0,train,496,507,1
split_00,0,train,1524,1561,1
split_00,0,train,1854,1940,0
split_00,0,train,876,898,1
split_00,0,train,62,64,1
split_00,0,train,72,74,1
split_00,0,train,1123,1156,1
split_00,0,train,1200,1235,1
split_00,0,train,1529,1566,1
split_00,0,train,2365,2536,0
split_00,0,train,1196,1231,1
split_00,0,train,271,278,1
split_00,0,train,1025,1053,1
split_00,0,train,69,71,1
split_00,0,train,2644,2866,0
split_00,0,train,1366,1402,1
split_00,0,train,2709,2941,0
split_00,0,train,927,953,1
split_00,0,train,266,272,1
split_00,0,train,3041,3314,0
split_00,0,train,1174,1209,1
split_00,0,train,949,975,1
split_00,0,train,2193,2339,0
split_00,0,train,1803,1880,0
split_00,0,train,1159,1194,1
split_00,0,train,92,94,1
split_00,0,train,3039,3311,0
split_00,0,train,393,402,1
split_00,0,train,639,656,1
split_00,0,train,2219,2370,0
split_00,0,train,761,782,1
split_00,0,train,772,793,1
split_00,0,train,2814,3059,0
split_00,0,train,1779,1852,0
split_00,0,train,1551,1588,1
split_00,0,train,1538,1575,1
split_00,0,train,568,583,1
split_00,0,train,856,877,1
split_00,0,train,1397,1433,1
split_00,0,train,2653,2877,0
split_00,0,train,2982,3245,0
split_00,0,train,402,411,1
split_00,0,train,2329,2498,0
split_00,0,train,1209,1244,1
split_00,0,train,431,440,1
split_00,0,train,1894,1986,0
split_00,0,train,828,849,1
split_00,0,train,640,657,1
split_00,0,train,976,1003,1
split_00,0,train,3068,3346,0
split_00,0,train,1353,1389,1
split_00,0,train,2454,2639,0
split_00,0,train,537,550,1
split_00,0,train,423,432,1
split_00,0,train,2500,2686,0
split_00,0,train,756,777,1
split_00,0,train,2408,2587,0
split_00,0,train,128,130,1
split_00,0,train,1165,1200,1
split_00,0,train,2018,2137,0
split_00,0,train,2532,2726,0
split_00,0,train,1716,1776,0
split_00,0,train,3021,3290,0
split_00,0,train,1617,1660,1
split_00,0,train,2979,3242,0
split_00,0,train,990,1017,1
split_00,0,train,2915,3169,0
split_00,0,train,100,102,1
split_00,0,train,3022,3291,0
split_00,0,train,1498,1535,1
split_00,0,train,488,498,1
split_00,0,train,2768,3009,0
split_00,0,train,992,1019,1
split_00,0,train,2649,2871,0
split_00,0,train,1047,1075,1
split_00,0,train,2302,2471,0
split_00,0,train,2967,3227,0
split_00,0,train,613,628,1
split_00,0,train,2445,2630,0
split_00,0,train,365,374,1
split_00,0,train,2988,3252,0
split_00,0,train,1470,1507,1
split_00,0,train,3150,3436,0
split_00,0,train,1895,1987,0
split_00,0,train,53,55,1
split_00,0,train,288,296,1
split_00,0,train,410,419,1
split_00,0,train,1438,1475,1
split_00,0,train,1162,1197,1
split_00,0,train,1105,1138,1
split_00,0,train,228,234,1
split_00,0,train,2295,2459,0
split_00,0,train,2011,2130,0
split_00,0,train,2384,2560,0
split_00,0,train,2630,2849,0
split_00,0,train,2216,2367,0
split_00,0,train,740,760,1
split_00,0,train,1079,1108,1
split_00,0,train,1539,1576,1
split_00,0,train,1521,1558,1
split_00,0,train,1587,1626,1
split_00,0,train,2881,3132,0
split_00,0,train,2599,2808,0
split_00,0,train,96,98,1
split_00,0,train,2419,2598,0
split_00,0,train,286,294,1
split_00,0,train,829,850,1
split_00,0,train,3134,3419,0
split_00,0,train,623,639,1
split_00,0,train,1798,1875,0
split_00,0,train,2632,2851,0
split_00,0,train,1479,1516,1
split_00,0,train,2362,2533,0
split_00,0,train,1819,1899,0
split_00,0,train,2055,2180,0
split_00,0,train,1477,1514,1
split_00,0,train,565,580,1
split_00,0,train,1986,2092,0
split_00,0,train,527,539,1
split_00,0,train,79,81,1
split_00,0,train,3005,3271,0
split_00,0,train,2381,2557,0
split_00,0,train,538,552,1
split_00,0,train,285,293,1
split_00,0,train,2642,2864,0
split_00,0,train,1495,1532,1
split_00,0,train,1243,1278,1
split_00,0,train,2614,2829,0
split_00,0,train,1825,1905,0
split_00,0,train,3159,3449,0
split_00,0,train,2647,2869,0
split_00,0,train,1242,1277,1
split_00,0,train,1978,2083,0
split_00,0,train,2715,2947,0
split_00,0,train,1989,2097,0
split_00,0,train,1399,1435,1
split_00,0,train,371,380,1
split_00,0,train,2042,2166,0
split_00,0,train,1255,1290,1
split_00,0,train,1741,1805,0
split_00,0,train,1666,1720,1
split_00,0,train,1990,2099,0
split_00,0,train,1844,1929,0
split_00,0,train,1430,1467,1
split_00,0,train,2657,2881,0
split_00,0,train,2140,2278,0
split_00,0,train,2507,2693,0
split_00,0,train,180,184,1
split_00,0,train,1140,1174,1
split_00,0,train,3145,3430,0
split_00,0,train,307,315,1
split_00,0,train,2573,2777,0
split_00,0,train,2166,2308,0
split_00,0,train,3142,3427,0
split_00,0,train,1297,1332,1
split_00,0,train,1757,1824,0
split_00,0,train,1277,1312,1
split_00,0,train,153,157,1
split_00,0,train,65,67,1
split_00,0,train,2574,2778,0
split_00,0,train,1924,2020,0
split_00,0,train,2340,2511,0
split_00,0,train,144,147,1
split_00,0,train,245,251,1
split_00,0,train,508,519,1
split_00,0,train,522,534,1
split_00,0,train,3154,3441,0
split_00,0,train,822,843,1
split_00,0,train,2012,2131,0
split_00,0,train,1031,1059,1
split_00,0,train,1879,1969,0
split_00,0,train,3029,3299,0
split_00,0,train,2849,3098,0
split_00,0,train,953,979,1
split_00,0,train,2981,3244,0
split_00,0,train,1330,1365,1
split_00,0,train,3061,3339,0
split_00,0,train,3019,3288,0
split_00,0,train,2601,2814,0
split_00,0,train,149,152,1
split_00,0,train,2993,3257,0
split_00,0,train,30,31,1
split_00,0,train,818,839,1
split_00,0,train,175,179,1
split_00,0,train,1817,1897,0
split_00,0,train,1875,1965,0
split_00,0,train,2180,2324,0
split_00,0,train,2487,2673,0
split_00,0,train,2460,2645,0
split_00,0,train,919,944,1
split_00,0,train,624,640,1
split_00,0,train,1395,1431,1
split_00,0,train,1628,1676,1
split_00,0,train,1475,1512,1
split_00,0,train,2844,3093,0
split_00,0,train,2852,3101,0
split_00,0,train,434,443,1
split_00,0,train,2882,3133,0
split_00,0,train,2310,2479,0
split_00,0,train,378,387,1
split_00,0,train,742,762,1
split_00,0,train,443,452,1
split_00,0,train,177,181,1
split_00,0,train,1004,1031,1
split_00,0,train,924,950,1
split_00,0,train,68,70,1
split_00,0,train,82,84,1
split_00,0,train,2165,2307,0
split_00,0,train,1872,1962,0
split_00,0,train,2970,3230,0
split_00,0,train,1115,1148,1
split_00,0,train,7,8,1
split_00,0,train,3131,3416,0
split_00,0,train,2589,2795,0
split_00,0,train,1469,1506,1
split_00,0,train,3067,3345,0
split_00,0,train,799,820,1
split_00,0,train,1639,1689,1
split_00,0,train,864,886,1
split_00,0,train,3162,3458,0
split_00,0,train,1929,2026,0
split_00,0,train,73,75,1
split_00,0,train,3138,3423,0
split_00,0,train,145,148,1
split_00,0,train,909,934,1
split_00,0,train,1616,1659,1
split_00,0,train,2523,2717,0
split_00,0,train,1537,1574,1
split_00,0,train,3102,3383,0
split_00,0,train,1618,1661,1
split_00,0,train,2466,2652,0
split_00,0,train,1248,1283,1
split_00,0,train,2488,2674,0
split_00,0,train,109,111,1
split_00,0,train,759,780,1
split_00,0,train,1273,1308,1
split_00,0,train,1528,1565,1
split_00,0,train,269,276,1
split_00,0,train,1270,1305,1
split_00,0,train,1580,1617,1
split_00,0,train,2145,2283,0
split_00,0,train,1969,2074,0
split_00,0,train,2479,2665,0
split_00,0,train,2818,3064,0
split_00,0,train,941,967,1
split_00,0,train,2156,2296,0
split_00,0,train,1996,2106,0
split_00,0,train,549,564,1
split_00,0,train,2512,2699,0
split_00,0,train,1907,2003,0
split_00,0,train,2897,3149,0
split_00,0,train,122,124,1
split_00,0,train,2239,2391,0
split_00,0,train,264,270,1
split_00,0,train,1983,2089,0
split_00,0,train,22,23,1
split_00,0,train,2807,3052,0
split_00,0,train,275,282,1
split_00,0,train,2136,2273,0
split_00,0,train,1319,1354,1
split_00,0,train,2218,2369,0
split_00,0,train,349,358,1
split_00,0,train,1344,1380,1
split_00,0,train,1876,1966,0
split_00,0,train,858,879,1
split_00,0,train,660,678,1
split_00,0,train,2465,2651,0
split_00,0,train,1908,2004,0
split_00,0,train,135,138,1
split_00,0,train,351,360,1
split_00,0,train,1094,1126,1
split_00,0,train,25,26,1
split_00,0,train,1014,1042,1
split_00,0,train,2304,2473,0
split_00,0,train,834,855,1
split_00,0,train,435,444,1
split_00,0,train,1603,1642,1
split_00,0,train,2030,2153,0
split_00,0,train,2672,2899,0
split_00,0,train,50,52,1
split_00,0,train,1144,1178,1
split_00,0,train,644,661,1
split_00,0,train,1946,2046,0
split_00,0,train,2504,2690,0
split_00,0,train,2940,3197,0
split_00,0,train,1406,1442,1
split_00,0,train,2905,3157,0
split_00,0,train,274,281,1
split_00,0,train,1982,2088,0
split_00,0,train,1032,1060,1
split_00,0,train,741,761,1
split_00,0,train,1128,1161,1
split_00,0,train,2964,3223,0
split_00,0,train,1020,1048,1
split_00,0,train,1100,1132,1
split_00,0,train,2438,2621,0
split_00,0,train,1749,1816,0
split_00,0,train,1408,1444,1
split_00,0,train,1231,1266,1
split_00,0,train,809,830,1
split_00,0,train,2911,3165,0
split_00,0,train,621,637,1
split_00,0,train,2277,2435,0
split_00,0,train,112,114,1
split_00,0,train,3011,3279,0
split_00,0,train,2941,3198,0
split_00,0,train,1753,1820,0
split_00,0,train,533,546,1
split_00,0,train,2826,3073,0
split_00,0,train,2673,2900,0
split_00,0,train,776,797,1
split_00,0,train,1786,1859,0
split_00,0,train,2678,2906,0
split_00,0,train,52,54,1
split_00,0,train,15,16,1
split_00,0,train,770,791,1
split_00,0,train,1660,1714,1
split_00,0,train,2034,2157,0
split_00,0,train,2147,2286,0
split_00,0,train,757,778,1
split_00,0,train,2359,2530,0
split_00,0,train,3,4,1
split_00,0,train,2624,2842,0
split_00,0,train,2356,2527,0
split_00,0,train,1070,1099,1
split_00,0,train,3052,3328,0
split_00,0,train,1049,1077,1
split_00,0,train,2007,2119,0
split_00,0,train,1001,1028,1
split_00,0,train,1458,1495,1
split_00,0,train,921,947,1
split_00,0,train,1067,1096,1
split_00,0,train,141,144,1
split_00,0,train,1384,1420,1
split_00,0,train,1466,1503,1
split_00,0,train,2279,2438,0
split_00,0,train,942,968,1
split_00,0,train,2240,2392,0
split_00,0,train,374,383,1
split_00,0,train,1927,2024,0
split_00,0,train,216,222,1
split_00,0,train,1138,1172,1
split_00,0,train,1677,1731,1
split_00,0,train,655,673,1
split_00,0,train,2411,2590,0
split_00,0,train,2031,2154,0
split_00,0,train,1964,2068,0
split_00,0,train,1304,1339,1
split_00,0,train,1751,1818,0
split_00,0,train,346,355,1
split_00,0,train,2095,2230,0
split_00,0,train,138,141,1
split_00,0,train,945,971,1
split_00,0,train,903,926,1
split_00,0,train,1878,1968,0
split_00,0,train,1205,1240,1
split_00,0,train,99,101,1
split_00,0,train,611,626,1
split_00,0,train,2830,3077,0
split_00,0,train,750,771,1
split_00,0,train,59,61,1
split_00,0,train,1434,1471,1
split_00,0,train,2436,2618,0
split_00,0,train,893,915,1
split_00,0,train,681,699,1
split_00,0,train,167,171,1
split_00,0,train,1166,1201,1
split_00,0,train,146,149,1
split_00,0,train,2369,2540,0
split_00,0,train,1310,1345,1
split_00,0,train,2184,2328,0
split_00,0,train,1485,1522,1
split_00,0,train,2260,2416,0
split_00,0,train,2463,2649,0
split_00,0,train,3014,3282,0
split_00,0,train,2913,3167,0
split_00,0,train,2453,2638,0
split_00,0,train,1295,1330,1
split_00,0,train,350,359,1
split_00,0,train,2791,3035,0
split_00,0,train,1082,1112,1
split_00,0,train,1311,1346,1
split_00,0,train,1048,1076,1
split_00,0,train,2364,2535,0
split_00,0,train,1052,1080,1
split_00,0,train,1436,1473,1
split_00,0,train,1066,1095,1
split_00,0,train,2985,3249,0
split_00,0,train,2099,2234,0
split_00,0,train,1351,1387,1
split_00,0,train,1391,1427,1
split_00,0,train,1816,1895,0
split_00,0,train,1958,2061,0
split_00,0,train,1690,1748,0
split_00,0,train,1534,1571,1
split_00,0,train,1006,1034,1
split_00,0,train,2813,3058,0
split_00,0,train,1661,1715,1
split_00,0,train,1103,1136,1
split_00,0,train,844,865,1
split_00,0,train,470,480,1
split_00,0,train,150,154,1
split_00,0,train,1182,1217,1
split_00,0,train,3141,3426,0
split_00,0,train,54,56,1
split_00,0,train,1827,1907,0
split_00,0,train,2671,2898,0
split_00,0,train,2335,2505,0
split_00,0,train,1489,1526,1
split_00,0,train,716,735,1
split_00,0,train,2066,2195,0
split_00,0,train,670,688,1
split_00,0,train,2853,3102,0
split_00,0,train,2318,2487,0
split_00,0,train,1141,1175,1
split_00,0,train,248,254,1
split_00,0,train,3127,3412,0
split_00,0,train,1856,1942,0
split_00,0,train,2476,2662,0
split_00,0,train,768,789,1
split_00,0,train,2583,2788,0
split_00,0,train,1615,1658,1
split_00,0,train,2380,2555,0
split_00,0,train,2850,3099,0
split_00,0,train,1696,1755,0
split_00,0,train,1944,2042,0
split_00,0,train,384,393,1
split_00,0,train,2622,2838,0
split_00,0,train,2788,3032,0
split_00,0,train,414,423,1
split_00,0,train,2160,2300,0
split_00,0,train,2754,2991,0
split_00,0,train,1960,2064,0
split_00,0,train,1800,1877,0
split_00,0,train,345,354,1
split_00,0,train,1824,1904,0
split_00,0,train,3104,3387,0
split_00,0,train,2914,3168,0
split_00,0,train,1473,1510,1
split_00,0,train,1747,1813,0
split_00,0,train,2792,3036,0
split_00,0,train,2732,2966,0
split_00,0,train,911,936,1
split_00,0,train,2582,2787,0
split_00,0,train,1610,1651,1
split_00,0,train,1202,1237,1
split_00,0,train,748,769,1
split_00,0,train,301,309,1
split_00,0,train,2899,3151,0
split_00,0,train,2410,2589,0
split_00,0,train,1843,1928,0
split_00,0,train,1671,1725,1
split_00,0,train,2843,3092,0
split_00,0,train,2868,3119,0
split_00,0,train,2313,2482,0
split_00,0,train,1818,1898,0
split_00,0,train,752,773,1
split_00,0,train,45,47,1
split_00,0,train,233,239,1
split_00,0,train,419,428,1
split_00,0,train,1253,1288,1
split_00,0,train,309,317,1
split_00,0,train,3151,3438,0
split_00,0,train,398,407,1
split_00,0,train,966,992,1
split_00,0,train,2880,3131,0
split_00,0,train,2297,2461,0
split_00,0,train,975,1002,1
split_00,0,train,1713,1773,0
split_00,0,train,912,937,1
split_00,0,train,437,446,1
split_00,0,train,3166,3462,0
split_00,0,train,1541,1578,1
split_00,0,train,2605,2818,0
split_00,0,train,2054,2179,0
split_00,0,train,1302,1337,1
split_00,0,train,2748,2984,0
split_00,0,train,657,675,1
split_00,0,train,3023,3292,0
split_00,0,train,1373,1409,1
split_00,0,train,1375,1411,1
split_00,0,train,2556,2756,0
split_00,0,train,1739,1801,0
split_00,0,train,1360,1396,1
split_00,0,train,441,450,1
split_00,0,train,3087,3366,0
split_00,0,train,1559,1596,1
split_00,0,train,1474,1511,1
split_00,0,train,1358,1394,1
split_00,0,train,1426,1463,1
split_00,0,train,1396,1432,1
split_00,0,train,2857,3107,0
split_00,0,train,881,903,1
split_00,0,train,1931,2028,0
split_00,0,train,1261,1296,1
split_00,0,train,2535,2730,0
split_00,0,train,604,619,1
split_00,0,train,2793,3037,0
split_00,0,train,528,540,1
split_00,0,train,3143,3428,0
split_00,0,train,2473,2659,0
split_00,0,train,2221,2372,0
split_00,0,train,1201,1236,1
split_00,0,train,1053,1081,1
split_00,0,train,1120,1153,1
split_00,0,train,943,969,1
split_00,0,train,3169,3465,0
split_00,0,train,1494,1531,1
split_00,0,train,2396,2572,0
split_00,0,train,1127,1160,1
split_00,0,train,383,392,1
split_00,0,train,2489,2675,0
split_00,0,train,416,425,1
split_00,0,train,3042,3315,0
split_00,0,train,1211,1246,1
split_00,0,train,806,827,1
split_00,0,train,1985,2091,0
split_00,0,train,1558,1595,1
split_00,0,train,3008,3276,0
split_00,0,train,2953,3210,0
split_00,0,train,1026,1054,1
split_00,0,train,3107,3390,0
split_00,0,train,265,271,1
split_00,0,train,902,925,1
split_00,0,train,2777,3018,0
split_00,0,train,584,599,1
split_00,0,train,1776,1848,0
split_00,0,train,432,441,1
split_00,0,train,206,212,1
split_00,0,train,2142,2280,0
split_00,0,train,1119,1152,1
split_00,0,train,1829,1909,0
split_00,0,train,2270,2427,0
split_00,0,train,2951,3208,0
split_00,0,train,2375,2548,0
split_00,0,train,80,82,1
split_00,0,train,2290,2454,0
split_00,0,train,931,957,1
split_00,0,train,1152,1186,1
split_00,0,train,2917,3171,0
split_00,0,train,607,622,1
split_00,0,train,293,301,1
split_00,0,train,1937,2035,0
split_00,0,train,2920,3174,0
split_00,0,train,1965,2069,0
split_00,0,train,963,989,1
split_00,0,train,2255,2409,0
split_00,0,train,166,170,1
split_00,0,train,2416,2595,0
split_00,0,train,1169,1204,1
split_00,0,train,2336,2506,0
split_00,0,train,685,703,1
split_00,0,train,2214,2365,0
split_00,0,train,1725,1785,0
split_00,0,train,1264,1299,1
split_00,0,train,918,943,1
split_00,0,train,1175,1210,1
split_00,0,train,2238,2390,0
split_00,0,train,545,560,1
split_00,0,train,1217,1252,1
split_00,0,train,3053,3330,0
split_00,0,train,2935,3192,0
split_00,0,train,2633,2852,0
split_00,0,train,1917,2013,0
split_00,0,train,597,612,1
split_00,0,train,2253,2407,0
split_00,0,train,2351,2522,0
split_00,0,train,2828,3075,0
split_00,0,train,1593,1632,1
split_00,0,train,1158,1193,1
split_00,0,train,610,625,1
split_00,0,train,1037,1065,1
split_00,0,train,2311,2480,0
split_00,0,train,1791,1866,0
split_00,0,train,2418,2597,0
split_00,0,train,3090,3369,0
split_00,0,train,1379,1415,1
split_00,0,train,1755,1822,0
split_00,0,train,2197,2344,0
split_00,0,train,2278,2437,0
split_00,0,train,2686,2916,0
split_00,0,train,1454,1491,1
split_00,0,train,574,589,1
split_00,0,train,388,397,1
split_00,0,train,1862,1949,0
split_00,0,train,1085,1115,1
split_00,0,train,2024,2147,0
split_00,0,train,1088,1119,1
split_00,0,train,2581,2786,0
split_00,0,train,1327,1362,1
split_00,0,train,956,982,1
split_00,0,train,3136,3421,0
split_00,0,train,1192,1227,1
split_00,0,train,2442,2627,0
split_00,0,train,2893,3145,0
split_00,0,train,1697,1756,0
split_00,0,train,438,447,1
split_00,0,train,444,453,1
split_00,0,train,2276,2434,0
split_00,0,train,1647,1697,1
split_00,0,train,2746,2982,0
split_00,0,train,220,226,1
split_00,0,train,1145,1179,1
split_00,0,train,1745,1811,0
split_00,0,train,2494,2680,0
split_00,0,train,1784,1857,0
split_00,0,train,1954,2055,0
split_00,0,train,2173,2315,0
split_00,0,train,2759,2997,0
split_00,0,train,1364,1400,1
split_00,0,train,1998,2108,0
split_00,0,train,1467,1504,1
split_00,0,train,539,553,1
split_00,0,train,268,275,1
split_00,0,train,2526,2720,0
split_00,0,train,1874,1964,0
split_00,0,train,1511,1548,1
split_00,0,train,2478,2664,0
split_00,0,train,1913,2009,0
split_00,0,train,1685,1742,0
split_00,0,train,2997,3262,0
split_00,0,train,2497,2683,0
split_00,0,train,1401,1437,1
split_00,0,train,2403,2582,0
split_00,0,train,3026,3296,0
split_00,0,train,1084,1114,1
split_00,0,train,1790,1865,0
split_00,0,train,1584,1623,1
split_00,0,train,2554,2753,0
split_00,0,train,440,449,1
split_00,0,train,3088,3367,0
split_00,0,train,802,823,1
split_00,0,train,1009,1037,1
split_00,0,train,174,178,1
split_00,0,train,1450,1487,1
split_00,0,train,1404,1440,1
split_00,0,train,1325,1360,1
split_00,0,train,1204,1239,1
split_00,0,train,1934,2031,0
split_00,0,train,1664,1718,1
split_00,0,train,1307,1342,1
split_00,0,train,120,122,1
split_00,0,train,889,911,1
split_00,0,train,2691,2922,0
split_00,0,train,280,287,1
split_00,0,train,2771,3012,0
split_00,0,train,2779,3020,0
split_00,0,train,1945,2043,0
split_00,0,train,2761,3001,0
split_00,0,train,2502,2688,0
split_00,0,train,2747,2983,0
split_00,0,train,2796,3040,0
split_00,0,train,1394,1430,1
split_00,0,train,3121,3404,0
split_00,0,train,1178,1213,1
split_00,0,train,3100,3381,0
split_00,0,train,2527,2721,0
split_00,0,train,1423,1460,1
split_00,0,train,1356,1392,1
split_00,0,train,426,435,1
split_00,0,train,1041,1069,1
split_00,0,train,944,970,1
split_00,0,train,1187,1222,1
split_00,0,train,1369,1405,1
split_00,0,train,1992,2101,0
split_00,0,train,1665,1719,1
split_00,0,train,369,378,1
split_00,0,train,777,798,1
split_00,0,train,2398,2575,0
split_00,0,train,2056,2181,0
split_00,0,train,2261,2417,0
split_00,0,train,77,79,1
split_00,0,train,2869,3120,0
split_00,0,train,1099,1131,1
split_00,0,train,2888,3139,0
split_00,0,train,2252,2405,0
split_00,0,train,979,1006,1
split_00,0,train,691,709,1
split_00,0,train,1572,1609,1
split_00,0,train,1675,1729,1
split_00,0,train,1604,1643,1
split_00,0,train,2840,3089,0
split_00,0,train,179,183,1
split_00,0,train,1232,1267,1
split_00,0,train,1238,1273,1
split_00,0,train,304,312,1
split_00,0,train,3137,3422,0
split_00,0,train,476,486,1
split_00,0,train,891,913,1
split_00,0,train,2274,2432,0
split_00,0,train,2659,2883,0
split_00,0,train,682,700,1
split_00,0,train,1853,1939,0
split_00,0,train,1443,1480,1
split_00,0,train,647,665,1
split_00,0,train,1766,1833,0
split_00,0,train,1759,1826,0
split_00,0,train,361,370,1
split_00,0,train,2933,3190,0
split_00,0,train,665,683,1
split_00,0,train,238,244,1
split_00,0,train,1116,1149,1
split_00,0,train,619,634,1
split_00,0,train,343,352,1
split_00,0,train,965,991,1
split_00,0,train,408,417,1
split_00,0,train,3038,3310,0
split_00,0,train,1966,2070,0
split_00,0,train,445,454,1
split_00,0,train,41,43,1
split_00,0,train,1900,1992,0
split_00,0,train,2151,2290,0
split_00,0,train,957,983,1
split_00,0,train,1797,1874,0
split_00,0,train,645,663,1
split_00,0,train,381,390,1
split_00,0,train,2434,2616,0
split_00,0,train,2222,2373,0
split_00,0,train,2015,2134,0
split_00,0,train,690,708,1
split_00,0,train,1207,1242,1
split_00,0,train,247,253,1
split_00,0,train,2578,2783,0
split_00,0,train,1345,1381,1
split_00,0,train,2774,3015,0
split_00,0,train,3074,3353,0
split_00,0,train,1763,1830,0
split_00,0,train,2641,2863,0
split_00,0,train,1233,1268,1
split_00,0,train,1471,1508,1
split_00,0,train,1208,1243,1
split_00,0,train,1566,1603,1
split_00,0,train,2009,2125,0
split_00,0,train,310,318,1
split_00,0,train,543,558,1
split_00,0,train,2525,2719,0
split_00,0,train,322,330,1
split_00,0,train,1357,1393,1
split_00,0,train,2891,3142,0
split_00,0,train,1315,1350,1
split_00,0,train,1402,1438,1
split_00,0,train,290,298,1
split_00,0,train,499,510,1
split_00,0,train,1425,1462,1
split_00,0,train,608,623,1
split_00,0,train,2629,2848,0
split_00,0,train,2187,2331,0
split_00,0,train,2969,3229,0
split_00,0,train,2309,2478,0
split_00,0,train,2284,2448,0
split_00,0,train,3115,3398,0
split_00,0,train,162,166,1
split_00,0,train,2606,2819,0
split_00,0,train,2169,2311,0
split_00,0,train,339,348,1
split_00,0,train,2374,2545,0
split_00,0,train,551,566,1
split_00,0,train,1409,1445,1
split_00,0,train,1562,1599,1
split_00,0,train,1542,1579,1
split_00,0,train,9,10,1
split_00,0,train,2468,2654,0
split_00,0,train,240,246,1
split_00,0,train,210,216,1
split_00,0,train,2542,2737,0
split_00,0,train,2074,2206,0
split_00,0,train,1234,1269,1
split_00,0,train,1613,1656,1
split_00,0,train,1113,1146,1
split_00,0,train,136,139,1
split_00,0,train,2120,2256,0
split_00,0,train,1365,1401,1
split_00,0,train,2996,3261,0
split_00,0,train,1793,1868,0
split_00,0,train,163,167,1
split_00,0,train,734,754,1
split_00,0,train,201,207,1
split_00,0,train,2963,3222,0
split_00,0,train,2482,2668,0
split_00,0,train,739,759,1
split_00,0,train,2118,2254,0
split_00,0,train,246,252,1
split_00,0,train,1567,1604,1
split_00,0,train,1726,1786,0
split_00,0,train,1316,1351,1
split_00,0,train,1260,1295,1
split_00,0,train,1951,2052,0
split_00,0,train,19,20,1
split_00,0,train,1134,1168,1
split_00,0,train,125,127,1
split_00,0,train,2119,2255,0
split_00,0,train,1732,1793,0
split_00,0,train,823,844,1
split_00,0,train,1519,1556,1
split_00,0,train,3101,3382,0
split_00,0,train,2349,2520,0
split_00,0,train,126,128,1
split_00,0,train,395,404,1
split_00,0,train,603,618,1
split_00,0,train,2395,2571,0
split_00,0,train,1581,1620,1
split_00,0,train,1428,1465,1
split_00,0,train,2079,2211,0
split_00,0,train,506,517,1
split_00,0,train,2432,2614,0
split_00,0,train,3020,3289,0
split_00,0,train,1579,1616,1
split_00,0,train,1278,1313,1
split_00,0,train,3110,3393,0
split_00,0,train,2886,3137,0
split_00,0,train,1644,1694,1
split_00,0,train,1483,1520,1
split_00,0,train,2668,2894,0
split_00,0,train,2875,3126,0
split_00,0,train,2572,2775,0
split_00,0,train,709,728,1
split_00,0,train,980,1007,1
split_00,0,train,2100,2235,0
split_00,0,train,1240,1275,1
split_00,0,train,472,482,1
split_00,0,train,2368,2539,0
split_00,0,train,44,46,1
split_00,0,train,2674,2901,0
split_00,0,train,237,243,1
split_00,0,train,2019,2138,0
split_00,0,train,2737,2973,0
split_00,0,train,1241,1276,1
split_00,0,train,930,956,1
split_00,0,train,1161,1196,1
split_00,0,train,3040,3312,0
split_00,0,train,1702,1761,0
split_00,0,train,2912,3166,0
split_00,0,train,154,158,1
split_00,0,train,2275,2433,0
split_00,0,train,2469,2655,0
split_00,0,train,2269,2426,0
split_00,0,train,638,655,1
split_00,0,train,2281,2440,0
split_00,0,train,2615,2830,0
split_00,0,train,1257,1292,1
split_00,0,train,411,420,1
split_00,0,train,2908,3162,0
split_00,0,train,2654,2878,0
split_00,0,train,2186,2330,0
split_00,0,train,2903,3155,0
split_00,0,train,521,533,1
split_00,0,train,2390,2566,0
split_00,0,train,2561,2762,0
split_00,0,train,2123,2259,0
split_00,0,train,1619,1664,1
split_00,0,train,3013,3281,0
split_00,0,train,596,611,1
split_00,0,train,2000,2110,0
split_00,0,train,2470,2656,0
split_00,0,train,1651,1705,1
split_00,0,train,3001,3266,0
split_00,0,train,2133,2269,0
split_00,0,train,2890,3141,0
split_00,0,train,2965,3225,0
split_00,0,train,3130,3415,0
split_00,0,train,775,796,1
split_00,0,train,3034,3305,0
split_00,0,train,2684,2914,0
split_00,0,train,1971,2076,0
split_00,0,train,2202,2349,0
split_00,0,train,3113,3396,0
split_00,0,train,2669,2896,0
split_00,0,train,1863,1950,0
split_00,0,train,262,268,1
split_00,0,train,127,129,1
split_00,0,train,2685,2915,0
split_00,0,train,1705,1764,0
split_00,0,train,1631,1679,1
split_00,0,train,436,445,1
split_00,0,train,513,524,1
split_00,0,train,632,649,1
split_00,0,train,108,110,1
split_00,0,train,1416,1453,1
split_00,0,train,907,932,1
split_00,0,train,2753,2990,0
split_00,0,train,1599,1638,1
split_00,0,train,2114,2249,0
split_00,0,train,1808,1886,0
split_00,0,train,2447,2632,0
split_00,0,train,2088,2222,0
split_00,0,train,1512,1549,1
split_00,0,train,1674,1728,1
split_00,0,train,2770,3011,0
split_00,0,train,2780,3021,0
split_00,0,train,448,458,1
split_00,0,train,1437,1474,1
split_00,0,train,1637,1687,1
split_00,0,train,1371,1407,1
split_00,0,train,2448,2633,0
split_00,0,train,244,250,1
split_00,0,train,847,868,1
split_00,0,train,2472,2658,0
split_00,0,train,404,413,1
split_00,0,train,4,5,1
split_00,0,train,278,285,1
split_00,0,train,2047,2171,0
split_00,0,train,1072,1101,1
split_00,0,train,512,523,1
split_00,0,train,2786,3030,0
split_00,0,train,3084,3363,0
split_00,0,train,3032,3302,0
split_00,0,train,2076,2208,0
split_00,0,train,936,962,1
split_00,0,train,2137,2274,0
split_00,0,train,994,1021,1
split_00,0,train,998,1025,1
split_00,0,train,812,833,1
split_00,0,train,139,142,1
split_00,0,train,137,140,1
split_00,0,train,259,265,1
split_00,0,train,1596,1635,1
split_00,0,train,2267,2423,0
split_00,0,train,1097,1129,1
split_00,0,train,2208,2358,0
split_00,0,train,1991,2100,0
split_00,0,train,1388,1424,1
split_00,0,train,2973,3233,0
split_00,0,train,861,883,1
split_00,0,train,553,568,1
split_00,0,train,1398,1434,1
split_00,0,train,1680,1734,0
split_00,0,train,1828,1908,0
split_00,0,train,194,199,1
split_00,0,train,2102,2237,0
split_00,0,train,896,918,1
split_00,0,train,575,590,1
split_00,0,train,1533,1570,1
split_00,0,train,969,996,1
split_00,0,train,1157,1192,1
split_00,0,train,2991,3255,0
split_00,0,train,70,72,1
split_00,0,train,705,724,1
split_00,0,train,1216,1251,1
split_00,0,train,2555,2754,0
split_00,0,train,442,451,1
split_00,0,train,1563,1600,1
split_00,0,train,468,478,1
split_00,0,train,2733,2967,0
split_00,0,train,816,837,1
split_00,0,train,1108,1141,1
split_00,0,train,2794,3038,0
split_00,0,train,1850,1936,0
split_00,0,train,1427,1464,1
split_00,0,train,2417,2596,0
split_00,0,train,804,825,1
split_00,0,train,1943,2041,0
split_00,0,train,2061,2188,0
split_00,0,train,2306,2475,0
split_00,0,train,2648,2870,0
split_00,0,train,358,367,1
split_00,0,train,2044,2168,0
split_00,0,train,226,232,1
split_00,0,train,2729,2963,0
split_00,0,train,518,529,1
split_00,0,train,2256,2410,0
split_00,0,train,2510,2696,0
split_00,0,train,2873,3124,0
split_00,0,train,642,659,1
split_00,0,train,2401,2578,0
split_00,0,train,1555,1592,1
split_00,0,train,668,686,1
split_00,0,train,2105,2240,0
split_00,0,train,173,177,1
split_00,0,train,1765,1832,0
split_00,0,train,1727,1787,0
split_00,0,train,2286,2450,0
split_00,0,train,487,497,1
split_00,0,train,2720,2952,0
split_00,0,train,971,998,1
split_00,0,train,982,1009,1
split_00,0,train,2626,2845,0
split_00,0,train,1948,2048,0
split_00,0,train,561,576,1
split_00,0,train,1003,1030,1
split_00,0,train,1606,1645,1
split_00,0,train,3007,3275,0
split_00,0,train,695,713,1
split_00,0,train,654,672,1
split_00,0,train,1678,1732,1
split_00,0,train,2735,2971,0
split_00,0,train,2822,3068,0
split_00,0,train,1005,1033,1
split_00,0,train,2092,2227,0
split_00,0,train,1146,1180,1
split_00,0,train,267,274,1
split_00,0,train,203,209,1
split_00,0,train,1525,1562,1
split_00,0,train,2528,2722,0
split_00,0,train,1729,1790,0
split_00,0,train,2552,2749,0
split_00,0,train,2670,2897,0
split_00,0,train,2424,2604,0
split_00,0,train,1212,1247,1
split_00,0,train,555,570,1
split_00,0,train,1148,1182,1
split_00,0,train,600,615,1
split_00,0,train,1607,1646,1
split_00,0,train,832,853,1
split_00,0,train,298,306,1
split_00,0,train,2111,2246,0
split_00,0,train,850,871,1
split_00,0,train,1820,1900,0
split_00,0,train,74,76,1
split_00,0,train,375,384,1
split_00,0,train,1691,1749,0
split_00,0,train,1583,1622,1
split_00,0,train,2665,2889,0
split_00,0,train,2163,2305,0
split_00,0,train,1527,1564,1
split_00,0,train,813,834,1
split_00,0,train,1214,1249,1
split_00,0,train,1027,1055,1
split_00,0,train,1329,1364,1
split_00,0,train,958,984,1
split_00,0,train,817,838,1
split_00,0,train,2170,2312,0
split_00,0,train,1781,1854,0
split_00,0,train,524,536,1
split_00,0,train,3002,3268,0
split_00,0,train,1626,1674,1
split_00,0,train,2161,2301,0
split_00,0,train,2191,2336,0
split_00,0,train,701,720,1
split_00,0,train,1017,1045,1
split_00,0,train,635,652,1
split_00,0,train,771,792,1
split_00,0,train,2391,2567,0
split_00,0,train,1622,1667,1
split_00,0,train,2192,2338,0
split_00,0,train,270,277,1
split_00,0,train,614,629,1
split_00,0,train,2352,2523,0
split_00,0,train,1847,1932,0
split_00,0,train,1903,1998,0
split_00,0,train,1445,1482,1
split_00,0,train,2995,3260,0
split_00,0,train,2839,3087,0
split_00,0,train,2861,3112,0
split_00,0,train,620,635,1
split_00,0,train,1686,1743,0
split_00,0,train,1244,1279,1
split_00,0,train,2386,2562,0
split_00,0,train,49,51,1
split_00,0,train,1585,1624,1
split_00,0,train,1275,1310,1
split_00,0,train,3124,3407,0
split_00,0,train,1833,1914,0
split_00,0,train,2616,2831,0
split_00,0,train,1142,1176,1
split_00,0,train,2611,2825,0
split_00,0,train,731,751,1
split_00,0,train,1950,2050,0
split_00,0,train,51,53,1
split_00,0,train,2799,3043,0
split_00,0,train,1370,1406,1
split_00,0,train,5,6,1
split_00,0,train,702,721,1
split_00,0,train,2553,2752,0
split_00,0,train,489,499,1
split_00,0,train,221,227,1
split_00,0,train,2539,2734,0
split_00,0,train,535,548,1
split_00,0,train,2022,2145,0
split_00,0,train,1730,1791,0
split_00,0,train,1135,1169,1
split_00,0,train,2332,2502,0
split_00,0,train,2505,2691,0
split_00,0,train,450,460,1
split_00,0,train,406,415,1
split_00,0,train,3163,3459,0
split_00,0,train,1813,1892,0
split_00,0,train,1795,1871,0
split_00,0,train,168,172,1
split_00,0,train,1787,1860,0
split_00,0,train,687,705,1
split_00,0,train,1852,1938,0
split_00,0,train,1638,1688,1
split_00,0,train,185,189,1
split_00,0,train,492,503,1
split_00,0,train,3060,3338,0
split_00,0,train,1920,2016,0
split_00,0,train,212,218,1
split_00,0,train,1522,1559,1
split_00,0,train,1634,1682,1
split_00,0,train,2225,2376,0
split_00,0,train,732,752,1
split_00,0,train,2078,2210,0
split_00,0,train,289,297,1
split_00,0,train,1267,1302,1
split_00,0,train,291,299,1
split_00,0,train,1740,1803,0
split_00,0,train,2183,2327,0
split_00,0,train,2211,2361,0
split_00,0,train,1272,1307,1
split_00,0,train,2016,2135,0
split_00,0,train,547,562,1
split_00,0,train,2503,2689,0
split_00,0,train,1641,1691,1
split_00,0,train,2048,2172,0
split_00,0,train,2491,2677,0
split_00,0,train,1552,1589,1
split_00,0,train,3106,3389,0
split_00,0,train,688,706,1
split_00,0,train,2627,2846,0
split_00,0,train,2330,2500,0
split_00,0,train,1320,1355,1
split_00,0,train,1545,1582,1
split_00,0,train,997,1024,1
split_00,0,train,401,410,1
split_00,0,train,2060,2187,0
split_00,0,train,1227,1262,1
split_00,0,train,2513,2700,0
split_00,0,train,677,695,1
split_00,0,train,253,259,1
split_00,0,train,504,515,1
split_00,0,train,341,350,1
split_00,0,train,2587,2792,0
split_00,0,train,1444,1481,1
split_00,0,train,2291,2455,0
split_00,0,train,2727,2961,0
split_00,0,train,798,819,1
split_00,0,train,1672,1726,1
split_00,0,train,783,804,1
split_00,0,train,1299,1334,1
split_00,0,train,1912,2008,0
split_00,0,train,617,632,1
split_00,0,train,1993,2102,0
split_00,0,train,2393,2569,0
split_00,0,train,746,767,1
split_00,0,train,904,928,1
split_00,0,train,928,954,1
split_00,0,train,67,69,1
split_00,0,train,2610,2824,0
split_00,0,train,2131,2267,0
split_00,0,train,1855,1941,0
split_00,0,train,2787,3031,0
split_00,0,train,176,180,1
split_00,0,train,2021,2140,0
split_00,0,train,2026,2149,0
split_00,0,train,287,295,1
split_00,0,train,2518,2712,0
split_00,0,train,1480,1517,1
split_00,0,train,218,224,1
split_00,0,train,217,223,1
split_00,0,train,2854,3104,0
split_00,0,train,40,42,1
split_00,0,train,2959,3217,0
split_00,0,train,1835,1916,0
split_00,0,train,1206,1241,1
split_00,0,train,916,941,1
split_00,0,train,2741,2977,0
split_00,0,train,981,1008,1
split_00,0,train,405,414,1
split_00,0,train,1570,1607,1
split_00,0,train,397,406,1
split_00,0,train,2041,2165,0
split_00,0,train,2566,2768,0
split_00,0,train,1742,1807,0
split_00,0,train,589,604,1
split_00,0,train,950,976,1
split_00,0,train,2867,3118,0
split_00,0,train,1254,1289,1
split_00,0,train,2439,2622,0
split_00,0,train,66,68,1
split_00,0,train,754,775,1
split_00,0,train,85,87,1
split_00,0,train,347,356,1
split_00,0,train,3170,3466,0
split_00,0,train,2331,2501,0
split_00,0,train,3122,3405,0
split_00,0,train,541,555,1
split_00,0,train,659,677,1
split_00,0,train,140,143,1
split_00,0,train,625,641,1
split_00,0,train,1283,1318,1
split_00,0,train,2345,2516,0
split_00,0,train,1609,1650,1
split_00,0,train,3135,3420,0
split_00,0,train,1940,2038,0
split_00,0,train,964,990,1
split_00,0,train,2743,2979,0
split_00,0,train,857,878,1
split_00,0,train,1507,1544,1
split_00,0,train,755,776,1
split_00,0,train,279,286,1
split_00,0,train,2902,3154,0
split_00,0,train,484,494,1
split_00,0,train,738,758,1
split_00,0,train,2175,2317,0
split_00,0,train,1372,1408,1
split_00,0,train,1667,1721,1
split_00,0,train,2734,2968,0
split_00,0,train,232,238,1
split_00,0,train,34,35,1
split_00,0,train,3157,3447,0
split_00,0,train,1592,1631,1
split_00,0,train,599,614,1
split_00,0,train,331,339,1
split_00,0,train,926,952,1
split_00,0,train,2767,3008,0
split_00,0,train,282,289,1
split_00,0,train,1857,1944,0
split_00,0,train,929,955,1
split_00,0,train,2107,2242,0
split_00,0,train,2394,2570,0
split_00,0,train,1491,1528,1
split_00,0,train,33,34,1
split_00,0,train,1080,1110,1
split_00,0,train,2795,3039,0
split_00,0,train,1643,1693,1
split_00,0,train,2790,3034,0
split_00,0,train,24,25,1
split_00,0,train,2719,2951,0
split_00,0,train,2923,3177,0
split_00,0,train,1303,1338,1
split_00,0,train,457,467,1
split_00,0,train,882,904,1
split_00,0,train,390,399,1
split_00,0,train,2370,2541,0
split_00,0,train,1051,1079,1
split_00,0,train,1019,1047,1
split_00,0,train,3120,3403,0
split_00,0,train,636,653,1
split_00,0,train,2517,2709,0
split_00,0,train,1676,1730,1
split_00,0,train,363,372,1
split_00,0,train,1229,1264,1
split_00,0,train,1487,1524,1
split_00,0,train,989,1016,1
split_00,0,train,1736,1798,0
split_00,0,train,1715,1775,0
split_00,0,train,2598,2807,0
split_00,0,train,1979,2084,0
split_00,0,train,1029,1057,1
split_00,0,train,251,257,1
split_00,0,train,573,588,1
split_00,0,train,651,669,1
split_00,0,train,1117,1150,1
split_00,0,train,2836,3084,0
split_00,0,train,2420,2600,0
split_00,0,train,1561,1598,1
split_00,0,train,1493,1530,1
split_00,0,train,119,121,1
split_00,0,train,2666,2891,0
split_00,0,train,239,245,1
split_00,0,train,1589,1628,1
split_00,0,train,2800,3044,0
split_00,0,train,2710,2942,0
split_00,0,train,495,506,1
split_00,0,train,2287,2451,0
split_00,0,train,2568,2770,0
split_00,0,train,1770,1839,0
split_00,0,train,1331,1366,1
split_00,0,train,879,901,1
split_00,0,train,1301,1336,1
split_00,0,train,814,835,1
split_00,0,train,2159,2299,0
split_00,0,train,2174,2316,0
split_00,0,train,1842,1925,0
split_00,0,train,366,375,1
split_00,0,train,767,788,1
split_00,0,train,1901,1996,0
split_00,0,train,2254,2408,0
split_00,0,train,1799,1876,0
split_00,0,train,2196,2343,0
split_00,0,train,300,308,1
split_00,0,train,790,811,1
split_00,0,train,1922,2018,0
split_00,0,train,2057,2182,0
split_00,0,train,2397,2574,0
split_00,0,train,601,616,1
split_00,0,train,952,978,1
split_00,0,train,367,376,1
split_00,0,train,1059,1088,1
split_00,0,train,3140,3425,0
split_00,0,train,836,857,1
split_00,0,train,1457,1494,1
split_00,0,train,2457,2642,0
split_00,0,train,2812,3057,0
split_00,0,train,2308,2477,0
split_00,0,train,2063,2191,0
split_00,0,train,1268,1303,1
split_00,0,train,563,578,1
split_00,0,train,529,542,1
split_00,0,train,1984,2090,0
split_00,0,train,641,658,1
split_00,0,train,2957,3214,0
split_00,0,train,1683,1740,0
split_00,0,train,2835,3083,0
split_00,0,train,2623,2841,0
split_00,0,train,1362,1398,1
split_00,0,train,1002,1029,1
split_00,0,train,2210,2360,0
split_00,0,train,727,747,1
split_00,0,train,550,565,1
split_00,0,train,1988,2096,0
split_00,0,train,785,806,1
split_00,0,train,2663,2887,0
split_00,0,train,676,694,1
split_00,0,train,2595,2803,0
split_00,0,train,3086,3365,0
split_00,0,train,2069,2200,0
split_00,0,train,863,885,1
split_00,0,train,152,156,1
split_00,0,train,1039,1067,1
split_00,0,train,1442,1479,1
split_00,0,train,1024,1052,1
split_00,0,train,14,15,1
split_00,0,train,2387,2563,0
split_00,0,train,2199,2346,0
split_00,0,train,1224,1259,1
split_00,0,train,2650,2872,0
split_00,0,test,1339,1375,1
split_00,0,test,1296,1331,1
split_00,0,test,2230,2381,0
split_00,0,test,1975,2080,0
split_00,0,test,570,585,1
split_00,0,test,892,914,1
split_00,0,test,2887,3138,0
split_00,0,test,1,2,1
split_00,0,test,2766,3007,0
split_00,0,test,305,313,1
split_00,0,test,36,37,1
split_00,0,test,899,922,1
split_00,0,test,1176,1211,1
split_00,0,test,2692,2923,0
split_00,0,test,1670,1724,1
split_00,0,test,1866,1954,0
split_00,0,test,3043,3317,0
split_00,0,test,1814,1893,0
split_00,0,test,78,80,1
split_00,0,test,878,900,1
split_00,0,test,1658,1712,1
split_00,0,test,583,598,1
split_00,0,test,209,215,1
split_00,0,test,362,371,1
split_00,0,test,2143,2281,0
split_00,0,test,2551,2748,0
split_00,0,test,913,938,1
split_00,0,test,447,456,1
split_00,0,test,156,160,1
split_00,0,test,1126,1159,1
split_00,0,test,61,63,1
split_00,0,test,1535,1572,1
split_00,0,test,1332,1367,1
split_00,0,test,2731,2965,0
split_00,0,test,2922,3176,0
split_00,0,test,165,169,1
split_00,0,test,2718,2950,0
split_00,0,test,21,22,1
split_00,0,test,2409,2588,0
split_00,0,test,1673,1727,1
split_00,0,test,1476,1513,1
split_00,0,test,1624,1670,1
split_00,0,test,552,567,1
split_00,0,test,2236,2388,0
split_00,0,test,2977,3237,0
split_00,0,test,86,88,1
split_00,0,test,2534,2728,0
split_00,0,test,592,607,1
split_00,0,test,1312,1347,1
split_00,0,test,1926,2023,0
split_00,0,test,1509,1546,1
split_00,0,test,2744,2980,0
split_00,0,test,3126,3411,0
split_00,0,test,3076,3355,0
split_00,0,test,316,324,1
split_00,0,test,2245,2398,0
split_00,0,test,28,29,1
split_00,0,test,1294,1329,1
split_00,0,test,725,745,1
split_00,0,test,191,196,1
split_00,0,test,704,723,1
split_00,0,test,2071,2202,0
split_00,0,test,2319,2488,0
split_00,0,test,1867,1955,0
split_00,0,test,689,707,1
split_00,0,test,3085,3364,0
split_00,0,test,1767,1836,0
split_00,0,test,2576,2781,0
split_00,0,test,2339,2510,0
split_00,0,test,2860,3111,0
split_00,0,test,2272,2429,0
split_00,0,test,1069,1098,1
split_00,0,test,1523,1560,1
split_00,0,test,2543,2739,0
split_00,0,test,1193,1228,1
split_00,0,test,908,933,1
split_00,0,test,500,511,1
split_00,0,test,1997,2107,0
split_00,0,test,2495,2681,0
split_00,0,test,2946,3203,0
split_00,0,test,972,999,1
split_00,0,test,2449,2634,0
split_00,0,test,2082,2214,0
split_00,0,test,587,602,1
split_00,0,test,1377,1413,1
split_00,0,test,1486,1523,1
split_00,0,test,39,41,1
split_00,0,test,2443,2628,0
split_00,0,test,3050,3325,0
split_00,0,test,2980,3243,0
split_00,0,test,1608,1647,1
split_00,0,test,2343,2514,0
split_00,0,test,674,692,1
split_00,0,test,2652,2875,0
split_00,0,test,2,3,1
split_00,0,test,1544,1581,1
split_00,0,test,1932,2029,0
split_00,0,test,1553,1590,1
split_00,0,test,3091,3370,0
split_00,0,test,2593,2799,0
split_00,0,test,1632,1680,1
split_00,0,test,2540,2735,0
split_00,0,test,1744,1810,0
split_00,0,test,2312,2481,0
split_00,0,test,954,980,1
split_00,0,test,1669,1723,1
split_00,0,test,2446,2631,0
split_00,0,test,2303,2472,0
split_00,0,test,713,732,1
split_00,0,test,935,961,1
split_00,0,test,1137,1171,1
split_00,0,test,1347,1383,1
split_00,0,test,2560,2761,0
split_00,0,test,2168,2310,0
split_00,0,test,3133,3418,0
split_00,0,test,13,14,1
split_00,0,test,1949,2049,0
split_00,0,test,2117,2253,0
split_00,0,test,454,464,1
split_00,0,test,2226,2377,0
split_00,0,test,778,799,1
split_00,0,test,2361,2532,0
split_00,0,test,190,195,1
split_00,0,test,1355,1391,1
split_00,0,test,2699,2931,0
split_00,0,test,71,73,1
split_00,0,test,2320,2489,0
split_00,0,test,453,463,1
split_00,0,test,3044,3318,0
split_00,0,test,1881,1971,0
split_00,0,test,2550,2747,0
split_00,0,test,686,704,1
split_00,0,test,520,532,1
split_00,0,test,1284,1319,1
split_00,0,test,2898,3150,0
split_00,0,test,1499,1536,1
split_00,0,test,2474,2660,0
split_00,0,test,2895,3147,0
split_00,0,test,386,395,1
split_00,0,test,1510,1547,1
split_00,0,test,1482,1519,1
split_00,0,test,2477,2663,0
split_00,0,test,2756,2993,0
split_00,0,test,703,722,1
split_00,0,test,2083,2215,0
split_00,0,test,2994,3259,0
split_00,0,test,2577,2782,0
split_00,0,test,466,476,1
split_00,0,test,241,247,1
split_00,0,test,222,228,1
split_00,0,test,780,801,1
split_00,0,test,215,221,1
split_00,0,test,1778,1851,0
split_00,0,test,1880,1970,0
split_00,0,test,2942,3199,0
split_00,0,test,1598,1637,1
split_00,0,test,2064,2192,0
split_00,0,test,273,280,1
split_00,0,test,3048,3322,0
split_00,0,test,1650,1704,1
split_00,0,test,2307,2476,0
split_00,0,test,1143,1177,1
split_00,0,test,1869,1958,0
split_00,0,test,988,1015,1
split_00,0,test,2705,2937,0
split_00,0,test,588,603,1
split_00,0,test,385,394,1
split_00,0,test,2661,2885,0
split_00,0,test,2379,2554,0
split_00,0,test,2520,2714,0
split_00,0,test,213,219,1
split_00,0,test,2918,3172,0
split_00,0,test,1714,1774,0
split_00,0,test,2328,2497,0
split_00,0,test,697,716,1
split_00,0,test,1122,1155,1
split_00,0,test,1098,1130,1
split_00,0,test,796,817,1
split_00,0,test,749,770,1
split_00,0,test,2200,2347,0
split_00,0,test,2338,2508,0
split_00,0,test,1030,1058,1
split_00,0,test,3139,3424,0
split_00,0,test,2789,3033,0
split_00,0,test,413,422,1
split_00,0,test,1281,1316,1
split_00,0,test,1376,1412,1
split_00,0,test,3045,3319,0
split_00,0,test,1591,1630,1
split_00,0,test,569,584,1
split_00,0,test,2929,3185,0
split_00,0,test,1933,2030,0
split_00,0,test,308,316,1
split_00,0,test,294,302,1
split_00,0,test,2637,2857,0
split_00,0,test,2204,2353,0
split_00,0,test,514,525,1
split_00,0,test,1595,1634,1
split_00,0,test,883,905,1
split_00,0,test,694,712,1
split_00,0,test,491,501,1
split_00,0,test,132,134,1
split_00,0,test,1771,1840,0
split_00,0,test,3093,3373,0
split_00,0,test,418,427,1
split_00,0,test,2815,3060,0
split_00,0,test,515,526,1
split_00,0,test,3144,3429,0
split_00,0,test,400,409,1
split_00,0,test,974,1001,1
split_00,0,test,1681,1737,0
split_00,0,test,977,1004,1
split_00,0,test,337,346,1
split_00,0,test,2724,2957,0
split_00,0,test,1453,1490,1
split_00,0,test,2827,3074,0
split_00,0,test,2086,2220,0
split_00,0,test,1887,1978,0
split_00,0,test,519,531,1
split_00,0,test,2292,2456,0
split_00,0,test,1630,1678,1
split_00,0,test,1096,1128,1
split_00,0,test,1040,1068,1
split_00,0,test,1293,1328,1
split_00,0,test,2431,2613,0
split_00,0,test,1575,1612,1
split_00,0,test,1153,1187,1
split_00,0,test,2803,3047,0
split_00,0,test,2563,2764,0
split_00,0,test,2244,2397,0
split_00,0,test,2833,3081,0
split_00,0,test,2132,2268,0
split_00,0,test,2428,2609,0
split_00,0,test,2382,2558,0
split_00,0,test,1560,1597,1
split_00,0,test,1921,2017,0
split_00,0,test,1532,1569,1
split_00,0,test,91,93,1
split_00,0,test,1285,1320,1
split_00,0,test,715,734,1
split_00,0,test,1802,1879,0
split_00,0,test,2280,2439,0
split_00,0,test,1899,1991,0
split_00,0,test,250,256,1
split_00,0,test,1308,1343,1
split_00,0,test,2025,2148,0
split_00,0,test,2971,3231,0
split_00,0,test,1648,1698,1
split_00,0,test,1625,1673,1
split_00,0,test,2958,3215,0
split_00,0,test,1337,1373,1
split_00,0,test,2700,2932,0
split_00,0,test,2511,2698,0
split_00,0,test,1441,1478,1
split_00,0,test,2010,2129,0
split_00,0,test,1045,1073,1
split_00,0,test,2023,2146,0
split_00,0,test,198,204,1
split_00,0,test,1324,1359,1
split_00,0,test,2363,2534,0
split_00,0,test,1256,1291,1
split_00,0,test,193,198,1
split_00,0,test,1343,1379,1
split_00,0,test,3017,3286,0
split_00,0,test,3077,3356,0
split_00,0,test,2708,2940,0
split_00,0,test,2962,3221,0
split_00,0,test,534,547,1
split_00,0,test,2515,2707,0
split_00,0,test,1832,1913,0
split_00,0,test,2182,2326,0
split_00,0,test,2389,2565,0
split_00,0,test,458,468,1
split_00,0,test,207,213,1
split_00,0,test,3035,3306,0
split_00,0,test,917,942,1
split_00,0,test,1035,1063,1
split_00,0,test,2974,3234,0
split_00,0,test,1147,1181,1
split_00,0,test,2164,2306,0
split_00,0,test,2696,2928,0
split_00,0,test,3089,3368,0
split_00,0,test,2842,3091,0
split_00,0,test,1885,1975,0
split_00,0,test,2135,2272,0
split_00,0,test,115,117,1
split_00,0,test,3129,3414,0
split_00,0,test,3070,3348,0
split_00,0,test,1564,1601,1
split_00,0,test,888,910,1
split_00,0,test,6,7,1
split_00,0,test,1250,1285,1
split_00,0,test,1424,1461,1
split_00,0,test,815,836,1
split_00,0,test,2989,3253,0
split_00,0,test,2851,3100,0
split_00,0,test,795,816,1
split_00,0,test,1290,1325,1
split_00,0,test,169,173,1
split_00,0,test,2874,3125,0
split_00,0,test,427,436,1
split_00,0,test,1389,1425,1
split_00,0,test,223,229,1
split_00,0,test,3036,3308,0
split_00,0,test,3117,3400,0
split_00,0,test,733,753,1
split_00,0,test,848,869,1
split_00,0,test,684,702,1
split_00,0,test,898,920,1
split_00,0,test,396,405,1
split_00,0,test,1199,1234,1
split_00,0,test,737,757,1
split_00,0,test,591,606,1
split_00,0,test,1886,1977,0
split_00,0,test,114,116,1
split_00,0,test,2740,2976,0
split_00,0,test,1054,1082,1
split_00,0,test,1959,2063,0
split_00,0,test,894,916,1
split_00,0,test,873,895,1
split_00,0,test,483,493,1
split_00,0,test,1810,1888,0
split_00,0,test,1346,1382,1
split_00,0,test,2257,2412,0
split_00,0,test,792,813,1
split_00,0,test,906,931,1
split_00,0,test,955,981,1
split_00,0,test,1016,1044,1
split_00,0,test,590,605,1
split_00,0,test,2485,2671,0
split_00,0,test,2243,2396,0
split_00,0,test,1246,1281,1
split_00,0,test,1548,1585,1
split_00,0,test,16,17,1
split_00,0,test,993,1020,1
split_00,0,test,1792,1867,0
split_00,0,test,2471,2657,0
split_00,0,test,83,85,1
split_00,0,test,2752,2989,0
split_00,0,test,2631,2850,0
split_00,0,test,1007,1035,1
split_00,0,test,2809,3054,0
split_00,0,test,1112,1145,1
split_00,0,test,1653,1707,1
split_00,0,test,1909,2005,0
split_00,0,test,1605,1644,1
split_00,0,test,1189,1224,1
split_00,0,test,1219,1254,1
split_00,0,test,808,829,1
split_00,0,test,1963,2067,0
split_00,0,test,2327,2496,0
split_00,0,test,1341,1377,1
split_00,0,test,1136,1170,1
split_00,0,test,1328,1363,1
split_00,0,test,2475,2661,0
split_00,0,test,2823,3069,0
split_00,0,test,1013,1041,1
split_00,0,test,720,739,1
split_00,0,test,2484,2670,0
split_00,0,test,8,9,1
split_00,0,test,2937,3194,0
split_00,0,test,585,600,1
split_00,0,test,1830,1910,0
split_00,0,test,2220,2371,0
split_00,0,test,121,123,1
split_00,0,test,920,945,1
split_00,0,test,2775,3016,0
split_00,0,test,951,977,1
split_00,0,test,2976,3236,0
split_00,0,test,2557,2757,0
split_00,0,test,1185,1220,1
split_00,0,test,421,430,1
split_00,0,test,2762,3002,0
split_00,0,test,773,794,1
split_00,0,test,1594,1633,1
split_00,0,test,1245,1280,1
split_00,0,test,1405,1441,1
split_00,0,test,692,710,1
split_00,0,test,2810,3055,0
split_00,0,test,116,118,1
split_00,0,test,1247,1282,1
split_00,0,test,1688,1746,0
split_00,0,test,1418,1455,1
split_00,0,test,3047,3321,0
split_00,0,test,1191,1226,1
split_00,0,test,3058,3336,0
split_00,0,test,2190,2335,0
split_00,0,test,2936,3193,0
split_00,0,test,2736,2972,0
split_00,0,test,327,335,1
split_00,0,test,2081,2213,0
split_00,0,test,2921,3175,0
split_00,0,test,870,892,1
split_00,0,test,2863,3114,0
split_00,0,test,523,535,1
split_00,0,test,3015,3283,0
split_00,0,test,2904,3156,0
split_00,0,test,1720,1780,0
split_00,0,test,2966,3226,0
split_00,0,test,2934,3191,0
split_00,0,test,1505,1542,1
split_00,0,test,1460,1497,1
split_00,0,test,2367,2538,0
split_00,0,test,1601,1640,1
split_00,0,test,1882,1972,0
split_00,0,test,37,38,1
split_00,0,test,2832,3080,0
split_00,0,test,1050,1078,1
split_00,0,test,728,748,1
split_00,0,test,2152,2291,0
split_00,0,test,1905,2000,0
split_00,0,test,800,821,1
split_00,0,test,973,1000,1
split_00,0,test,1168,1203,1
split_00,0,test,2697,2929,0
split_00,0,test,2188,2333,0
split_00,0,test,2558,2758,0
split_00,0,test,328,336,1
split_00,0,test,3055,3333,0
split_00,0,test,3132,3417,0
split_00,0,test,2864,3115,0
split_00,0,test,2405,2584,0
split_00,0,test,1111,1144,1
split_00,0,test,2609,2822,0
split_00,0,test,2242,2395,0
split_00,0,test,1701,1760,0
split_00,0,test,2121,2257,0
split_00,0,test,2098,2233,0
split_00,0,test,2455,2640,0
split_00,0,test,2072,2203,0
split_00,0,test,1513,1550,1
split_00,0,test,1995,2105,0
split_00,0,test,1492,1529,1
split_00,0,test,205,211,1
split_00,0,test,1417,1454,1
split_00,0,test,1367,1403,1
split_00,0,test,1083,1113,1
split_00,0,test,2944,3201,0
split_00,0,test,89,91,1
split_00,0,test,1274,1309,1
split_00,0,test,1706,1765,0
split_00,0,test,2701,2933,0
split_00,0,test,2501,2687,0
split_00,0,test,1500,1537,1
split_00,0,test,2067,2196,0
split_00,0,test,1635,1683,1
split_00,0,test,1578,1615,1
split_00,0,test,2326,2495,0
split_00,0,test,2080,2212,0
split_00,0,test,1259,1294,1
split_00,0,test,3094,3375,0
split_00,0,test,2149,2288,0
split_00,0,test,1633,1681,1
split_00,0,test,1775,1847,0
split_00,0,test,987,1014,1
split_00,0,test,3000,3265,0
split_00,0,test,3156,3446,0
split_00,0,test,1087,1117,1
split_00,0,test,3147,3432,0
split_00,0,test,1056,1085,1
split_00,0,test,81,83,1
split_00,0,test,105,107,1
split_00,0,test,1463,1500,1
split_00,0,test,606,621,1
split_00,0,test,2947,3204,0
split_00,0,test,1571,1608,1
split_00,0,test,886,908,1
split_00,0,test,2834,3082,0
split_00,0,test,425,434,1
split_00,0,test,1877,1967,0
split_00,0,test,2725,2958,0
split_00,0,test,1435,1472,1
split_00,0,test,1841,1924,0
split_00,0,test,2536,2731,0
split_00,0,test,2321,2490,0
split_00,0,test,1942,2040,0
split_00,0,test,2172,2314,0
split_00,0,test,1547,1584,1
split_00,0,test,2571,2774,0
split_00,0,test,1840,1923,0
split_00,0,test,2928,3184,0
split_00,0,test,473,483,1
split_00,0,test,933,959,1
split_00,0,test,459,469,1
split_00,0,test,1186,1221,1
split_00,0,test,1611,1652,1
split_00,0,test,2189,2334,0
split_00,0,test,2429,2610,0
split_00,0,test,1063,1092,1
split_00,0,test,855,876,1
split_00,0,test,2636,2856,0
split_00,0,test,1910,2006,0
split_00,0,test,1846,1931,0
split_00,0,test,1831,1912,0
split_00,0,test,1536,1573,1
split_00,0,test,1717,1777,0
split_00,0,test,959,985,1
split_00,0,test,2422,2602,0
split_00,0,test,2739,2975,0
split_00,0,test,101,103,1
split_00,0,test,355,364,1
split_00,0,test,2866,3117,0
split_00,0,test,3012,3280,0
split_00,0,test,1218,1253,1
split_00,0,test,3003,3269,0
split_00,0,test,556,571,1
split_00,0,test,1280,1315,1
split_00,0,test,1801,1878,0
split_00,0,test,1368,1404,1
split_00,0,test,526,538,1
split_00,0,test,1700,1759,0
split_00,0,test,3081,3360,0
split_00,0,test,2146,2285,0
split_00,0,test,1968,2073,0
split_00,0,test,38,40,1
split_00,0,test,2751,2988,0
split_00,0,test,762,783,1
split_00,0,test,3082,3361,0
split_00,0,test,359,368,1
split_00,0,test,1659,1713,1
split_00,0,test,277,284,1
split_00,0,test,983,1010,1
split_00,0,test,1349,1385,1
split_00,0,test,159,163,1
split_00,0,test,1478,1515,1
split_00,0,test,1266,1301,1
split_00,0,test,317,325,1
split_00,0,test,730,750,1
split_00,0,test,394,403,1
split_00,0,test,1380,1416,1
split_00,0,test,110,112,1
split_00,0,test,2322,2491,0
split_00,0,test,2065,2193,0
split_00,0,test,364,373,1
split_00,0,test,885,907,1
split_00,0,test,760,781,1
split_00,0,test,1823,1903,0
split_00,0,test,409,418,1
split_00,0,test,429,438,1
split_00,0,test,334,343,1
split_00,0,test,2456,2641,0
split_00,0,test,1693,1751,0
split_00,0,test,2459,2644,0
split_00,0,test,571,586,1
split_00,0,test,1422,1459,1
split_00,0,test,3167,3463,0
split_00,0,test,2634,2853,0
split_00,0,test,1973,2078,0
split_00,0,test,915,940,1
split_00,0,test,1621,1666,1
split_00,0,test,2139,2277,0
split_00,0,test,1170,1205,1
split_00,0,test,825,846,1
split_00,0,test,1287,1322,1
split_00,0,test,2077,2209,0
split_00,0,test,946,972,1
split_00,0,test,671,689,1
split_00,0,test,2694,2925,0
split_00,0,test,1574,1611,1
split_00,0,test,970,997,1
split_00,0,test,1333,1368,1
split_00,0,test,1602,1641,1
split_00,0,test,1265,1300,1
split_00,0,test,1008,1036,1
split_00,0,test,2955,3212,0
split_00,0,test,868,890,1
split_00,0,test,142,145,1
split_00,0,test,1249,1284,1
split_00,0,test,1109,1142,1
split_00,0,test,2639,2859,0
split_00,0,test,1393,1429,1
split_00,0,test,284,291,1
split_00,0,test,3028,3298,0
split_00,0,test,2366,2537,0
split_00,0,test,3025,3295,0
split_00,0,test,335,344,1
split_00,0,test,2816,3061,0
split_00,0,test,10,11,1
split_00,0,test,2427,2608,0
split_00,0,test,1733,1794,0
split_00,0,test,984,1011,1
split_00,0,test,352,361,1
split_00,0,test,1468,1505,1
split_00,0,test,1150,1184,1
split_00,0,test,224,230,1
split_00,0,test,2154,2294,0
split_00,0,test,2655,2879,0
split_00,0,test,1415,1451,1
split_00,0,test,1640,1690,1
split_00,0,test,747,768,1
split_00,0,test,382,391,1
split_00,0,test,2784,3026,0
split_00,0,test,348,357,1
split_00,0,test,2675,2902,0
split_00,0,test,1573,1610,1
split_00,0,test,1107,1140,1
split_00,0,test,1956,2059,0
split_00,0,test,791,812,1
split_00,0,test,865,887,1
split_00,0,test,377,386,1
split_00,0,test,1783,1856,0
split_00,0,test,302,310,1
split_00,0,test,1896,1988,0
split_00,0,test,1410,1446,1
split_00,0,test,699,718,1
split_00,0,test,634,651,1
split_00,0,test,20,21,1
split_00,0,test,2950,3207,0
split_00,0,test,2325,2494,0
split_00,0,test,1826,1906,0
split_00,0,test,2806,3050,0
split_00,0,test,2838,3086,0
split_00,0,test,1694,1753,0
split_00,0,test,2017,2136,0
split_00,0,test,2266,2422,0
split_00,0,test,2378,2553,0
split_00,0,test,2802,3046,0
split_00,0,test,947,973,1
split_00,0,test,2288,2452,0
split_00,0,test,1577,1614,1
split_00,0,test,849,870,1
split_00,0,test,2640,2860,0
split_00,0,test,3080,3359,0
split_00,0,test,3049,3324,0
split_00,0,test,2608,2821,0
split_00,0,test,2635,2854,0
split_00,0,test,579,594,1
split_00,0,test,2399,2576,0
split_00,0,test,2059,2186,0
split_00,0,test,672,690,1
split_00,0,test,380,389,1
split_00,0,test,2058,2184,0
split_00,0,test,2986,3250,0
split_00,0,test,3103,3385,0
split_00,0,test,2480,2666,0
split_01,1,train,656,674,1
split_01,1,train,29,30,1
split_01,1,train,699,718,1
split_01,1,train,1259,1294,1
split_01,1,train,3145,3430,0
split_01,1,train,1678,1732,1
split_01,1,train,2555,2754,0
split_01,1,train,2869,3120,0
split_01,1,train,1714,1774,0
split_01,1,train,318,326,1
split_01,1,train,1031,1059,1
split_01,1,train,96,98,1
split_01,1,train,1914,2010,0
split_01,1,train,1427,1464,1
split_01,1,train,1473,1510,1
split_01,1,train,749,770,1
split_01,1,train,816,837,1
split_01,1,train,3082,3361,0
split_01,1,train,898,920,1
split_01,1,train,2867,3118,0
split_01,1,train,336,345,1
split_01,1,train,1925,2022,0
split_01,1,train,2090,2224,0
split_01,1,train,1540,1577,1
split_01,1,train,2935,3192,0
split_01,1,train,1972,2077,0
split_01,1,train,1524,1561,1
split_01,1,train,2179,2321,0
split_01,1,train,2440,2623,0
split_01,1,train,411,420,1
split_01,1,train,1654,1708,1
split_01,1,train,2346,2517,0
split_01,1,train,1784,1857,0
split_01,1,train,1885,1975,0
split_01,1,train,1696,1755,0
split_01,1,train,1976,2081,0
split_01,1,train,2221,2372,0
split_01,1,train,2386,2562,0
split_01,1,train,2741,2977,0
split_01,1,train,2452,2637,0
split_01,1,train,390,399,1
split_01,1,train,1790,1865,0
split_01,1,train,1812,1890,0
split_01,1,train,34,35,1
split_01,1,train,2024,2147,0
split_01,1,train,399,408,1
split_01,1,train,2769,3010,0
split_01,1,train,593,608,1
split_01,1,train,1973,2078,0
split_01,1,train,3131,3416,0
split_01,1,train,1676,1730,1
split_01,1,train,2020,2139,0
split_01,1,train,690,708,1
split_01,1,train,400,409,1
split_01,1,train,1364,1400,1
split_01,1,train,1042,1070,1
split_01,1,train,2734,2968,0
split_01,1,train,147,150,1
split_01,1,train,1186,1221,1
split_01,1,train,1012,1040,1
split_01,1,train,1494,1531,1
split_01,1,train,2716,2948,0
split_01,1,train,300,308,1
split_01,1,train,2129,2265,0
split_01,1,train,918,943,1
split_01,1,train,850,871,1
split_01,1,train,338,347,1
split_01,1,train,3019,3288,0
split_01,1,train,738,758,1
split_01,1,train,1650,1704,1
split_01,1,train,2565,2767,0
split_01,1,train,1994,2104,0
split_01,1,train,2368,2539,0
split_01,1,train,160,164,1
split_01,1,train,2623,2841,0
split_01,1,train,1362,1398,1
split_01,1,train,2584,2789,0
split_01,1,train,2053,2178,0
split_01,1,train,902,925,1
split_01,1,train,1935,2032,0
split_01,1,train,1236,1271,1
split_01,1,train,589,604,1
split_01,1,train,391,400,1
split_01,1,train,1183,1218,1
split_01,1,train,1685,1742,0
split_01,1,train,547,562,1
split_01,1,train,1112,1145,1
split_01,1,train,2434,2616,0
split_01,1,train,2510,2696,0
split_01,1,train,1296,1331,1
split_01,1,train,1119,1152,1
split_01,1,train,713,732,1
split_01,1,train,563,578,1
split_01,1,train,2751,2988,0
split_01,1,train,21,22,1
split_01,1,train,2665,2889,0
split_01,1,train,1559,1596,1
split_01,1,train,2416,2595,0
split_01,1,train,521,533,1
split_01,1,train,1860,1947,0
split_01,1,train,2403,2582,0
split_01,1,train,1746,1812,0
split_01,1,train,2299,2467,0
split_01,1,train,795,816,1
split_01,1,train,2284,2448,0
split_01,1,train,1150,1184,1
split_01,1,train,290,298,1
split_01,1,train,830,851,1
split_01,1,train,1855,1941,0
split_01,1,train,60,62,1
split_01,1,train,424,433,1
split_01,1,train,2096,2231,0
split_01,1,train,2208,2358,0
split_01,1,train,2585,2790,0
split_01,1,train,572,587,1
split_01,1,train,502,513,1
split_01,1,train,1015,1043,1
split_01,1,train,1614,1657,1
split_01,1,train,1688,1746,0
split_01,1,train,1924,2020,0
split_01,1,train,693,711,1
split_01,1,train,112,114,1
split_01,1,train,2184,2328,0
split_01,1,train,372,381,1
split_01,1,train,1136,1170,1
split_01,1,train,2385,2561,0
split_01,1,train,2762,3002,0
split_01,1,train,2962,3221,0
split_01,1,train,2811,3056,0
split_01,1,train,3043,3317,0
split_01,1,train,544,559,1
split_01,1,train,1335,1370,1
split_01,1,train,769,790,1
split_01,1,train,1369,1405,1
split_01,1,train,687,705,1
split_01,1,train,580,595,1
split_01,1,train,1222,1257,1
split_01,1,train,3007,3275,0
split_01,1,train,3162,3458,0
split_01,1,train,1719,1779,0
split_01,1,train,466,476,1
split_01,1,train,2245,2398,0
split_01,1,train,2228,2379,0
split_01,1,train,763,784,1
split_01,1,train,1517,1554,1
split_01,1,train,375,384,1
split_01,1,train,2454,2639,0
split_01,1,train,651,669,1
split_01,1,train,2067,2196,0
split_01,1,train,2674,2901,0
split_01,1,train,1656,1710,1
split_01,1,train,2132,2268,0
split_01,1,train,971,998,1
split_01,1,train,1226,1261,1
split_01,1,train,23,24,1
split_01,1,train,1429,1466,1
split_01,1,train,1058,1087,1
split_01,1,train,1587,1626,1
split_01,1,train,2991,3255,0
split_01,1,train,1037,1065,1
split_01,1,train,3044,3318,0
split_01,1,train,700,719,1
split_01,1,train,1551,1588,1
split_01,1,train,201,207,1
split_01,1,train,471,481,1
split_01,1,train,367,376,1
split_01,1,train,104,106,1
split_01,1,train,347,356,1
split_01,1,train,453,463,1
split_01,1,train,191,196,1
split_01,1,train,1285,1320,1
split_01,1,train,2756,2993,0
split_01,1,train,426,435,1
split_01,1,train,2423,2603,0
split_01,1,train,2673,2900,0
split_01,1,train,136,139,1
split_01,1,train,1402,1438,1
split_01,1,train,1621,1666,1
split_01,1,train,2323,2492,0
split_01,1,train,1090,1122,1
split_01,1,train,1773,1842,0
split_01,1,train,880,902,1
split_01,1,train,1852,1938,0
split_01,1,train,2736,2972,0
split_01,1,train,2897,3149,0
split_01,1,train,386,395,1
split_01,1,train,990,1017,1
split_01,1,train,2025,2148,0
split_01,1,train,256,262,1
split_01,1,train,86,88,1
split_01,1,train,2155,2295,0
split_01,1,train,251,257,1
split_01,1,train,1861,1948,0
split_01,1,train,840,861,1
split_01,1,train,3028,3298,0
split_01,1,train,1415,1451,1
split_01,1,train,2036,2159,0
split_01,1,train,1592,1631,1
split_01,1,train,1947,2047,0
split_01,1,train,244,250,1
split_01,1,train,1509,1546,1
split_01,1,train,2347,2518,0
split_01,1,train,155,159,1
split_01,1,train,1739,1801,0
split_01,1,train,2320,2489,0
split_01,1,train,354,363,1
split_01,1,train,2435,2617,0
split_01,1,train,1788,1861,0
split_01,1,train,684,702,1
split_01,1,train,2161,2301,0
split_01,1,train,3090,3369,0
split_01,1,train,2157,2297,0
split_01,1,train,1742,1807,0
split_01,1,train,2644,2866,0
split_01,1,train,2271,2428,0
split_01,1,train,3030,3300,0
split_01,1,train,2843,3092,0
split_01,1,train,216,222,1
split_01,1,train,2998,3263,0
split_01,1,train,2306,2475,0
split_01,1,train,921,947,1
split_01,1,train,0,1,1
split_01,1,train,1409,1445,1
split_01,1,train,829,850,1
split_01,1,train,510,521,1
split_01,1,train,1373,1409,1
split_01,1,train,2854,3104,0
split_01,1,train,2533,2727,0
split_01,1,train,530,543,1
split_01,1,train,1842,1925,0
split_01,1,train,1873,1963,0
split_01,1,train,543,558,1
split_01,1,train,2794,3038,0
split_01,1,train,1207,1242,1
split_01,1,train,1390,1426,1
split_01,1,train,1400,1436,1
split_01,1,train,1584,1623,1
split_01,1,train,934,960,1
split_01,1,train,108,110,1
split_01,1,train,1217,1252,1
split_01,1,train,1948,2048,0
split_01,1,train,999,1026,1
split_01,1,train,1206,1241,1
split_01,1,train,382,391,1
split_01,1,train,855,876,1
split_01,1,train,2937,3194,0
split_01,1,train,122,124,1
split_01,1,train,2895,3147,0
split_01,1,train,2487,2673,0
split_01,1,train,1940,2038,0
split_01,1,train,2201,2348,0
split_01,1,train,114,116,1
split_01,1,train,1144,1178,1
split_01,1,train,785,806,1
split_01,1,train,2680,2908,0
split_01,1,train,2613,2827,0
split_01,1,train,1707,1766,0
split_01,1,train,2873,3124,0
split_01,1,train,1695,1754,0
split_01,1,train,1128,1161,1
split_01,1,train,1218,1253,1
split_01,1,train,434,443,1
split_01,1,train,1281,1316,1
split_01,1,train,598,613,1
split_01,1,train,1833,1914,0
split_01,1,train,675,693,1
split_01,1,train,102,104,1
split_01,1,train,3004,3270,0
split_01,1,train,1073,1102,1
split_01,1,train,2575,2779,0
split_01,1,train,1752,1819,0
split_01,1,train,2932,3188,0
split_01,1,train,2972,3232,0
split_01,1,train,2365,2536,0
split_01,1,train,1159,1194,1
split_01,1,train,1798,1875,0
split_01,1,train,3014,3282,0
split_01,1,train,1634,1682,1
split_01,1,train,3123,3406,0
split_01,1,train,3169,3465,0
split_01,1,train,2763,3004,0
split_01,1,train,1133,1167,1
split_01,1,train,486,496,1
split_01,1,train,2997,3262,0
split_01,1,train,2414,2593,0
split_01,1,train,2566,2768,0
split_01,1,train,2952,3209,0
split_01,1,train,1249,1284,1
split_01,1,train,292,300,1
split_01,1,train,998,1025,1
split_01,1,train,2356,2527,0
split_01,1,train,978,1005,1
split_01,1,train,2512,2699,0
split_01,1,train,1824,1904,0
split_01,1,train,1458,1495,1
split_01,1,train,2292,2456,0
split_01,1,train,1712,1772,0
split_01,1,train,1220,1255,1
split_01,1,train,1469,1506,1
split_01,1,train,955,981,1
split_01,1,train,2918,3172,0
split_01,1,train,3025,3295,0
split_01,1,train,2488,2674,0
split_01,1,train,2294,2458,0
split_01,1,train,2977,3237,0
split_01,1,train,3080,3359,0
split_01,1,train,820,841,1
split_01,1,train,73,75,1
split_01,1,train,1303,1338,1
split_01,1,train,2015,2134,0
split_01,1,train,1419,1456,1
split_01,1,train,1511,1548,1
split_01,1,train,1229,1264,1
split_01,1,train,1355,1391,1
split_01,1,train,1088,1119,1
split_01,1,train,3155,3444,0
split_01,1,train,1311,1346,1
split_01,1,train,1101,1133,1
split_01,1,train,539,553,1
split_01,1,train,2965,3225,0
split_01,1,train,2988,3252,0
split_01,1,train,110,112,1
split_01,1,train,1901,1996,0
split_01,1,train,1977,2082,0
split_01,1,train,2891,3142,0
split_01,1,train,59,61,1
split_01,1,train,1921,2017,0
split_01,1,train,881,903,1
split_01,1,train,462,472,1
split_01,1,train,214,220,1
split_01,1,train,2046,2170,0
split_01,1,train,222,228,1
split_01,1,train,315,323,1
split_01,1,train,507,518,1
split_01,1,train,163,167,1
split_01,1,train,512,523,1
split_01,1,train,2325,2494,0
split_01,1,train,320,328,1
split_01,1,train,2514,2702,0
split_01,1,train,1599,1638,1
split_01,1,train,2469,2655,0
split_01,1,train,1561,1598,1
split_01,1,train,1046,1074,1
split_01,1,train,172,176,1
split_01,1,train,2326,2495,0
split_01,1,train,3072,3350,0
split_01,1,train,1832,1913,0
split_01,1,train,1404,1440,1
split_01,1,train,2375,2548,0
split_01,1,train,467,477,1
split_01,1,train,1943,2041,0
split_01,1,train,2128,2264,0
split_01,1,train,2852,3101,0
split_01,1,train,1198,1233,1
split_01,1,train,2447,2632,0
split_01,1,train,639,656,1
split_01,1,train,1290,1325,1
split_01,1,train,1510,1547,1
split_01,1,train,1591,1630,1
split_01,1,train,1064,1093,1
split_01,1,train,89,91,1
split_01,1,train,739,759,1
split_01,1,train,3167,3463,0
split_01,1,train,976,1003,1
split_01,1,train,2139,2277,0
split_01,1,train,1149,1183,1
split_01,1,train,1357,1393,1
split_01,1,train,1877,1967,0
split_01,1,train,2791,3035,0
split_01,1,train,2701,2933,0
split_01,1,train,2270,2427,0
split_01,1,train,1625,1673,1
split_01,1,train,1428,1465,1
split_01,1,train,2111,2246,0
split_01,1,train,161,165,1
split_01,1,train,1846,1931,0
split_01,1,train,2686,2916,0
split_01,1,train,1757,1824,0
split_01,1,train,1933,2030,0
split_01,1,train,2187,2331,0
split_01,1,train,826,847,1
split_01,1,train,3049,3324,0
split_01,1,train,2706,2938,0
split_01,1,train,2904,3156,0
split_01,1,train,3005,3271,0
split_01,1,train,1497,1534,1
split_01,1,train,77,79,1
split_01,1,train,2994,3259,0
split_01,1,train,378,387,1
split_01,1,train,2599,2808,0
split_01,1,train,2503,2689,0
split_01,1,train,1329,1364,1
split_01,1,train,515,526,1
split_01,1,train,1322,1357,1
split_01,1,train,3099,3380,0
split_01,1,train,2023,2146,0
split_01,1,train,1147,1181,1
split_01,1,train,583,598,1
split_01,1,train,2922,3176,0
split_01,1,train,644,661,1
split_01,1,train,2573,2777,0
split_01,1,train,905,929,1
split_01,1,train,2590,2796,0
split_01,1,train,1891,1982,0
split_01,1,train,725,745,1
split_01,1,train,2760,2998,0
split_01,1,train,393,402,1
split_01,1,train,1387,1423,1
split_01,1,train,2974,3234,0
split_01,1,train,2690,2920,0
split_01,1,train,107,109,1
split_01,1,train,3002,3268,0
split_01,1,train,321,329,1
split_01,1,train,3073,3352,0
split_01,1,train,3055,3333,0
split_01,1,train,1070,1099,1
split_01,1,train,1516,1553,1
split_01,1,train,1140,1174,1
split_01,1,train,2054,2179,0
split_01,1,train,422,431,1
split_01,1,train,2407,2586,0
split_01,1,train,2828,3075,0
split_01,1,train,2655,2879,0
split_01,1,train,2002,2112,0
split_01,1,train,1552,1589,1
split_01,1,train,403,412,1
split_01,1,train,1829,1909,0
split_01,1,train,1772,1841,0
split_01,1,train,1504,1541,1
split_01,1,train,861,883,1
split_01,1,train,2875,3126,0
split_01,1,train,536,549,1
split_01,1,train,1475,1512,1
split_01,1,train,2199,2346,0
split_01,1,train,1045,1073,1
split_01,1,train,2580,2785,0
split_01,1,train,2982,3245,0
split_01,1,train,2564,2765,0
split_01,1,train,2594,2800,0
split_01,1,train,288,296,1
split_01,1,train,1145,1179,1
split_01,1,train,431,440,1
split_01,1,train,198,204,1
split_01,1,train,395,404,1
split_01,1,train,1459,1496,1
split_01,1,train,3000,3265,0
split_01,1,train,2431,2613,0
split_01,1,train,1761,1828,0
split_01,1,train,2636,2856,0
split_01,1,train,1292,1327,1
split_01,1,train,573,588,1
split_01,1,train,2202,2349,0
split_01,1,train,1501,1538,1
split_01,1,train,1231,1266,1
split_01,1,train,1862,1949,0
split_01,1,train,359,368,1
split_01,1,train,2787,3031,0
split_01,1,train,939,965,1
split_01,1,train,1476,1513,1
split_01,1,train,859,880,1
split_01,1,train,1672,1726,1
split_01,1,train,2183,2327,0
split_01,1,train,448,458,1
split_01,1,train,2840,3089,0
split_01,1,train,1478,1515,1
split_01,1,train,2087,2221,0
split_01,1,train,2146,2285,0
split_01,1,train,2641,2863,0
split_01,1,train,283,290,1
split_01,1,train,2821,3067,0
split_01,1,train,1109,1142,1
split_01,1,train,40,42,1
split_01,1,train,5,6,1
split_01,1,train,79,81,1
split_01,1,train,446,455,1
split_01,1,train,2639,2859,0
split_01,1,train,777,798,1
split_01,1,train,2848,3097,0
split_01,1,train,1839,1921,0
split_01,1,train,2312,2481,0
split_01,1,train,1124,1157,1
split_01,1,train,729,749,1
split_01,1,train,954,980,1
split_01,1,train,1642,1692,1
split_01,1,train,803,824,1
split_01,1,train,872,894,1
split_01,1,train,176,180,1
split_01,1,train,1886,1977,0
split_01,1,train,2676,2903,0
split_01,1,train,695,713,1
split_01,1,train,1929,2026,0
split_01,1,train,118,120,1
split_01,1,train,202,208,1
split_01,1,train,2631,2850,0
split_01,1,train,3032,3302,0
split_01,1,train,3040,3312,0
split_01,1,train,1078,1107,1
split_01,1,train,457,467,1
split_01,1,train,3142,3427,0
split_01,1,train,2193,2339,0
split_01,1,train,87,89,1
split_01,1,train,1923,2019,0
split_01,1,train,287,295,1
split_01,1,train,1040,1068,1
split_01,1,train,2345,2516,0
split_01,1,train,847,868,1
split_01,1,train,2396,2572,0
split_01,1,train,1715,1775,0
split_01,1,train,2030,2153,0
split_01,1,train,2482,2668,0
split_01,1,train,2402,2580,0
split_01,1,train,1113,1146,1
split_01,1,train,238,244,1
split_01,1,train,337,346,1
split_01,1,train,1603,1642,1
split_01,1,train,207,213,1
split_01,1,train,2190,2335,0
split_01,1,train,1646,1696,1
split_01,1,train,2037,2160,0
split_01,1,train,1628,1676,1
split_01,1,train,2484,2670,0
split_01,1,train,1248,1283,1
split_01,1,train,1627,1675,1
split_01,1,train,1474,1511,1
split_01,1,train,83,85,1
split_01,1,train,1344,1380,1
split_01,1,train,2073,2205,0
split_01,1,train,263,269,1
split_01,1,train,774,795,1
split_01,1,train,1660,1714,1
split_01,1,train,1235,1270,1
split_01,1,train,360,369,1
split_01,1,train,1437,1474,1
split_01,1,train,343,352,1
split_01,1,train,1573,1610,1
split_01,1,train,2424,2604,0
split_01,1,train,52,54,1
split_01,1,train,1677,1731,1
split_01,1,train,957,983,1
split_01,1,train,1053,1081,1
split_01,1,train,6,7,1
split_01,1,train,2633,2852,0
split_01,1,train,2807,3052,0
split_01,1,train,397,406,1
split_01,1,train,1813,1892,0
split_01,1,train,477,487,1
split_01,1,train,2206,2356,0
split_01,1,train,1105,1138,1
split_01,1,train,1759,1826,0
split_01,1,train,1065,1094,1
split_01,1,train,2671,2898,0
split_01,1,train,1465,1502,1
split_01,1,train,1847,1932,0
split_01,1,train,1370,1406,1
split_01,1,train,1388,1424,1
split_01,1,train,2203,2352,0
split_01,1,train,1199,1234,1
split_01,1,train,3031,3301,0
split_01,1,train,2083,2215,0
split_01,1,train,3053,3330,0
split_01,1,train,3103,3385,0
split_01,1,train,791,812,1
split_01,1,train,1820,1900,0
split_01,1,train,258,264,1
split_01,1,train,1490,1527,1
split_01,1,train,1659,1713,1
split_01,1,train,1346,1382,1
split_01,1,train,188,192,1
split_01,1,train,516,527,1
split_01,1,train,1179,1214,1
split_01,1,train,2917,3171,0
split_01,1,train,2643,2865,0
split_01,1,train,1998,2108,0
split_01,1,train,1213,1248,1
split_01,1,train,309,317,1
split_01,1,train,2693,2924,0
split_01,1,train,2009,2125,0
split_01,1,train,349,358,1
split_01,1,train,1062,1091,1
split_01,1,train,2174,2316,0
split_01,1,train,260,266,1
split_01,1,train,1347,1383,1
split_01,1,train,2931,3187,0
split_01,1,train,972,999,1
split_01,1,train,2544,2740,0
split_01,1,train,2967,3227,0
split_01,1,train,1467,1504,1
split_01,1,train,933,959,1
split_01,1,train,1010,1038,1
split_01,1,train,144,147,1
split_01,1,train,1480,1517,1
split_01,1,train,2358,2529,0
split_01,1,train,2907,3161,0
split_01,1,train,2064,2192,0
split_01,1,train,714,733,1
split_01,1,train,71,73,1
split_01,1,train,476,486,1
split_01,1,train,2919,3173,0
split_01,1,train,776,797,1
split_01,1,train,2651,2873,0
split_01,1,train,1302,1337,1
split_01,1,train,1814,1893,0
split_01,1,train,1774,1846,0
split_01,1,train,3081,3360,0
split_01,1,train,2339,2510,0
split_01,1,train,299,307,1
split_01,1,train,2517,2709,0
split_01,1,train,324,332,1
split_01,1,train,2419,2598,0
split_01,1,train,1118,1151,1
split_01,1,train,907,932,1
split_01,1,train,1639,1689,1
split_01,1,train,1238,1273,1
split_01,1,train,1341,1377,1
split_01,1,train,444,453,1
split_01,1,train,1016,1044,1
split_01,1,train,2251,2404,0
split_01,1,train,1080,1110,1
split_01,1,train,528,540,1
split_01,1,train,1689,1747,0
split_01,1,train,2799,3043,0
split_01,1,train,1274,1309,1
split_01,1,train,890,912,1
split_01,1,train,1310,1345,1
split_01,1,train,50,52,1
split_01,1,train,1061,1090,1
split_01,1,train,1595,1634,1
split_01,1,train,1130,1163,1
split_01,1,train,838,859,1
split_01,1,train,1992,2101,0
split_01,1,train,1191,1226,1
split_01,1,train,2158,2298,0
split_01,1,train,92,94,1
split_01,1,train,2987,3251,0
split_01,1,train,875,897,1
split_01,1,train,1104,1137,1
split_01,1,train,340,349,1
split_01,1,train,1520,1557,1
split_01,1,train,2027,2150,0
split_01,1,train,1956,2059,0
split_01,1,train,2394,2570,0
split_01,1,train,3139,3424,0
split_01,1,train,632,649,1
split_01,1,train,2602,2815,0
split_01,1,train,2186,2330,0
split_01,1,train,2116,2252,0
split_01,1,train,1321,1356,1
split_01,1,train,3086,3365,0
split_01,1,train,2086,2220,0
split_01,1,train,3158,3448,0
split_01,1,train,1418,1455,1
split_01,1,train,243,249,1
split_01,1,train,2450,2635,0
split_01,1,train,2492,2678,0
split_01,1,train,2072,2203,0
split_01,1,train,90,92,1
split_01,1,train,2236,2388,0
split_01,1,train,511,522,1
split_01,1,train,407,416,1
split_01,1,train,475,485,1
split_01,1,train,1039,1067,1
split_01,1,train,196,202,1
split_01,1,train,2274,2432,0
split_01,1,train,1980,2085,0
split_01,1,train,1267,1302,1
split_01,1,train,1271,1306,1
split_01,1,train,2792,3036,0
split_01,1,train,3051,3327,0
split_01,1,train,1161,1196,1
split_01,1,train,649,667,1
split_01,1,train,2521,2715,0
split_01,1,train,2321,2490,0
split_01,1,train,75,77,1
split_01,1,train,735,755,1
split_01,1,train,2237,2389,0
split_01,1,train,1611,1652,1
split_01,1,train,910,935,1
split_01,1,train,1939,2037,0
split_01,1,train,289,297,1
split_01,1,train,1154,1188,1
split_01,1,train,2135,2272,0
split_01,1,train,3148,3433,0
split_01,1,train,1717,1777,0
split_01,1,train,1749,1816,0
split_01,1,train,607,622,1
split_01,1,train,1594,1633,1
split_01,1,train,2535,2730,0
split_01,1,train,1394,1430,1
split_01,1,train,45,47,1
split_01,1,train,2669,2896,0
split_01,1,train,2089,2223,0
split_01,1,train,2165,2307,0
split_01,1,train,2554,2753,0
split_01,1,train,3096,3377,0
split_01,1,train,1027,1055,1
split_01,1,train,2380,2555,0
split_01,1,train,2427,2608,0
split_01,1,train,1964,2068,0
split_01,1,train,1181,1216,1
split_01,1,train,246,252,1
split_01,1,train,2518,2712,0
split_01,1,train,1143,1177,1
split_01,1,train,418,427,1
split_01,1,train,1277,1312,1
split_01,1,train,279,286,1
split_01,1,train,66,68,1
split_01,1,train,425,434,1
split_01,1,train,387,396,1
split_01,1,train,1093,1125,1
split_01,1,train,1786,1859,0
split_01,1,train,364,373,1
split_01,1,train,1673,1727,1
split_01,1,train,2133,2269,0
split_01,1,train,895,917,1
split_01,1,train,1938,2036,0
split_01,1,train,2412,2591,0
split_01,1,train,223,229,1
split_01,1,train,994,1021,1
split_01,1,train,503,514,1
split_01,1,train,1816,1895,0
split_01,1,train,342,351,1
split_01,1,train,371,380,1
split_01,1,train,868,890,1
split_01,1,train,1204,1239,1
split_01,1,train,1376,1412,1
split_01,1,train,542,556,1
split_01,1,train,2606,2819,0
split_01,1,train,2707,2939,0
split_01,1,train,862,884,1
split_01,1,train,2777,3018,0
split_01,1,train,379,388,1
split_01,1,train,633,650,1
split_01,1,train,2255,2409,0
split_01,1,train,2855,3105,0
split_01,1,train,2297,2461,0
split_01,1,train,2465,2651,0
split_01,1,train,3054,3331,0
split_01,1,train,1100,1132,1
split_01,1,train,2293,2457,0
split_01,1,train,869,891,1
split_01,1,train,2905,3157,0
split_01,1,train,531,544,1
split_01,1,train,1705,1764,0
split_01,1,train,1294,1329,1
split_01,1,train,2052,2177,0
split_01,1,train,3147,3432,0
split_01,1,train,2700,2932,0
split_01,1,train,1423,1460,1
split_01,1,train,570,585,1
split_01,1,train,1245,1280,1
split_01,1,train,2363,2534,0
split_01,1,train,2056,2181,0
split_01,1,train,2480,2666,0
split_01,1,train,867,889,1
split_01,1,train,3058,3336,0
split_01,1,train,2804,3048,0
split_01,1,train,1514,1551,1
split_01,1,train,2443,2628,0
split_01,1,train,115,117,1
split_01,1,train,970,997,1
split_01,1,train,2256,2410,0
split_01,1,train,2362,2533,0
split_01,1,train,948,974,1
split_01,1,train,571,586,1
split_01,1,train,1170,1205,1
split_01,1,train,1072,1101,1
split_01,1,train,184,188,1
split_01,1,train,736,756,1
split_01,1,train,1837,1918,0
split_01,1,train,508,519,1
split_01,1,train,2720,2952,0
split_01,1,train,903,926,1
split_01,1,train,520,532,1
split_01,1,train,2103,2238,0
split_01,1,train,889,911,1
split_01,1,train,1366,1402,1
split_01,1,train,189,194,1
split_01,1,train,2341,2512,0
split_01,1,train,3159,3449,0
split_01,1,train,1152,1186,1
split_01,1,train,1542,1579,1
split_01,1,train,1983,2089,0
split_01,1,train,620,635,1
split_01,1,train,1001,1028,1
split_01,1,train,1260,1295,1
split_01,1,train,1503,1540,1
split_01,1,train,2032,2155,0
split_01,1,train,22,23,1
split_01,1,train,884,906,1
split_01,1,train,2611,2825,0
split_01,1,train,1878,1968,0
split_01,1,train,297,305,1
split_01,1,train,1184,1219,1
split_01,1,train,10,11,1
split_01,1,train,1937,2035,0
split_01,1,train,3095,3376,0
split_01,1,train,1251,1286,1
split_01,1,train,2509,2695,0
split_01,1,train,145,148,1
split_01,1,train,931,957,1
split_01,1,train,2005,2116,0
split_01,1,train,2366,2537,0
split_01,1,train,1959,2063,0
split_01,1,train,1866,1954,0
split_01,1,train,2920,3174,0
split_01,1,train,3168,3464,0
split_01,1,train,2018,2137,0
split_01,1,train,988,1015,1
split_01,1,train,798,819,1
split_01,1,train,1038,1066,1
split_01,1,train,2990,3254,0
split_01,1,train,705,724,1
split_01,1,train,2282,2441,0
split_01,1,train,1214,1249,1
split_01,1,train,860,881,1
split_01,1,train,768,789,1
split_01,1,train,2911,3165,0
split_01,1,train,2003,2113,0
split_01,1,train,3017,3286,0
split_01,1,train,2034,2157,0
split_01,1,train,1626,1674,1
split_01,1,train,345,354,1
split_01,1,train,973,1000,1
split_01,1,train,2177,2319,0
split_01,1,train,1644,1694,1
split_01,1,train,1371,1407,1
split_01,1,train,409,418,1
split_01,1,train,2950,3207,0
split_01,1,train,1734,1795,0
split_01,1,train,2649,2871,0
split_01,1,train,2457,2642,0
split_01,1,train,2124,2260,0
split_01,1,train,627,643,1
split_01,1,train,3022,3291,0
split_01,1,train,80,82,1
split_01,1,train,1033,1061,1
split_01,1,train,1793,1868,0
split_01,1,train,2266,2422,0
split_01,1,train,2588,2793,0
split_01,1,train,405,414,1
split_01,1,train,2049,2174,0
split_01,1,train,1955,2056,0
split_01,1,train,2597,2806,0
split_01,1,train,2033,2156,0
split_01,1,train,3093,3373,0
split_01,1,train,2979,3242,0
split_01,1,train,2361,2532,0
split_01,1,train,165,169,1
split_01,1,train,941,967,1
split_01,1,train,1270,1305,1
split_01,1,train,275,282,1
split_01,1,train,1243,1278,1
split_01,1,train,1351,1387,1
split_01,1,train,2120,2256,0
split_01,1,train,2783,3024,0
split_01,1,train,846,867,1
split_01,1,train,1953,2054,0
split_01,1,train,2615,2830,0
split_01,1,train,770,791,1
split_01,1,train,1460,1497,1
split_01,1,train,2167,2309,0
split_01,1,train,2955,3212,0
split_01,1,train,2543,2739,0
split_01,1,train,2144,2282,0
split_01,1,train,2883,3134,0
split_01,1,train,717,736,1
split_01,1,train,759,780,1
split_01,1,train,2537,2732,0
split_01,1,train,440,449,1
split_01,1,train,1396,1432,1
split_01,1,train,2744,2980,0
split_01,1,train,1546,1583,1
split_01,1,train,1368,1404,1
split_01,1,train,2322,2491,0
split_01,1,train,1244,1279,1
split_01,1,train,1314,1349,1
split_01,1,train,1986,2092,0
split_01,1,train,989,1016,1
split_01,1,train,192,197,1
split_01,1,train,2886,3137,0
split_01,1,train,2101,2236,0
split_01,1,train,1066,1095,1
split_01,1,train,2205,2355,0
split_01,1,train,1304,1339,1
split_01,1,train,2966,3226,0
split_01,1,train,1647,1697,1
split_01,1,train,524,536,1
split_01,1,train,641,658,1
split_01,1,train,562,577,1
split_01,1,train,1107,1140,1
split_01,1,train,2562,2763,0
split_01,1,train,1538,1575,1
split_01,1,train,1910,2006,0
split_01,1,train,1345,1381,1
split_01,1,train,200,206,1
split_01,1,train,1041,1069,1
split_01,1,train,1716,1776,0
split_01,1,train,636,653,1
split_01,1,train,2333,2503,0
split_01,1,train,1240,1275,1
split_01,1,train,2310,2479,0
split_01,1,train,1228,1263,1
split_01,1,train,1289,1324,1
split_01,1,train,2048,2172,0
split_01,1,train,2367,2538,0
split_01,1,train,1604,1643,1
split_01,1,train,3033,3304,0
split_01,1,train,1548,1585,1
split_01,1,train,732,752,1
split_01,1,train,2198,2345,0
split_01,1,train,877,899,1
split_01,1,train,1356,1392,1
split_01,1,train,24,25,1
split_01,1,train,778,799,1
split_01,1,train,2344,2515,0
split_01,1,train,255,261,1
split_01,1,train,1527,1564,1
split_01,1,train,561,576,1
split_01,1,train,1667,1721,1
split_01,1,train,2692,2923,0
split_01,1,train,587,602,1
split_01,1,train,1193,1228,1
split_01,1,train,1219,1254,1
split_01,1,train,2984,3248,0
split_01,1,train,2940,3197,0
split_01,1,train,1014,1042,1
split_01,1,train,1007,1035,1
split_01,1,train,215,221,1
split_01,1,train,465,475,1
split_01,1,train,2040,2164,0
split_01,1,train,712,731,1
split_01,1,train,2411,2590,0
split_01,1,train,2376,2550,0
split_01,1,train,384,393,1
split_01,1,train,526,538,1
split_01,1,train,940,966,1
split_01,1,train,2234,2385,0
split_01,1,train,756,777,1
split_01,1,train,2348,2519,0
split_01,1,train,2608,2821,0
split_01,1,train,1363,1399,1
split_01,1,train,304,312,1
split_01,1,train,2433,2615,0
split_01,1,train,1530,1567,1
split_01,1,train,624,640,1
split_01,1,train,1279,1314,1
split_01,1,train,1675,1729,1
split_01,1,train,1523,1560,1
split_01,1,train,1091,1123,1
split_01,1,train,2451,2636,0
split_01,1,train,1006,1034,1
split_01,1,train,2735,2971,0
split_01,1,train,1434,1471,1
split_01,1,train,1777,1849,0
split_01,1,train,1769,1838,0
split_01,1,train,1389,1425,1
split_01,1,train,1563,1600,1
split_01,1,train,1384,1420,1
split_01,1,train,857,878,1
split_01,1,train,2,3,1
split_01,1,train,2088,2222,0
split_01,1,train,2945,3202,0
split_01,1,train,535,548,1
split_01,1,train,137,140,1
split_01,1,train,836,857,1
split_01,1,train,169,173,1
split_01,1,train,734,754,1
split_01,1,train,245,251,1
split_01,1,train,3112,3395,0
split_01,1,train,369,378,1
split_01,1,train,1029,1057,1
split_01,1,train,2504,2690,0
split_01,1,train,2929,3185,0
split_01,1,train,32,33,1
split_01,1,train,892,914,1
split_01,1,train,1904,1999,0
split_01,1,train,2156,2296,0
split_01,1,train,141,144,1
split_01,1,train,2014,2133,0
split_01,1,train,2812,3057,0
split_01,1,train,1349,1385,1
split_01,1,train,2626,2845,0
split_01,1,train,2354,2525,0
split_01,1,train,1255,1290,1
split_01,1,train,899,922,1
split_01,1,train,1889,1980,0
split_01,1,train,529,542,1
split_01,1,train,427,436,1
split_01,1,train,807,828,1
split_01,1,train,1579,1616,1
split_01,1,train,1498,1535,1
split_01,1,train,1541,1578,1
split_01,1,train,3062,3340,0
split_01,1,train,463,473,1
split_01,1,train,2887,3138,0
split_01,1,train,62,64,1
split_01,1,train,764,785,1
split_01,1,train,2462,2648,0
split_01,1,train,3111,3394,0
split_01,1,train,2863,3114,0
split_01,1,train,2166,2308,0
split_01,1,train,1139,1173,1
split_01,1,train,1928,2025,0
split_01,1,train,1887,1978,0
split_01,1,train,484,494,1
split_01,1,train,199,205,1
split_01,1,train,358,367,1
split_01,1,train,1155,1189,1
split_01,1,train,1178,1213,1
split_01,1,train,1484,1521,1
split_01,1,train,2697,2929,0
split_01,1,train,835,856,1
split_01,1,train,2662,2886,0
split_01,1,train,230,236,1
split_01,1,train,2666,2891,0
split_01,1,train,566,581,1
split_01,1,train,1076,1105,1
split_01,1,train,660,678,1
split_01,1,train,236,242,1
split_01,1,train,2470,2656,0
split_01,1,train,1830,1910,0
split_01,1,train,97,99,1
split_01,1,train,1942,2040,0
split_01,1,train,82,84,1
split_01,1,train,402,411,1
split_01,1,train,70,72,1
split_01,1,train,2859,3109,0
split_01,1,train,1123,1156,1
split_01,1,train,44,46,1
split_01,1,train,1017,1045,1
split_01,1,train,679,697,1
split_01,1,train,2980,3243,0
split_01,1,train,2616,2831,0
split_01,1,train,1936,2034,0
split_01,1,train,417,426,1
split_01,1,train,55,57,1
split_01,1,train,1210,1245,1
split_01,1,train,3027,3297,0
split_01,1,train,866,888,1
split_01,1,train,1865,1953,0
split_01,1,train,1205,1240,1
split_01,1,train,2816,3061,0
split_01,1,train,2340,2511,0
split_01,1,train,706,725,1
split_01,1,train,2971,3231,0
split_01,1,train,723,742,1
split_01,1,train,1313,1348,1
split_01,1,train,2607,2820,0
split_01,1,train,483,493,1
split_01,1,train,2889,3140,0
split_01,1,train,647,665,1
split_01,1,train,1610,1651,1
split_01,1,train,2970,3230,0
split_01,1,train,2951,3208,0
split_01,1,train,3097,3378,0
split_01,1,train,2336,2506,0
split_01,1,train,2374,2545,0
split_01,1,train,781,802,1
split_01,1,train,2318,2487,0
split_01,1,train,2439,2622,0
split_01,1,train,1056,1085,1
split_01,1,train,1203,1238,1
split_01,1,train,1496,1533,1
split_01,1,train,694,712,1
split_01,1,train,1531,1568,1
split_01,1,train,2793,3037,0
split_01,1,train,3029,3299,0
split_01,1,train,2923,3177,0
split_01,1,train,1098,1130,1
split_01,1,train,1547,1584,1
split_01,1,train,1606,1645,1
split_01,1,train,3150,3436,0
split_01,1,train,1931,2028,0
split_01,1,train,2612,2826,0
split_01,1,train,2683,2913,0
split_01,1,train,2526,2720,0
split_01,1,train,48,50,1
split_01,1,train,2413,2592,0
split_01,1,train,805,826,1
split_01,1,train,2729,2963,0
split_01,1,train,623,639,1
split_01,1,train,1565,1602,1
split_01,1,train,3121,3404,0
split_01,1,train,2239,2391,0
split_01,1,train,1781,1854,0
split_01,1,train,443,452,1
split_01,1,train,1897,1989,0
split_01,1,train,1613,1656,1
split_01,1,train,2629,2848,0
split_01,1,train,1690,1748,0
split_01,1,train,2405,2584,0
split_01,1,train,1420,1457,1
split_01,1,train,1493,1530,1
split_01,1,train,376,385,1
split_01,1,train,1307,1342,1
split_01,1,train,760,781,1
split_01,1,train,3083,3362,0
split_01,1,train,1018,1046,1
split_01,1,train,1780,1853,0
split_01,1,train,1880,1970,0
split_01,1,train,2795,3039,0
split_01,1,train,1171,1206,1
split_01,1,train,1291,1326,1
split_01,1,train,2617,2833,0
split_01,1,train,2622,2838,0
split_01,1,train,3170,3466,0
split_01,1,train,2823,3069,0
split_01,1,train,1276,1311,1
split_01,1,train,800,821,1
split_01,1,train,2621,2837,0
split_01,1,train,2399,2576,0
split_01,1,train,938,964,1
split_01,1,train,197,203,1
split_01,1,train,2614,2829,0
split_01,1,train,1571,1608,1
split_01,1,train,1661,1715,1
split_01,1,train,3087,3366,0
split_01,1,train,848,869,1
split_01,1,train,1586,1625,1
split_01,1,train,1264,1299,1
split_01,1,train,1225,1260,1
split_01,1,train,2281,2440,0
split_01,1,train,419,428,1
split_01,1,train,2569,2772,0
split_01,1,train,619,634,1
split_01,1,train,1849,1935,0
split_01,1,train,2742,2978,0
split_01,1,train,394,403,1
split_01,1,train,430,439,1
split_01,1,train,20,21,1
split_01,1,train,267,274,1
split_01,1,train,1971,2076,0
split_01,1,train,1079,1108,1
split_01,1,train,1585,1624,1
split_01,1,train,1884,1974,0
split_01,1,train,2822,3068,0
split_01,1,train,3114,3397,0
split_01,1,train,2858,3108,0
split_01,1,train,2112,2247,0
split_01,1,train,2520,2714,0
split_01,1,train,1755,1822,0
split_01,1,train,1810,1888,0
split_01,1,train,1999,2109,0
split_01,1,train,265,271,1
split_01,1,train,469,479,1
split_01,1,train,1005,1033,1
split_01,1,train,2717,2949,0
split_01,1,train,906,931,1
split_01,1,train,458,468,1
split_01,1,train,2119,2255,0
split_01,1,train,793,814,1
split_01,1,train,2330,2500,0
split_01,1,train,208,214,1
split_01,1,train,2162,2304,0
split_01,1,train,1669,1723,1
split_01,1,train,1522,1559,1
split_01,1,train,2728,2962,0
split_01,1,train,2400,2577,0
split_01,1,train,1657,1711,1
split_01,1,train,1350,1386,1
split_01,1,train,617,632,1
split_01,1,train,2099,2234,0
split_01,1,train,2317,2486,0
split_01,1,train,616,631,1
split_01,1,train,181,185,1
split_01,1,train,1443,1480,1
split_01,1,train,1512,1549,1
split_01,1,train,2723,2956,0
split_01,1,train,388,397,1
split_01,1,train,2625,2843,0
split_01,1,train,1200,1235,1
split_01,1,train,1246,1281,1
split_01,1,train,2391,2567,0
split_01,1,train,1618,1661,1
split_01,1,train,2328,2497,0
split_01,1,train,3105,3388,0
split_01,1,train,2996,3261,0
split_01,1,train,1896,1988,0
split_01,1,train,1797,1874,0
split_01,1,train,2845,3094,0
split_01,1,train,1636,1686,1
split_01,1,train,1834,1915,0
split_01,1,train,574,589,1
split_01,1,train,1513,1550,1
split_01,1,train,307,315,1
split_01,1,train,1533,1570,1
split_01,1,train,942,968,1
split_01,1,train,1417,1454,1
split_01,1,train,381,390,1
split_01,1,train,16,17,1
split_01,1,train,1087,1117,1
split_01,1,train,1216,1251,1
split_01,1,train,98,100,1
split_01,1,train,2876,3127,0
split_01,1,train,3069,3347,0
split_01,1,train,2546,2742,0
split_01,1,train,1168,1203,1
split_01,1,train,929,955,1
split_01,1,train,662,680,1
split_01,1,train,944,970,1
split_01,1,train,2846,3095,0
split_01,1,train,401,410,1
split_01,1,train,242,248,1
split_01,1,train,1662,1716,1
split_01,1,train,993,1020,1
split_01,1,train,42,44,1
split_01,1,train,106,108,1
split_01,1,train,865,887,1
split_01,1,train,980,1007,1
split_01,1,train,1077,1106,1
split_01,1,train,2350,2521,0
split_01,1,train,368,377,1
split_01,1,train,1401,1437,1
split_01,1,train,1616,1659,1
split_01,1,train,1892,1983,0
split_01,1,train,1450,1487,1
split_01,1,train,740,760,1
split_01,1,train,1993,2102,0
split_01,1,train,2750,2987,0
split_01,1,train,2188,2333,0
split_01,1,train,1775,1847,0
split_01,1,train,2210,2360,0
split_01,1,train,121,123,1
split_01,1,train,504,515,1
split_01,1,train,1957,2060,0
split_01,1,train,585,600,1
split_01,1,train,799,820,1
split_01,1,train,1253,1288,1
split_01,1,train,2084,2216,0
split_01,1,train,1506,1543,1
split_01,1,train,2257,2412,0
split_01,1,train,1273,1308,1
split_01,1,train,549,564,1
split_01,1,train,2958,3215,0
split_01,1,train,68,70,1
split_01,1,train,1141,1175,1
split_01,1,train,333,342,1
split_01,1,train,2136,2273,0
split_01,1,train,190,195,1
split_01,1,train,2220,2371,0
split_01,1,train,856,877,1
split_01,1,train,2500,2686,0
split_01,1,train,2429,2610,0
split_01,1,train,716,735,1
split_01,1,train,2627,2846,0
split_01,1,train,1391,1427,1
split_01,1,train,14,15,1
split_01,1,train,2224,2375,0
split_01,1,train,1990,2099,0
split_01,1,train,2442,2627,0
split_01,1,train,3160,3450,0
split_01,1,train,231,237,1
split_01,1,train,576,591,1
split_01,1,train,595,610,1
split_01,1,train,1237,1272,1
split_01,1,train,2558,2758,0
split_01,1,train,1134,1168,1
split_01,1,train,822,843,1
split_01,1,train,2540,2735,0
split_01,1,train,2252,2405,0
split_01,1,train,3133,3418,0
split_01,1,train,552,567,1
split_01,1,train,2490,2676,0
split_01,1,train,485,495,1
split_01,1,train,2732,2966,0
split_01,1,train,3152,3439,0
split_01,1,train,1893,1984,0
split_01,1,train,1398,1434,1
split_01,1,train,1649,1703,1
split_01,1,train,783,804,1
split_01,1,train,1378,1414,1
split_01,1,train,1534,1571,1
split_01,1,train,965,991,1
split_01,1,train,1192,1227,1
split_01,1,train,924,950,1
split_01,1,train,704,723,1
split_01,1,train,969,996,1
split_01,1,train,2702,2934,0
split_01,1,train,2154,2294,0
split_01,1,train,18,19,1
split_01,1,train,1539,1576,1
split_01,1,train,1605,1644,1
split_01,1,train,1472,1509,1
split_01,1,train,2091,2225,0
split_01,1,train,157,161,1
split_01,1,train,1224,1259,1
split_01,1,train,266,272,1
split_01,1,train,3098,3379,0
split_01,1,train,1803,1880,0
split_01,1,train,2047,2171,0
split_01,1,train,193,198,1
split_01,1,train,2335,2505,0
split_01,1,train,2050,2175,0
split_01,1,train,814,835,1
split_01,1,train,1410,1446,1
split_01,1,train,509,520,1
split_01,1,train,270,277,1
split_01,1,train,806,827,1
split_01,1,train,2708,2940,0
split_01,1,train,1451,1488,1
split_01,1,train,3041,3314,0
split_01,1,train,150,154,1
split_01,1,train,936,962,1
split_01,1,train,1034,1062,1
split_01,1,train,1393,1429,1
split_01,1,train,41,43,1
split_01,1,train,2438,2621,0
split_01,1,train,3024,3293,0
split_01,1,train,2243,2396,0
split_01,1,train,239,245,1
split_01,1,train,1201,1236,1
split_01,1,train,2445,2630,0
split_01,1,train,1828,1908,0
split_01,1,train,1286,1321,1
split_01,1,train,2319,2488,0
split_01,1,train,37,38,1
split_01,1,train,888,910,1
split_01,1,train,1671,1725,1
split_01,1,train,1954,2055,0
split_01,1,train,1652,1706,1
split_01,1,train,852,873,1
split_01,1,train,303,311,1
split_01,1,train,2672,2899,0
split_01,1,train,751,772,1
split_01,1,train,1441,1478,1
split_01,1,train,1491,1528,1
split_01,1,train,2941,3198,0
split_01,1,train,2824,3070,0
split_01,1,train,294,302,1
split_01,1,train,9,10,1
split_01,1,train,1085,1115,1
split_01,1,train,3100,3381,0
split_01,1,train,284,291,1
split_01,1,train,688,706,1
split_01,1,train,273,280,1
split_01,1,train,247,253,1
split_01,1,train,2415,2594,0
split_01,1,train,1283,1318,1
split_01,1,train,2603,2816,0
split_01,1,train,3157,3447,0
split_01,1,train,58,60,1
split_01,1,train,3132,3417,0
split_01,1,train,612,627,1
split_01,1,train,2494,2680,0
split_01,1,train,610,625,1
split_01,1,train,2449,2634,0
split_01,1,train,1982,2088,0
split_01,1,train,2216,2367,0
split_01,1,train,629,645,1
split_01,1,train,3039,3311,0
split_01,1,train,2698,2930,0
split_01,1,train,93,95,1
split_01,1,train,2755,2992,0
split_01,1,train,1570,1607,1
split_01,1,train,1631,1679,1
split_01,1,train,668,686,1
split_01,1,train,1507,1544,1
split_01,1,train,1372,1408,1
split_01,1,train,1838,1920,0
split_01,1,train,2093,2228,0
split_01,1,train,1583,1622,1
split_01,1,train,1710,1770,0
split_01,1,train,2098,2233,0
split_01,1,train,3003,3269,0
split_01,1,train,864,886,1
split_01,1,train,1163,1198,1
split_01,1,train,1050,1078,1
split_01,1,train,2572,2775,0
split_01,1,train,2007,2119,0
split_01,1,train,2745,2981,0
split_01,1,train,487,497,1
split_01,1,train,195,201,1
split_01,1,train,2878,3129,0
split_01,1,train,1975,2080,0
split_01,1,train,1741,1805,0
split_01,1,train,1535,1572,1
split_01,1,train,1173,1208,1
split_01,1,train,2244,2397,0
split_01,1,train,2549,2745,0
split_01,1,train,1116,1149,1
split_01,1,train,414,423,1
split_01,1,train,2595,2803,0
split_01,1,train,1142,1176,1
split_01,1,train,2371,2542,0
split_01,1,train,2109,2244,0
split_01,1,train,1519,1556,1
split_01,1,train,1382,1418,1
split_01,1,train,2696,2928,0
split_01,1,train,178,182,1
split_01,1,train,1024,1052,1
split_01,1,train,2148,2287,0
split_01,1,train,362,371,1
split_01,1,train,439,448,1
split_01,1,train,248,254,1
split_01,1,train,2478,2664,0
split_01,1,train,2334,2504,0
split_01,1,train,1190,1225,1
split_01,1,train,2196,2343,0
split_01,1,train,3067,3345,0
split_01,1,train,779,800,1
split_01,1,train,876,898,1
split_01,1,train,634,651,1
split_01,1,train,264,270,1
split_01,1,train,2685,2915,0
split_01,1,train,813,834,1
split_01,1,train,2913,3167,0
split_01,1,train,2401,2578,0
split_01,1,train,2733,2967,0
split_01,1,train,2471,2657,0
split_01,1,train,658,676,1
split_01,1,train,1399,1435,1
split_01,1,train,1453,1490,1
split_01,1,train,2820,3066,0
split_01,1,train,2017,2136,0
split_01,1,train,2100,2235,0
split_01,1,train,119,121,1
split_01,1,train,406,415,1
split_01,1,train,1632,1680,1
split_01,1,train,2357,2528,0
split_01,1,train,2624,2842,0
split_01,1,train,643,660,1
split_01,1,train,234,240,1
split_01,1,train,2765,3006,0
split_01,1,train,3129,3414,0
split_01,1,train,603,618,1
split_01,1,train,1802,1879,0
split_01,1,train,1338,1374,1
split_01,1,train,325,333,1
split_01,1,train,1912,2008,0
split_01,1,train,2515,2707,0
split_01,1,train,1608,1647,1
split_01,1,train,592,607,1
split_01,1,train,1560,1597,1
split_01,1,train,2591,2797,0
split_01,1,train,1917,2013,0
split_01,1,train,468,478,1
split_01,1,train,3146,3431,0
split_01,1,train,961,987,1
split_01,1,train,2377,2552,0
split_01,1,train,1386,1422,1
split_01,1,train,3124,3407,0
split_01,1,train,348,357,1
split_01,1,train,85,87,1
split_01,1,train,2057,2182,0
split_01,1,train,2926,3182,0
split_01,1,train,1545,1582,1
split_01,1,train,3161,3457,0
split_01,1,train,3046,3320,0
split_01,1,train,183,187,1
split_01,1,train,2879,3130,0
split_01,1,train,2682,2912,0
split_01,1,train,3165,3461,0
split_01,1,train,757,778,1
split_01,1,train,2390,2566,0
split_01,1,train,271,278,1
split_01,1,train,2789,3033,0
split_01,1,train,737,757,1
split_01,1,train,602,617,1
split_01,1,train,2078,2210,0
split_01,1,train,2628,2847,0
split_01,1,train,432,441,1
split_01,1,train,2332,2502,0
split_01,1,train,1426,1463,1
split_01,1,train,1854,1940,0
split_01,1,train,2080,2212,0
split_01,1,train,3009,3277,0
split_01,1,train,127,129,1
split_01,1,train,1165,1200,1
split_01,1,train,2773,3014,0
split_01,1,train,2620,2836,0
split_01,1,train,1612,1653,1
split_01,1,train,968,994,1
split_01,1,train,2851,3100,0
split_01,1,train,992,1019,1
split_01,1,train,1125,1158,1
split_01,1,train,404,413,1
split_01,1,train,1278,1313,1
split_01,1,train,1566,1603,1
split_01,1,train,917,942,1
split_01,1,train,456,466,1
split_01,1,train,1588,1627,1
split_01,1,train,501,512,1
split_01,1,train,2305,2474,0
split_01,1,train,630,646,1
split_01,1,train,1019,1047,1
split_01,1,train,2410,2589,0
split_01,1,train,949,975,1
split_01,1,train,1691,1749,0
split_01,1,train,2766,3007,0
split_01,1,train,167,171,1
split_01,1,train,1099,1131,1
split_01,1,train,1295,1330,1
split_01,1,train,673,691,1
split_01,1,train,2038,2161,0
split_01,1,train,2563,2764,0
split_01,1,train,1332,1367,1
split_01,1,train,2954,3211,0
split_01,1,train,2191,2336,0
split_01,1,train,1633,1681,1
split_01,1,train,582,597,1
split_01,1,train,1686,1743,0
split_01,1,train,84,86,1
split_01,1,train,2815,3060,0
split_01,1,train,158,162,1
split_01,1,train,2752,2989,0
split_01,1,train,314,322,1
split_01,1,train,227,233,1
split_01,1,train,2788,3032,0
split_01,1,train,1567,1604,1
split_01,1,train,2740,2976,0
split_01,1,train,2705,2937,0
split_01,1,train,720,739,1
split_01,1,train,94,96,1
split_01,1,train,47,49,1
split_01,1,train,1383,1419,1
split_01,1,train,2001,2111,0
split_01,1,train,2267,2423,0
split_01,1,train,2632,2851,0
split_01,1,train,1879,1969,0
split_01,1,train,1653,1707,1
split_01,1,train,374,383,1
split_01,1,train,2172,2314,0
split_01,1,train,33,34,1
split_01,1,train,3115,3398,0
split_01,1,train,3023,3292,0
split_01,1,train,278,285,1
split_01,1,train,2648,2870,0
split_01,1,train,36,37,1
split_01,1,train,1471,1508,1
split_01,1,train,1004,1031,1
split_01,1,train,452,462,1
split_01,1,train,882,904,1
split_01,1,train,1979,2084,0
split_01,1,train,1577,1614,1
split_01,1,train,967,993,1
split_01,1,train,2679,2907,0
split_01,1,train,413,422,1
split_01,1,train,727,747,1
split_01,1,train,2022,2145,0
split_01,1,train,1172,1207,1
split_01,1,train,2327,2496,0
split_01,1,train,817,838,1
split_01,1,train,330,338,1
split_01,1,train,2927,3183,0
split_01,1,train,2421,2601,0
split_01,1,train,745,765,1
split_01,1,train,2106,2241,0
split_01,1,train,2242,2395,0
split_01,1,train,3122,3405,0
split_01,1,train,1241,1276,1
split_01,1,train,2448,2633,0
split_01,1,train,1247,1282,1
split_01,1,train,2556,2756,0
split_01,1,train,586,601,1
split_01,1,train,1578,1615,1
split_01,1,train,1553,1590,1
split_01,1,train,2871,3122,0
split_01,1,train,2298,2466,0
split_01,1,train,692,710,1
split_01,1,train,3119,3402,0
split_01,1,train,2463,2649,0
split_01,1,train,1915,2011,0
split_01,1,train,2472,2658,0
split_01,1,train,2230,2381,0
split_01,1,train,2141,2279,0
split_01,1,train,56,58,1
split_01,1,train,1151,1185,1
split_01,1,train,455,465,1
split_01,1,train,3089,3368,0
split_01,1,train,1466,1503,1
split_01,1,train,2456,2641,0
split_01,1,train,604,619,1
split_01,1,train,2838,3086,0
split_01,1,train,900,923,1
split_01,1,train,1422,1459,1
split_01,1,train,666,684,1
split_01,1,train,2163,2305,0
split_01,1,train,743,763,1
split_01,1,train,1174,1209,1
split_01,1,train,1934,2031,0
split_01,1,train,489,499,1
split_01,1,train,863,885,1
split_01,1,train,2810,3055,0
split_01,1,train,1326,1361,1
split_01,1,train,2382,2558,0
split_01,1,train,1991,2100,0
split_01,1,train,262,268,1
split_01,1,train,2425,2606,0
split_01,1,train,2303,2472,0
split_01,1,train,2714,2946,0
split_01,1,train,1257,1292,1
split_01,1,train,1932,2029,0
split_01,1,train,761,782,1
split_01,1,train,3138,3423,0
split_01,1,train,3084,3363,0
split_01,1,train,1640,1690,1
split_01,1,train,2946,3203,0
split_01,1,train,2866,3117,0
split_01,1,train,3063,3341,0
split_01,1,train,548,563,1
split_01,1,train,194,199,1
split_01,1,train,1309,1344,1
split_01,1,train,1967,2071,0
split_01,1,train,3026,3296,0
split_01,1,train,1160,1195,1
split_01,1,train,1720,1780,0
split_01,1,train,88,90,1
split_01,1,train,27,28,1
split_01,1,train,1756,1823,0
split_01,1,train,1131,1165,1
split_01,1,train,219,225,1
split_01,1,train,730,750,1
split_01,1,train,545,560,1
split_01,1,train,2695,2927,0
split_01,1,train,2395,2571,0
split_01,1,train,506,517,1
split_01,1,train,698,717,1
split_01,1,train,2275,2433,0
split_01,1,train,1796,1872,0
split_01,1,train,1700,1759,0
split_01,1,train,2260,2416,0
split_01,1,train,1043,1071,1
split_01,1,train,1922,2018,0
split_01,1,train,2551,2748,0
split_01,1,train,2137,2274,0
split_01,1,train,750,771,1
split_01,1,train,159,163,1
split_01,1,train,2995,3260,0
split_01,1,train,2219,2370,0
split_01,1,train,2844,3093,0
split_01,1,train,293,301,1
split_01,1,train,51,53,1
split_01,1,train,3077,3356,0
split_01,1,train,126,128,1
split_01,1,train,2786,3030,0
split_01,1,train,1941,2039,0
split_01,1,train,2645,2867,0
split_01,1,train,1342,1378,1
split_01,1,train,1208,1243,1
split_01,1,train,1871,1961,0
split_01,1,train,1564,1601,1
split_01,1,train,565,580,1
split_01,1,train,2847,3096,0
split_01,1,train,1763,1830,0
split_01,1,train,296,304,1
split_01,1,train,2016,2135,0
split_01,1,train,2422,2602,0
split_01,1,train,1694,1753,0
split_01,1,train,804,825,1
split_01,1,train,1051,1079,1
split_01,1,train,2560,2761,0
split_01,1,train,588,603,1
split_01,1,train,1108,1141,1
split_01,1,train,2774,3015,0
split_01,1,train,1135,1169,1
split_01,1,train,2818,3064,0
split_01,1,train,1766,1833,0
split_01,1,train,2175,2317,0
split_01,1,train,911,936,1
split_01,1,train,1876,1966,0
split_01,1,train,1843,1928,0
split_01,1,train,1902,1997,0
split_01,1,train,2559,2759,0
split_01,1,train,2969,3229,0
split_01,1,train,323,331,1
split_01,1,train,2082,2214,0
split_01,1,train,1574,1611,1
split_01,1,train,2825,3071,0
split_01,1,train,1358,1394,1
split_01,1,train,1664,1718,1
split_01,1,train,2530,2724,0
split_01,1,train,2044,2168,0
split_01,1,train,2308,2477,0
split_01,1,train,3037,3309,0
split_01,1,train,3140,3425,0
split_01,1,train,3068,3346,0
split_01,1,train,819,840,1
split_01,1,train,2489,2675,0
split_01,1,train,2775,3016,0
split_01,1,train,1263,1298,1
split_01,1,train,1726,1786,0
split_01,1,train,1869,1958,0
split_01,1,train,3153,3440,0
split_01,1,train,2102,2237,0
split_01,1,train,2589,2795,0
split_01,1,train,775,796,1
split_01,1,train,1280,1315,1
split_01,1,train,2722,2955,0
split_01,1,train,2814,3059,0
split_01,1,train,1580,1617,1
split_01,1,train,3010,3278,0
split_01,1,train,373,382,1
split_01,1,train,853,874,1
split_01,1,train,2550,2747,0
split_01,1,train,2659,2883,0
split_01,1,train,1981,2087,0
split_01,1,train,653,671,1
split_01,1,train,1666,1720,1
split_01,1,train,2426,2607,0
split_01,1,train,2715,2947,0
split_01,1,train,1330,1365,1
split_01,1,train,564,579,1
split_01,1,train,2393,2569,0
split_01,1,train,437,446,1
split_01,1,train,1405,1441,1
split_01,1,train,1945,2043,0
split_01,1,train,2268,2425,0
split_01,1,train,708,727,1
split_01,1,train,568,583,1
split_01,1,train,2159,2299,0
split_01,1,train,2486,2672,0
split_01,1,train,1158,1193,1
split_01,1,train,1894,1986,0
split_01,1,train,1789,1864,0
split_01,1,train,1521,1558,1
split_01,1,train,621,637,1
split_01,1,train,2142,2280,0
split_01,1,train,1782,1855,0
split_01,1,train,377,386,1
split_01,1,train,801,822,1
split_01,1,train,638,655,1
split_01,1,train,2420,2600,0
split_01,1,train,1148,1182,1
split_01,1,train,1306,1341,1
split_01,1,train,2570,2773,0
split_01,1,train,1679,1733,1
split_01,1,train,1068,1097,1
split_01,1,train,480,490,1
split_01,1,train,2604,2817,0
split_01,1,train,3134,3419,0
split_01,1,train,1518,1555,1
split_01,1,train,2638,2858,0
split_01,1,train,1969,2074,0
split_01,1,train,1961,2065,0
split_01,1,train,1637,1687,1
split_01,1,train,2754,2991,0
split_01,1,train,2539,2734,0
split_01,1,train,2968,3228,0
split_01,1,train,1771,1840,0
split_01,1,train,492,503,1
split_01,1,train,1334,1369,1
split_01,1,train,613,628,1
split_01,1,train,637,654,1
split_01,1,train,274,281,1
split_01,1,train,1799,1876,0
split_01,1,train,2145,2283,0
split_01,1,train,2902,3154,0
split_01,1,train,1030,1058,1
split_01,1,train,1753,1820,0
split_01,1,train,951,977,1
split_01,1,train,1882,1972,0
split_01,1,train,678,696,1
split_01,1,train,2675,2902,0
split_01,1,train,3163,3459,0
split_01,1,train,2726,2959,0
split_01,1,train,2012,2131,0
split_01,1,train,1048,1076,1
split_01,1,train,979,1006,1
split_01,1,train,2010,2129,0
split_01,1,train,2610,2824,0
split_01,1,train,1499,1536,1
split_01,1,train,1765,1832,0
split_01,1,train,3128,3413,0
split_01,1,train,1025,1053,1
split_01,1,train,2832,3080,0
split_01,1,train,849,870,1
split_01,1,train,2944,3201,0
split_01,1,train,597,612,1
split_01,1,train,3016,3284,0
split_01,1,train,3130,3415,0
split_01,1,train,2694,2925,0
split_01,1,train,3057,3335,0
split_01,1,train,357,366,1
split_01,1,train,2743,2979,0
split_01,1,train,975,1002,1
split_01,1,train,1424,1461,1
split_01,1,train,1102,1134,1
split_01,1,train,2169,2311,0
split_01,1,train,2189,2334,0
split_01,1,train,177,181,1
split_01,1,train,140,143,1
split_01,1,train,2110,2245,0
split_01,1,train,3088,3367,0
split_01,1,train,1532,1569,1
split_01,1,train,2758,2996,0
split_01,1,train,2076,2208,0
split_01,1,train,2934,3191,0
split_01,1,train,3036,3308,0
split_01,1,train,1054,1082,1
split_01,1,train,1162,1197,1
split_01,1,train,95,97,1
split_01,1,train,788,809,1
split_01,1,train,1581,1620,1
split_01,1,train,2063,2191,0
split_01,1,train,1256,1291,1
split_01,1,train,1479,1516,1
split_01,1,train,1826,1906,0
split_01,1,train,518,529,1
split_01,1,train,1,2,1
split_01,1,train,2074,2206,0
split_01,1,train,2586,2791,0
split_01,1,train,408,417,1
split_01,1,train,1049,1077,1
split_01,1,train,2508,2694,0
split_01,1,train,2263,2419,0
split_01,1,train,1081,1111,1
split_01,1,train,2592,2798,0
split_01,1,train,927,953,1
split_01,1,train,1212,1247,1
split_01,1,train,1984,2090,0
split_01,1,train,796,817,1
split_01,1,train,1438,1475,1
split_01,1,train,224,230,1
split_01,1,train,2687,2917,0
split_01,1,train,1630,1678,1
split_01,1,train,958,984,1
split_01,1,train,1288,1323,1
split_01,1,train,1624,1670,1
split_01,1,train,1436,1473,1
split_01,1,train,2029,2152,0
split_01,1,train,546,561,1
split_01,1,train,481,491,1
split_01,1,train,879,901,1
split_01,1,train,2802,3046,0
split_01,1,train,1794,1870,0
split_01,1,train,2841,3090,0
split_01,1,train,2864,3115,0
split_01,1,train,2739,2975,0
split_01,1,train,1701,1760,0
split_01,1,train,2491,2677,0
split_01,1,train,472,482,1
split_01,1,train,2123,2259,0
split_01,1,train,186,190,1
split_01,1,train,1827,1907,0
split_01,1,train,534,547,1
split_01,1,train,131,133,1
split_01,1,train,2068,2197,0
split_01,1,train,451,461,1
split_01,1,train,2524,2718,0
split_01,1,train,1361,1397,1
split_01,1,train,1709,1768,0
split_01,1,train,2446,2631,0
split_01,1,train,39,41,1
split_01,1,train,2497,2683,0
split_01,1,train,689,707,1
split_01,1,train,1242,1277,1
split_01,1,train,3047,3321,0
split_01,1,train,1449,1486,1
split_01,1,train,19,20,1
split_01,1,train,1439,1476,1
split_01,1,train,2496,2682,0
split_01,1,train,2324,2493,0
split_01,1,train,2776,3017,0
split_01,1,train,755,776,1
split_01,1,train,3127,3412,0
split_01,1,train,1462,1499,1
split_01,1,train,2343,2514,0
split_01,1,train,1881,1971,0
split_01,1,train,151,155,1
split_01,1,train,710,729,1
split_01,1,train,261,267,1
split_01,1,train,1732,1793,0
split_01,1,train,2888,3139,0
split_01,1,train,2417,2596,0
split_01,1,train,1800,1877,0
split_01,1,train,1722,1782,0
split_01,1,train,3118,3401,0
split_01,1,train,1454,1491,1
split_01,1,train,420,429,1
split_01,1,train,1768,1837,0
split_01,1,train,1751,1818,0
split_01,1,train,1284,1319,1
split_01,1,train,766,787,1
split_01,1,train,1327,1362,1
split_01,1,train,2837,3085,0
split_01,1,train,1668,1722,1
split_01,1,train,1325,1360,1
split_01,1,train,2021,2140,0
split_01,1,train,2881,3132,0
split_01,1,train,2896,3148,0
split_01,1,train,1265,1300,1
split_01,1,train,1770,1839,0
split_01,1,train,2168,2310,0
split_01,1,train,498,509,1
split_01,1,train,871,893,1
split_01,1,train,2710,2942,0
split_01,1,train,2637,2857,0
split_01,1,train,1067,1096,1
split_01,1,train,2359,2530,0
split_01,1,train,3154,3441,0
split_01,1,train,3113,3396,0
split_01,1,train,2943,3200,0
split_01,1,train,416,425,1
split_01,1,train,665,683,1
split_01,1,train,667,685,1
split_01,1,train,669,687,1
split_01,1,train,1815,1894,0
split_01,1,train,1407,1443,1
split_01,1,train,2501,2687,0
split_01,1,train,313,321,1
split_01,1,train,1946,2046,0
split_01,1,train,3144,3429,0
split_01,1,train,1684,1741,0
split_01,1,train,2780,3021,0
split_01,1,train,893,915,1
split_01,1,train,2130,2266,0
split_01,1,train,1002,1029,1
split_01,1,train,2240,2392,0
split_01,1,train,1331,1366,1
split_01,1,train,1069,1098,1
split_01,1,train,1874,1964,0
split_01,1,train,606,621,1
split_01,1,train,2579,2784,0
split_01,1,train,1643,1693,1
split_01,1,train,3048,3322,0
split_01,1,train,2231,2382,0
split_01,1,train,2619,2835,0
split_01,1,train,2948,3205,0
split_01,1,train,2877,3128,0
split_01,1,train,2218,2369,0
split_01,1,train,1482,1519,1
split_01,1,train,436,445,1
split_01,1,train,1708,1767,0
split_01,1,train,2476,2662,0
split_01,1,train,1526,1563,1
split_01,1,train,3076,3355,0
split_01,1,train,2778,3019,0
split_01,1,train,2195,2341,0
split_01,1,train,2582,2787,0
split_01,1,train,2315,2484,0
split_01,1,train,1619,1664,1
split_01,1,train,1543,1580,1
split_01,1,train,663,681,1
split_01,1,train,2779,3020,0
split_01,1,train,1343,1379,1
split_01,1,train,2850,3099,0
split_01,1,train,2827,3074,0
split_01,1,train,1261,1296,1
split_01,1,train,2862,3113,0
split_01,1,train,887,909,1
split_01,1,train,1658,1712,1
split_01,1,train,2528,2722,0
split_01,1,train,1572,1609,1
split_01,1,train,1126,1159,1
split_01,1,train,655,673,1
split_01,1,train,1495,1532,1
split_01,1,train,1272,1307,1
split_01,1,train,2259,2414,0
split_01,1,train,218,224,1
split_01,1,train,1483,1520,1
split_01,1,train,1996,2106,0
split_01,1,train,435,444,1
split_01,1,train,3104,3387,0
split_01,1,train,1748,1814,0
split_01,1,train,559,574,1
split_01,1,train,2223,2374,0
split_01,1,train,3143,3428,0
split_01,1,train,2709,2941,0
split_01,1,train,2314,2483,0
split_01,1,train,1268,1303,1
split_01,1,train,932,958,1
split_01,1,train,591,606,1
split_01,1,train,1169,1204,1
split_01,1,train,442,451,1
split_01,1,train,671,689,1
split_01,1,train,532,545,1
split_01,1,train,2250,2403,0
split_01,1,train,1421,1458,1
split_01,1,train,2953,3210,0
split_01,1,train,1728,1788,0
split_01,1,train,2689,2919,0
split_01,1,train,986,1013,1
split_01,1,train,229,235,1
split_01,1,train,3066,3344,0
split_01,1,train,2513,2700,0
split_01,1,train,2453,2638,0
split_01,1,train,1111,1144,1
split_01,1,train,1779,1852,0
split_01,1,train,170,174,1
split_01,1,train,1515,1552,1
split_01,1,train,2043,2167,0
split_01,1,train,410,419,1
split_01,1,train,2079,2211,0
split_01,1,train,901,924,1
split_01,1,train,1745,1811,0
split_01,1,train,919,944,1
split_01,1,train,1227,1262,1
split_01,1,train,1602,1641,1
split_01,1,train,2207,2357,0
split_01,1,train,956,982,1
split_01,1,train,828,849,1
split_01,1,train,1703,1762,0
split_01,1,train,1275,1310,1
split_01,1,train,1470,1507,1
split_01,1,train,2055,2180,0
split_01,1,train,1736,1798,0
split_01,1,train,1157,1192,1
split_01,1,train,935,961,1
split_01,1,train,2587,2792,0
split_01,1,train,1008,1036,1
split_01,1,train,295,303,1
split_01,1,train,353,362,1
split_01,1,train,628,644,1
split_01,1,train,2349,2520,0
split_01,1,train,2605,2818,0
split_01,1,train,135,138,1
split_01,1,train,450,460,1
split_01,1,train,626,642,1
split_01,1,train,1063,1092,1
split_01,1,train,2301,2470,0
split_01,1,train,1060,1089,1
split_01,1,train,2152,2291,0
split_01,1,train,1918,2014,0
split_01,1,train,3102,3383,0
split_01,1,train,2898,3150,0
split_01,1,train,1380,1416,1
split_01,1,train,3059,3337,0
split_01,1,train,818,839,1
split_01,1,train,1502,1539,1
split_01,1,train,2418,2597,0
split_01,1,train,1733,1794,0
split_01,1,train,1783,1856,0
split_01,1,train,858,879,1
split_01,1,train,1354,1390,1
split_01,1,train,962,988,1
split_01,1,train,1730,1791,0
split_01,1,train,1554,1591,1
split_01,1,train,1987,2094,0
split_01,1,train,1455,1492,1
split_01,1,train,1723,1783,0
split_01,1,train,491,501,1
split_01,1,train,815,836,1
split_01,1,train,2924,3178,0
split_01,1,train,153,157,1
split_01,1,train,488,498,1
split_01,1,train,1951,2052,0
split_01,1,train,1968,2073,0
split_01,1,train,896,918,1
split_01,1,train,1909,2005,0
split_01,1,train,1026,1054,1
split_01,1,train,109,111,1
split_01,1,train,1645,1695,1
split_01,1,train,1180,1215,1
split_01,1,train,2125,2261,0
split_01,1,train,789,810,1
split_01,1,train,2764,3005,0
split_01,1,train,2985,3249,0
split_01,1,train,479,489,1
split_01,1,train,459,469,1
split_01,1,train,53,55,1
split_01,1,train,2809,3054,0
split_01,1,train,1899,1991,0
split_01,1,train,3151,3438,0
split_01,1,train,1856,1942,0
split_01,1,train,1529,1566,1
split_01,1,train,4,5,1
split_01,1,train,2352,2523,0
split_01,1,train,2874,3125,0
split_01,1,train,1735,1796,0
split_01,1,train,3,4,1
split_01,1,train,845,866,1
split_01,1,train,2035,2158,0
split_01,1,train,794,815,1
split_01,1,train,2670,2897,0
split_01,1,train,1023,1051,1
split_01,1,train,916,941,1
split_01,1,train,1433,1470,1
split_01,1,train,282,289,1
split_01,1,train,1683,1740,0
split_01,1,train,2703,2935,0
split_01,1,train,212,218,1
split_01,1,train,2249,2402,0
split_01,1,train,3149,3435,0
split_01,1,train,2041,2165,0
split_01,1,train,1727,1787,0
split_01,1,train,2026,2149,0
split_01,1,train,1721,1781,0
split_01,1,train,1448,1485,1
split_01,1,train,276,283,1
split_01,1,train,3034,3305,0
split_01,1,train,2316,2485,0
split_01,1,train,1988,2096,0
split_01,1,train,952,978,1
split_01,1,train,609,624,1
split_01,1,train,1032,1060,1
split_01,1,train,1958,2061,0
split_01,1,train,1488,1525,1
split_01,1,train,308,316,1
split_01,1,train,2748,2984,0
split_01,1,train,959,985,1
split_01,1,train,1365,1401,1
split_01,1,train,344,353,1
split_01,1,train,335,344,1
split_01,1,train,2060,2187,0
split_01,1,train,2285,2449,0
split_01,1,train,482,492,1
split_01,1,train,2355,2526,0
split_01,1,train,3013,3281,0
split_01,1,train,622,638,1
split_01,1,train,839,860,1
split_01,1,train,2718,2950,0
split_01,1,train,1156,1190,1
split_01,1,train,577,592,1
split_01,1,train,3116,3399,0
split_01,1,train,1845,1930,0
split_01,1,train,2409,2588,0
split_01,1,train,117,119,1
split_01,1,train,43,45,1
split_01,1,train,2842,3091,0
split_01,1,train,316,324,1
split_01,1,train,2309,2478,0
split_01,1,train,2213,2364,0
split_01,1,train,7,8,1
split_01,1,train,2474,2660,0
split_01,1,train,2212,2362,0
split_01,1,train,1319,1354,1
split_01,1,train,1230,1265,1
split_01,1,train,2650,2872,0
split_01,1,train,2075,2207,0
split_01,1,train,833,854,1
split_01,1,train,3011,3279,0
split_01,1,train,3074,3353,0
split_01,1,train,1743,1808,0
split_01,1,train,2008,2124,0
split_01,1,train,1648,1698,1
split_01,1,train,365,374,1
split_01,1,train,464,474,1
split_01,1,train,2428,2609,0
split_01,1,train,925,951,1
split_01,1,train,64,66,1
split_01,1,train,2134,2271,0
split_01,1,train,1258,1293,1
split_01,1,train,1867,1955,0
split_01,1,train,1481,1518,1
split_01,1,train,363,372,1
split_01,1,train,1103,1136,1
split_01,1,train,792,813,1
split_01,1,train,221,227,1
split_01,1,train,2011,2130,0
split_01,1,train,1821,1901,0
split_01,1,train,2930,3186,0
split_01,1,train,2222,2373,0
split_01,1,train,2856,3106,0
split_01,1,train,2247,2400,0
split_01,1,train,493,504,1
split_01,1,train,1558,1595,1
split_01,1,train,2351,2522,0
split_01,1,train,2547,2743,0
split_01,1,train,2583,2788,0
split_01,1,train,179,183,1
split_01,1,train,1339,1375,1
split_01,1,train,982,1009,1
split_01,1,train,2882,3133,0
split_01,1,train,3006,3272,0
split_01,1,train,253,259,1
split_01,1,train,1823,1903,0
split_01,1,train,2264,2420,0
split_01,1,train,2118,2254,0
split_01,1,train,2459,2644,0
split_01,1,train,661,679,1
split_01,1,train,2147,2286,0
split_01,1,train,1607,1646,1
split_01,1,train,538,552,1
split_01,1,train,558,573,1
split_01,1,train,2829,3076,0
split_01,1,train,2061,2188,0
split_01,1,train,1262,1297,1
split_01,1,train,923,949,1
split_01,1,train,154,158,1
split_01,1,train,1651,1705,1
split_01,1,train,1110,1143,1
split_01,1,train,1702,1761,0
split_01,1,train,517,528,1
split_01,1,train,664,682,1
split_01,1,train,2185,2329,0
split_01,1,train,3110,3393,0
split_01,1,train,883,905,1
split_01,1,train,914,939,1
split_01,1,train,1089,1120,1
split_01,1,train,554,569,1
split_01,1,train,272,279,1
split_01,1,train,1697,1756,0
split_01,1,train,2122,2258,0
split_01,1,train,2502,2688,0
split_01,1,train,2529,2723,0
split_01,1,train,2160,2300,0
split_01,1,train,2507,2693,0
split_01,1,train,2542,2737,0
split_01,1,train,15,16,1
split_01,1,train,584,599,1
split_01,1,train,2770,3011,0
split_01,1,train,1182,1217,1
split_01,1,train,2379,2554,0
split_01,1,train,1859,1946,0
split_01,1,train,1505,1542,1
split_01,1,train,1188,1223,1
split_01,1,train,226,232,1
split_01,1,train,1340,1376,1
split_01,1,train,143,146,1
split_01,1,train,2737,2973,0
split_01,1,train,281,288,1
split_01,1,train,76,78,1
split_01,1,train,1911,2007,0
split_01,1,train,1381,1417,1
split_01,1,train,2660,2884,0
split_01,1,train,428,437,1
split_01,1,train,782,803,1
split_01,1,train,1083,1113,1
split_01,1,train,124,126,1
split_01,1,train,1117,1150,1
split_01,1,train,2283,2442,0
split_01,1,train,2921,3175,0
split_01,1,train,1831,1912,0
split_01,1,train,1863,1950,0
split_01,1,train,331,339,1
split_01,1,train,991,1018,1
split_01,1,train,1883,1973,0
split_01,1,train,786,807,1
split_01,1,train,2114,2249,0
split_01,1,train,640,657,1
split_01,1,train,1446,1483,1
split_01,1,train,148,151,1
split_01,1,train,1960,2064,0
split_01,1,train,1857,1944,0
split_01,1,train,2906,3159,0
split_01,1,train,1403,1439,1
split_01,1,train,1764,1831,0
split_01,1,train,2406,2585,0
split_01,1,train,2839,3087,0
split_01,1,train,1430,1467,1
split_01,1,train,733,753,1
split_01,1,train,240,246,1
split_01,1,train,2712,2944,0
split_01,1,train,11,12,1
split_01,1,train,3136,3421,0
split_01,1,train,2647,2869,0
split_01,1,train,3056,3334,0
split_01,1,train,1000,1027,1
split_01,1,train,1525,1562,1
split_01,1,train,537,550,1
split_01,1,train,2681,2910,0
split_01,1,train,2095,2230,0
split_01,1,train,2978,3238,0
split_01,1,train,832,853,1
split_01,1,train,1009,1037,1
split_01,1,train,173,177,1
split_01,1,train,162,166,1
split_01,1,train,2115,2250,0
split_01,1,train,286,294,1
split_01,1,train,474,484,1
split_01,1,train,1003,1030,1
split_01,1,train,217,223,1
split_01,1,train,2749,2985,0
split_01,1,train,301,309,1
split_01,1,train,2657,2881,0
split_01,1,train,744,764,1
split_01,1,train,525,537,1
split_01,1,train,1767,1836,0
split_01,1,train,2900,3152,0
split_01,1,train,2819,3065,0
split_01,1,train,2983,3246,0
split_01,1,train,2277,2435,0
split_01,1,train,2525,2719,0
split_01,1,train,2916,3170,0
split_01,1,train,2404,2583,0
split_01,1,train,2475,2661,0
split_01,1,train,2894,3146,0
split_01,1,train,2455,2640,0
split_01,1,train,134,137,1
split_01,1,train,2466,2652,0
split_01,1,train,2286,2450,0
split_01,1,train,1177,1212,1
split_01,1,train,2523,2717,0
split_01,1,train,1900,1992,0
split_01,1,train,686,704,1
split_01,1,train,2635,2854,0
split_01,1,train,635,652,1
split_01,1,train,2767,3008,0
split_01,1,train,2039,2162,0
split_01,1,train,1556,1593,1
split_01,1,train,209,215,1
split_01,1,train,2975,3235,0
split_01,1,train,2830,3077,0
split_01,1,train,1375,1411,1
split_01,1,train,831,852,1
split_01,1,train,851,872,1
split_01,1,train,2803,3047,0
split_01,1,train,1300,1335,1
split_01,1,train,220,226,1
split_01,1,train,1324,1359,1
split_01,1,train,2577,2782,0
split_01,1,train,497,508,1
split_01,1,train,1819,1899,0
split_01,1,train,3125,3409,0
split_01,1,train,1835,1916,0
split_01,1,train,2329,2498,0
split_01,1,train,423,432,1
split_01,1,train,1461,1498,1
split_01,1,train,611,626,1
split_01,1,train,2536,2731,0
split_01,1,train,702,721,1
split_01,1,train,844,865,1
split_01,1,train,1250,1285,1
split_01,1,train,2467,2653,0
split_01,1,train,2506,2692,0
split_01,1,train,2392,2568,0
split_01,1,train,2531,2725,0
split_01,1,train,2870,3121,0
split_01,1,train,608,623,1
split_01,1,train,2097,2232,0
split_01,1,train,241,247,1
split_01,1,train,164,168,1
split_01,1,train,2593,2799,0
split_01,1,train,1187,1222,1
split_01,1,train,2364,2535,0
split_01,1,train,2232,2383,0
split_01,1,train,2731,2965,0
split_01,1,train,2691,2922,0
split_01,1,train,1853,1939,0
split_01,1,train,2108,2243,0
split_01,1,train,2578,2783,0
split_01,1,train,709,728,1
split_01,1,train,500,511,1
split_01,1,train,960,986,1
split_01,1,train,2849,3098,0
split_01,1,train,2642,2864,0
split_01,1,train,2302,2471,0
split_01,1,train,1492,1529,1
split_01,1,train,2634,2853,0
split_01,1,train,326,334,1
split_01,1,train,1282,1317,1
split_01,1,train,590,605,1
split_01,1,train,205,211,1
split_01,1,train,1747,1813,0
split_01,1,train,2398,2575,0
split_01,1,train,2495,2681,0
split_01,1,train,1318,1353,1
split_01,1,train,2378,2553,0
split_01,1,train,995,1022,1
split_01,1,train,1528,1565,1
split_01,1,train,1120,1153,1
split_01,1,train,305,313,1
split_01,1,train,2226,2377,0
split_01,1,train,2957,3214,0
split_01,1,train,2658,2882,0
split_01,1,train,1337,1373,1
split_01,1,train,823,844,1
split_01,1,train,1457,1494,1
split_01,1,train,1754,1821,0
split_01,1,train,1806,1883,0
split_01,1,train,2085,2218,0
split_01,1,train,211,217,1
split_01,1,train,1071,1100,1
split_01,1,train,2961,3219,0
split_01,1,train,3106,3389,0
split_01,1,train,1718,1778,0
split_01,1,train,2805,3049,0
split_01,1,train,2677,2904,0
split_01,1,train,1084,1114,1
split_01,1,train,182,186,1
split_01,1,train,1317,1352,1
split_01,1,train,2028,2151,0
split_01,1,train,966,992,1
split_01,1,train,54,56,1
split_01,1,train,2949,3206,0
split_01,1,train,1841,1924,0
split_01,1,train,346,355,1
split_01,1,train,1818,1898,0
split_01,1,train,1385,1421,1
split_01,1,train,722,741,1
split_01,1,train,680,698,1
split_01,1,train,2872,3123,0
split_01,1,train,2279,2438,0
split_01,1,train,1086,1116,1
split_01,1,train,1978,2083,0
split_01,1,train,1234,1269,1
split_01,1,train,2548,2744,0
split_01,1,train,1875,1965,0
split_01,1,train,2384,2560,0
split_01,1,train,2516,2708,0
split_01,1,train,3091,3370,0
split_01,1,train,2688,2918,0
split_01,1,train,581,596,1
split_01,1,train,2834,3082,0
split_01,1,train,2893,3145,0
split_01,1,train,213,219,1
split_01,1,train,983,1010,1
split_01,1,train,2307,2476,0
split_01,1,train,1232,1267,1
split_01,1,train,2408,2587,0
split_01,1,train,1176,1211,1
split_01,1,train,1425,1462,1
split_01,1,train,2609,2822,0
split_01,1,train,1036,1064,1
split_01,1,train,1822,1902,0
split_01,1,train,12,13,1
split_01,1,train,13,14,1
split_01,1,train,2781,3022,0
split_01,1,train,685,703,1
split_01,1,train,2711,2943,0
split_01,1,train,1011,1039,1
split_01,1,train,1028,1056,1
split_01,1,train,2914,3168,0
split_01,1,train,659,677,1
split_01,1,train,123,125,1
split_01,1,train,204,210,1
split_01,1,train,2170,2312,0
split_01,1,train,206,212,1
split_01,1,train,1059,1088,1
split_01,1,train,2601,2814,0
split_01,1,train,2724,2957,0
split_01,1,train,843,864,1
split_01,1,train,133,136,1
split_01,1,train,894,916,1
split_01,1,train,2107,2242,0
split_01,1,train,771,792,1
split_01,1,train,3061,3339,0
split_01,1,train,311,319,1
split_01,1,train,441,450,1
split_01,1,train,854,875,1
split_01,1,train,2069,2200,0
split_01,1,train,1729,1790,0
split_01,1,train,747,768,1
split_01,1,train,915,940,1
split_01,1,train,1905,2000,0
split_01,1,train,1713,1773,0
split_01,1,train,981,1008,1
split_01,1,train,3070,3348,0
split_01,1,train,447,456,1
split_01,1,train,937,963,1
split_01,1,train,1913,2009,0
split_01,1,train,146,149,1
split_01,1,train,72,74,1
split_01,1,train,2890,3141,0
split_01,1,train,787,808,1
split_01,1,train,1817,1897,0
split_01,1,train,499,510,1
split_01,1,train,257,263,1
split_01,1,train,2477,2663,0
split_01,1,train,683,701,1
split_01,1,train,2836,3084,0
split_01,1,train,3008,3276,0
split_01,1,train,567,582,1
split_01,1,train,1562,1599,1
split_01,1,train,2699,2931,0
split_01,1,train,2860,3111,0
split_01,1,train,2567,2769,0
split_01,1,train,1189,1224,1
split_01,1,train,874,896,1
split_01,1,train,2458,2643,0
split_01,1,train,1811,1889,0
split_01,1,train,2288,2452,0
split_01,1,train,302,310,1
split_01,1,train,599,614,1
split_01,1,train,1536,1573,1
split_01,1,train,2938,3195,0
split_01,1,train,415,424,1
split_01,1,train,2993,3257,0
split_01,1,train,2045,2169,0
split_01,1,train,908,933,1
split_01,1,train,711,730,1
split_01,1,train,765,786,1
split_01,1,train,2538,2733,0
split_01,1,train,2059,2186,0
split_01,1,train,317,325,1
split_01,1,train,728,748,1
split_01,1,train,1328,1363,1
split_01,1,train,1698,1757,0
split_01,1,train,912,937,1
split_01,1,train,1374,1410,1
split_01,1,train,1223,1258,1
split_01,1,train,2534,2728,0
split_01,1,train,746,767,1
split_01,1,train,1021,1049,1
split_01,1,train,1699,1758,0
split_01,1,train,103,105,1
split_01,1,train,1906,2002,0
split_01,1,train,1778,1851,0
split_01,1,train,174,178,1
split_01,1,train,341,350,1
split_01,1,train,1807,1884,0
split_01,1,train,91,93,1
split_01,1,train,963,989,1
split_01,1,train,1550,1587,1
split_01,1,train,1175,1210,1
split_01,1,train,2280,2439,0
split_01,1,train,398,407,1
split_01,1,train,1641,1691,1
split_01,1,train,1432,1469,1
split_01,1,train,142,145,1
split_01,1,train,3120,3403,0
split_01,1,train,1687,1745,0
split_01,1,train,748,769,1
split_01,1,train,1463,1500,1
split_01,1,train,2892,3144,0
split_01,1,train,1737,1799,0
split_01,1,train,1020,1048,1
split_01,1,train,329,337,1
split_01,1,train,2989,3253,0
split_01,1,train,676,694,1
split_01,1,train,2311,2480,0
split_01,1,train,950,976,1
split_01,1,train,392,401,1
split_01,1,train,2936,3193,0
split_01,1,train,2461,2646,0
split_01,1,train,2464,2650,0
split_01,1,train,1297,1332,1
split_01,1,train,249,255,1
split_01,1,train,2176,2318,0
split_01,1,train,185,189,1
split_01,1,train,1315,1350,1
split_01,1,train,1704,1763,0
split_01,1,train,3012,3280,0
split_01,1,train,339,348,1
split_01,1,train,1760,1827,0
split_01,1,train,825,846,1
split_01,1,train,1995,2105,0
split_01,1,train,1202,1237,1
split_01,1,train,152,156,1
split_01,1,train,762,783,1
split_01,1,train,1919,2015,0
split_01,1,train,370,379,1
split_01,1,train,2908,3162,0
split_01,1,train,2880,3131,0
split_01,1,train,3035,3306,0
split_01,1,train,2899,3151,0
split_01,1,train,1549,1586,1
split_01,1,train,1725,1785,0
split_01,1,train,2204,2353,0
split_01,1,train,3166,3462,0
split_01,1,train,646,664,1
split_01,1,train,352,361,1
split_01,1,train,3018,3287,0
split_01,1,train,3156,3446,0
split_01,1,train,2235,2386,0
split_01,1,train,2437,2619,0
split_01,1,test,2397,2574,0
split_01,1,test,2976,3236,0
split_01,1,test,1477,1514,1
split_01,1,test,1962,2066,0
split_01,1,test,2947,3204,0
split_01,1,test,1916,2012,0
split_01,1,test,2759,2997,0
split_01,1,test,2992,3256,0
split_01,1,test,2747,2983,0
split_01,1,test,2493,2679,0
split_01,1,test,2387,2563,0
split_01,1,test,1299,1334,1
split_01,1,test,802,823,1
split_01,1,test,601,616,1
split_01,1,test,2004,2115,0
split_01,1,test,569,584,1
split_01,1,test,2338,2508,0
split_01,1,test,2214,2365,0
split_01,1,test,2704,2936,0
split_01,1,test,259,265,1
split_01,1,test,1336,1371,1
split_01,1,test,2768,3009,0
split_01,1,test,1305,1340,1
split_01,1,test,1872,1962,0
split_01,1,test,2248,2401,0
split_01,1,test,461,471,1
split_01,1,test,125,127,1
split_01,1,test,1930,2027,0
split_01,1,test,1589,1628,1
split_01,1,test,2942,3199,0
split_01,1,test,1888,1979,0
split_01,1,test,1074,1103,1
split_01,1,test,1359,1395,1
split_01,1,test,421,430,1
split_01,1,test,2813,3058,0
split_01,1,test,1598,1637,1
split_01,1,test,1440,1477,1
split_01,1,test,2473,2659,0
split_01,1,test,790,811,1
split_01,1,test,232,238,1
split_01,1,test,2771,3012,0
split_01,1,test,1485,1522,1
split_01,1,test,1576,1613,1
split_01,1,test,120,122,1
split_01,1,test,2070,2201,0
split_01,1,test,2197,2344,0
split_01,1,test,1544,1581,1
split_01,1,test,1500,1537,1
split_01,1,test,280,287,1
split_01,1,test,2000,2110,0
split_01,1,test,2126,2262,0
split_01,1,test,2353,2524,0
split_01,1,test,105,107,1
split_01,1,test,2663,2887,0
split_01,1,test,2664,2888,0
split_01,1,test,429,438,1
split_01,1,test,2200,2347,0
split_01,1,test,810,831,1
split_01,1,test,2295,2459,0
split_01,1,test,885,907,1
split_01,1,test,2654,2878,0
split_01,1,test,2181,2325,0
split_01,1,test,2884,3135,0
split_01,1,test,1898,1990,0
split_01,1,test,298,306,1
split_01,1,test,984,1011,1
split_01,1,test,366,375,1
split_01,1,test,650,668,1
split_01,1,test,1870,1960,0
split_01,1,test,445,454,1
split_01,1,test,67,69,1
split_01,1,test,1414,1450,1
split_01,1,test,772,793,1
split_01,1,test,385,394,1
split_01,1,test,1166,1201,1
split_01,1,test,1609,1650,1
split_01,1,test,2574,2778,0
split_01,1,test,1801,1878,0
split_01,1,test,870,892,1
split_01,1,test,2031,2154,0
split_01,1,test,2373,2544,0
split_01,1,test,3021,3290,0
split_01,1,test,2782,3023,0
split_01,1,test,1655,1709,1
split_01,1,test,2557,2757,0
split_01,1,test,1555,1592,1
split_01,1,test,533,546,1
split_01,1,test,2545,2741,0
split_01,1,test,1092,1124,1
split_01,1,test,496,507,1
split_01,1,test,2258,2413,0
split_01,1,test,1907,2003,0
split_01,1,test,2265,2421,0
split_01,1,test,149,152,1
split_01,1,test,334,343,1
split_01,1,test,2552,2749,0
split_01,1,test,812,833,1
split_01,1,test,2272,2429,0
split_01,1,test,1593,1632,1
split_01,1,test,38,40,1
split_01,1,test,2667,2893,0
split_01,1,test,540,554,1
split_01,1,test,1868,1957,0
split_01,1,test,1413,1449,1
split_01,1,test,1844,1929,0
split_01,1,test,478,488,1
split_01,1,test,642,659,1
split_01,1,test,2388,2564,0
split_01,1,test,594,609,1
split_01,1,test,2192,2338,0
split_01,1,test,2684,2914,0
split_01,1,test,2337,2507,0
split_01,1,test,2861,3112,0
split_01,1,test,1805,1882,0
split_01,1,test,1312,1347,1
split_01,1,test,1895,1987,0
split_01,1,test,2173,2315,0
split_01,1,test,1395,1431,1
split_01,1,test,2725,2958,0
split_01,1,test,2833,3081,0
split_01,1,test,228,234,1
split_01,1,test,2527,2721,0
split_01,1,test,2561,2762,0
split_01,1,test,2826,3073,0
split_01,1,test,2062,2190,0
split_01,1,test,2370,2541,0
split_01,1,test,1022,1050,1
split_01,1,test,2151,2290,0
split_01,1,test,2981,3244,0
split_01,1,test,306,314,1
split_01,1,test,2300,2468,0
split_01,1,test,3117,3400,0
split_01,1,test,1970,2075,0
split_01,1,test,1600,1639,1
split_01,1,test,1035,1063,1
split_01,1,test,3015,3283,0
split_01,1,test,380,389,1
split_01,1,test,827,848,1
split_01,1,test,2817,3063,0
split_01,1,test,100,102,1
split_01,1,test,350,359,1
split_01,1,test,1590,1629,1
split_01,1,test,1301,1336,1
split_01,1,test,312,320,1
split_01,1,test,2182,2326,0
split_01,1,test,2939,3196,0
split_01,1,test,3042,3315,0
split_01,1,test,1094,1126,1
split_01,1,test,947,973,1
split_01,1,test,233,239,1
split_01,1,test,3164,3460,0
split_01,1,test,1663,1717,1
split_01,1,test,682,700,1
split_01,1,test,2808,3053,0
split_01,1,test,2646,2868,0
split_01,1,test,726,746,1
split_01,1,test,2276,2434,0
split_01,1,test,383,392,1
split_01,1,test,2287,2451,0
split_01,1,test,1209,1244,1
split_01,1,test,600,615,1
split_01,1,test,964,990,1
split_01,1,test,8,9,1
split_01,1,test,2131,2267,0
split_01,1,test,1442,1479,1
split_01,1,test,495,506,1
split_01,1,test,1379,1415,1
split_01,1,test,2928,3184,0
split_01,1,test,473,483,1
split_01,1,test,28,29,1
split_01,1,test,2738,2974,0
split_01,1,test,1840,1923,0
split_01,1,test,3135,3420,0
split_01,1,test,1353,1389,1
split_01,1,test,1692,1750,0
split_01,1,test,697,716,1
split_01,1,test,3079,3358,0
split_01,1,test,1997,2107,0
split_01,1,test,128,130,1
split_01,1,test,2436,2618,0
split_01,1,test,1221,1256,1
split_01,1,test,1406,1442,1
split_01,1,test,1348,1384,1
split_01,1,test,3141,3426,0
split_01,1,test,1095,1127,1
split_01,1,test,1411,1447,1
split_01,1,test,2798,3042,0
split_01,1,test,2342,2513,0
split_01,1,test,2568,2770,0
split_01,1,test,285,293,1
split_01,1,test,2153,2293,0
split_01,1,test,809,830,1
split_01,1,test,2653,2877,0
split_01,1,test,171,175,1
split_01,1,test,1412,1448,1
split_01,1,test,1596,1635,1
split_01,1,test,1949,2049,0
split_01,1,test,2519,2713,0
split_01,1,test,65,67,1
split_01,1,test,821,842,1
split_01,1,test,721,740,1
split_01,1,test,578,593,1
split_01,1,test,2127,2263,0
split_01,1,test,111,113,1
split_01,1,test,1121,1154,1
split_01,1,test,225,231,1
split_01,1,test,57,59,1
split_01,1,test,310,318,1
split_01,1,test,1582,1621,1
split_01,1,test,605,620,1
split_01,1,test,319,327,1
split_01,1,test,129,131,1
split_01,1,test,1269,1304,1
split_01,1,test,1377,1413,1
split_01,1,test,1776,1848,0
split_01,1,test,2600,2812,0
split_01,1,test,2790,3034,0
split_01,1,test,1792,1867,0
split_01,1,test,1617,1660,1
split_01,1,test,2215,2366,0
split_01,1,test,1239,1274,1
split_01,1,test,1804,1881,0
split_01,1,test,1785,1858,0
split_01,1,test,254,260,1
split_01,1,test,26,27,1
split_01,1,test,2313,2482,0
split_01,1,test,837,858,1
split_01,1,test,277,284,1
split_01,1,test,1323,1358,1
split_01,1,test,2117,2253,0
split_01,1,test,113,115,1
split_01,1,test,356,365,1
split_01,1,test,46,48,1
split_01,1,test,842,863,1
split_01,1,test,1164,1199,1
split_01,1,test,527,539,1
split_01,1,test,648,666,1
split_01,1,test,2171,2313,0
split_01,1,test,2912,3166,0
split_01,1,test,674,692,1
split_01,1,test,2498,2684,0
split_01,1,test,269,276,1
split_01,1,test,2164,2306,0
split_01,1,test,758,779,1
split_01,1,test,2800,3044,0
split_01,1,test,2081,2213,0
split_01,1,test,2903,3155,0
split_01,1,test,625,641,1
split_01,1,test,139,142,1
split_01,1,test,1908,2004,0
split_01,1,test,78,80,1
split_01,1,test,1416,1453,1
split_01,1,test,2656,2880,0
split_01,1,test,99,101,1
split_01,1,test,1308,1343,1
split_01,1,test,2598,2807,0
split_01,1,test,1293,1328,1
split_01,1,test,1114,1147,1
split_01,1,test,1252,1287,1
split_01,1,test,2959,3217,0
split_01,1,test,753,774,1
split_01,1,test,1215,1250,1
split_01,1,test,1196,1231,1
split_01,1,test,3071,3349,0
split_01,1,test,396,405,1
split_01,1,test,1537,1574,1
split_01,1,test,556,571,1
split_01,1,test,2772,3013,0
split_01,1,test,1974,2079,0
split_01,1,test,168,172,1
split_01,1,test,1489,1526,1
split_01,1,test,1966,2070,0
split_01,1,test,945,971,1
split_01,1,test,2468,2654,0
split_01,1,test,3001,3266,0
split_01,1,test,2225,2376,0
split_01,1,test,2915,3169,0
split_01,1,test,1408,1444,1
split_01,1,test,1464,1501,1
split_01,1,test,618,633,1
split_01,1,test,2652,2875,0
split_01,1,test,1864,1951,0
split_01,1,test,928,954,1
split_01,1,test,1096,1128,1
split_01,1,test,1950,2050,0
split_01,1,test,2630,2849,0
split_01,1,test,101,103,1
split_01,1,test,2719,2951,0
split_01,1,test,1431,1468,1
split_01,1,test,2381,2557,0
split_01,1,test,252,258,1
split_01,1,test,677,695,1
split_01,1,test,1013,1041,1
split_01,1,test,3060,3338,0
split_01,1,test,1890,1981,0
split_01,1,test,797,818,1
split_01,1,test,652,670,1
split_01,1,test,1138,1172,1
split_01,1,test,63,65,1
split_01,1,test,2853,3102,0
split_01,1,test,2505,2691,0
split_01,1,test,2253,2407,0
split_01,1,test,3109,3392,0
split_01,1,test,3045,3319,0
split_01,1,test,1795,1871,0
split_01,1,test,2960,3218,0
split_01,1,test,2713,2945,0
split_01,1,test,3126,3411,0
split_01,1,test,2618,2834,0
split_01,1,test,2289,2453,0
split_01,1,test,1468,1505,1
split_01,1,test,2019,2138,0
split_01,1,test,1787,1860,0
split_01,1,test,551,566,1
split_01,1,test,2092,2227,0
split_01,1,test,1320,1355,1
split_01,1,test,920,945,1
split_01,1,test,2304,2473,0
split_01,1,test,1082,1112,1
split_01,1,test,1456,1493,1
split_01,1,test,1740,1803,0
split_01,1,test,1635,1683,1
split_01,1,test,412,421,1
split_01,1,test,1738,1800,0
split_01,1,test,505,516,1
split_01,1,test,519,531,1
split_01,1,test,1153,1187,1
split_01,1,test,1287,1322,1
split_01,1,test,2149,2288,0
split_01,1,test,2909,3163,0
split_01,1,test,268,275,1
split_01,1,test,691,709,1
split_01,1,test,1106,1139,1
split_01,1,test,2077,2209,0
split_01,1,test,237,243,1
split_01,1,test,1185,1220,1
split_01,1,test,2194,2340,0
split_01,1,test,433,442,1
split_01,1,test,2933,3190,0
split_01,1,test,1711,1771,0
split_01,1,test,1744,1810,0
split_01,1,test,1266,1301,1
split_01,1,test,985,1012,1
split_01,1,test,69,71,1
split_01,1,test,974,1001,1
split_01,1,test,1825,1905,0
split_01,1,test,2217,2368,0
split_01,1,test,767,788,1
split_01,1,test,1791,1866,0
split_01,1,test,235,241,1
split_01,1,test,784,805,1
split_01,1,test,550,565,1
split_01,1,test,1367,1403,1
split_01,1,test,332,340,1
split_01,1,test,2051,2176,0
split_01,1,test,1638,1688,1
split_01,1,test,49,51,1
split_01,1,test,742,762,1
split_01,1,test,1850,1936,0
split_01,1,test,645,663,1
split_01,1,test,2238,2390,0
split_01,1,test,1750,1817,0
split_01,1,test,1044,1072,1
split_01,1,test,1137,1171,1
split_01,1,test,1360,1396,1
split_01,1,test,555,570,1
split_01,1,test,2138,2276,0
split_01,1,test,1809,1887,0
split_01,1,test,3050,3325,0
split_01,1,test,1848,1933,0
split_01,1,test,2241,2393,0
split_01,1,test,701,720,1
split_01,1,test,2640,2860,0
split_01,1,test,672,690,1
split_01,1,test,74,76,1
split_01,1,test,3101,3382,0
split_01,1,test,922,948,1
split_01,1,test,2865,3116,0
split_01,1,test,891,913,1
split_01,1,test,824,845,1
split_01,1,test,2094,2229,0
split_01,1,test,250,256,1
split_01,1,test,2369,2540,0
split_01,1,test,1333,1368,1
split_01,1,test,780,801,1
split_01,1,test,1097,1129,1
split_01,1,test,1670,1724,1
split_01,1,test,1575,1612,1
split_01,1,test,615,630,1
split_01,1,test,897,919,1
split_01,1,test,1211,1246,1
split_01,1,test,2389,2565,0
split_01,1,test,2006,2118,0
split_01,1,test,3137,3422,0
split_01,1,test,166,170,1
split_01,1,test,741,761,1
split_01,1,test,2278,2437,0
split_01,1,test,355,364,1
split_01,1,test,2291,2455,0
split_01,1,test,2444,2629,0
split_01,1,test,1758,1825,0
split_01,1,test,670,688,1
split_01,1,test,1693,1751,0
split_01,1,test,61,63,1
split_01,1,test,2746,2982,0
split_01,1,test,1944,2042,0
split_01,1,test,3020,3289,0
split_01,1,test,1724,1784,0
split_01,1,test,1487,1524,1
split_01,1,test,926,952,1
split_01,1,test,654,672,1
split_01,1,test,1601,1640,1
split_01,1,test,2058,2184,0
split_01,1,test,2269,2426,0
split_01,1,test,541,555,1
split_01,1,test,2229,2380,0
split_01,1,test,361,370,1
split_01,1,test,696,714,1
split_01,1,test,351,360,1
split_01,1,test,132,134,1
split_01,1,test,1508,1545,1
split_01,1,test,977,1004,1
split_01,1,test,2254,2408,0
split_01,1,test,187,191,1
split_01,1,test,2885,3136,0
split_01,1,test,904,928,1
split_01,1,test,997,1024,1
split_01,1,test,1352,1388,1
split_01,1,test,31,32,1
split_01,1,test,1682,1739,0
split_01,1,test,3065,3343,0
split_01,1,test,2066,2195,0
split_01,1,test,460,470,1
split_01,1,test,522,534,1
split_01,1,test,2576,2781,0
split_01,1,test,946,972,1
split_01,1,test,878,900,1
split_01,1,test,2105,2240,0
split_01,1,test,1557,1594,1
split_01,1,test,2925,3179,0
split_01,1,test,2973,3233,0
split_01,1,test,3094,3375,0
split_01,1,test,203,209,1
split_01,1,test,703,722,1
split_01,1,test,514,525,1
split_01,1,test,631,648,1
split_01,1,test,1146,1180,1
split_01,1,test,1731,1792,0
split_01,1,test,886,908,1
split_01,1,test,2999,3264,0
split_01,1,test,438,447,1
split_01,1,test,1674,1728,1
split_01,1,test,1127,1160,1
split_01,1,test,575,590,1
split_01,1,test,2753,2990,0
split_01,1,test,2479,2665,0
split_01,1,test,2522,2716,0
split_01,1,test,2581,2786,0
split_01,1,test,2441,2626,0
split_01,1,test,1927,2024,0
split_01,1,test,1851,1937,0
split_01,1,test,2227,2378,0
split_01,1,test,175,179,1
split_01,1,test,557,572,1
split_01,1,test,1808,1886,0
split_01,1,test,841,862,1
split_01,1,test,1569,1606,1
split_01,1,test,1858,1945,0
split_01,1,test,116,118,1
split_01,1,test,2483,2669,0
split_01,1,test,2042,2166,0
split_01,1,test,2178,2320,0
split_01,1,test,1167,1202,1
split_01,1,test,596,611,1
split_01,1,test,3075,3354,0
split_01,1,test,1197,1232,1
split_01,1,test,2485,2671,0
split_01,1,test,2532,2726,0
split_01,1,test,2481,2667,0
split_01,1,test,1115,1148,1
split_01,1,test,2835,3083,0
split_01,1,test,454,464,1
split_01,1,test,2868,3119,0
split_01,1,test,2273,2430,0
split_01,1,test,987,1014,1
split_01,1,test,2801,3045,0
split_01,1,test,156,160,1
split_01,1,test,2113,2248,0
split_01,1,test,2150,2289,0
split_01,1,test,30,31,1
split_01,1,test,1597,1636,1
split_01,1,test,1052,1080,1
split_01,1,test,2678,2906,0
split_01,1,test,1623,1668,1
split_01,1,test,138,141,1
split_01,1,test,2727,2961,0
split_01,1,test,731,751,1
split_01,1,test,2797,3041,0
split_01,1,test,2668,2894,0
split_01,1,test,1447,1484,1
split_01,1,test,2785,3027,0
split_01,1,test,1444,1481,1
split_01,1,test,657,675,1
split_01,1,test,2761,3001,0
split_01,1,test,3108,3391,0
split_01,1,test,322,330,1
split_01,1,test,449,459,1
split_01,1,test,1952,2053,0
split_01,1,test,909,934,1
split_01,1,test,1057,1086,1
split_01,1,test,943,969,1
split_01,1,test,1965,2069,0
split_01,1,test,2661,2885,0
split_01,1,test,1233,1268,1
split_01,1,test,553,568,1
split_01,1,test,2013,2132,0
split_01,1,test,2460,2645,0
split_01,1,test,1047,1075,1
split_01,1,test,1926,2023,0
split_01,1,test,579,594,1
split_01,1,test,17,18,1
split_01,1,test,1762,1829,0
split_01,1,test,614,629,1
split_01,1,test,811,832,1
split_01,1,test,3078,3357,0
split_01,1,test,1392,1428,1
split_01,1,test,2246,2399,0
split_01,1,test,2806,3050,0
split_01,1,test,953,979,1
split_01,1,test,1397,1433,1
split_01,1,test,754,775,1
split_01,1,test,1615,1658,1
split_01,1,test,389,398,1
split_01,1,test,2211,2361,0
split_01,1,test,1132,1166,1
split_01,1,test,2430,2611,0
split_01,1,test,996,1023,1
split_01,1,test,1620,1665,1
split_01,1,test,2956,3213,0
split_01,1,test,1836,1917,0
split_01,1,test,2262,2418,0
split_01,1,test,130,132,1
split_01,1,test,2140,2278,0
split_01,1,test,2964,3223,0
split_01,1,test,2901,3153,0
split_01,1,test,2730,2964,0
split_01,1,test,873,895,1
split_01,1,test,707,726,1
split_01,1,test,523,535,1
split_01,1,test,1254,1289,1
split_01,1,test,2596,2805,0
split_01,1,test,808,829,1
split_01,1,test,724,743,1
split_01,1,test,1622,1667,1
split_01,1,test,2986,3250,0
split_01,1,test,3064,3342,0
split_01,1,test,1445,1482,1
split_01,1,test,1055,1083,1
split_01,1,test,2233,2384,0
split_01,1,test,773,794,1
split_01,1,test,752,773,1
split_01,1,test,3092,3371,0
split_01,1,test,1316,1351,1
split_01,1,test,1963,2067,0
split_01,1,test,2383,2559,0
split_01,1,test,328,336,1
split_01,1,test,490,500,1
split_01,1,test,180,184,1
split_01,1,test,470,480,1
split_01,1,test,210,216,1
split_01,1,test,2541,2736,0
split_01,1,test,2180,2324,0
split_01,1,test,2143,2281,0
split_01,1,test,2121,2257,0
split_01,1,test,834,855,1
split_01,1,test,2784,3026,0
split_01,1,test,2104,2239,0
split_01,1,test,2796,3040,0
split_01,1,test,2372,2543,0
split_01,1,test,719,738,1
split_01,1,test,1298,1333,1
split_01,1,test,2432,2614,0
split_01,1,test,1665,1719,1
split_01,1,test,2296,2460,0
split_01,1,test,718,737,1
split_01,1,test,681,699,1
split_01,1,test,1680,1734,0
split_01,1,test,2963,3222,0
split_01,1,test,2757,2995,0
split_01,1,test,513,524,1
split_01,1,test,2721,2954,0
split_01,1,test,494,505,1
split_01,1,test,560,575,1
split_01,1,test,3085,3364,0
split_01,1,test,2831,3079,0
split_01,1,test,1706,1765,0
split_01,1,test,2261,2417,0
split_01,1,test,2360,2531,0
split_01,1,test,913,938,1
split_01,1,test,2499,2685,0
split_01,1,test,25,26,1
split_01,1,test,1486,1523,1
split_01,1,test,1194,1229,1
split_01,1,test,1629,1677,1
split_01,1,test,35,36,1
split_01,1,test,2065,2193,0
split_01,1,test,2910,3164,0
split_01,1,test,1681,1737,0
split_01,1,test,1075,1104,1
split_01,1,test,1985,2091,0
split_01,1,test,1568,1605,1
split_01,1,test,2857,3107,0
split_01,1,test,2209,2359,0
split_01,1,test,3038,3310,0
split_01,1,test,2071,2202,0
split_01,1,test,2553,2752,0
split_01,1,test,1903,1998,0
split_01,1,test,1452,1489,1
split_01,1,test,2571,2774,0
split_01,1,test,2511,2698,0
split_01,1,test,930,956,1
split_01,1,test,327,335,1
split_01,1,test,291,299,1
split_01,1,test,1435,1472,1
split_01,1,test,3107,3390,0
split_01,1,test,81,83,1
split_01,1,test,1129,1162,1
split_01,1,test,1195,1230,1
split_01,1,test,1920,2016,0
split_01,1,test,2331,2501,0
split_01,1,test,1989,2097,0
split_01,1,test,715,734,1
split_01,1,test,2290,2454,0
split_01,1,test,3052,3328,0
split_01,1,test,1122,1155,1
split_02,2,train,375,384,1
split_02,2,train,871,893,1
split_02,2,train,1548,1585,1
split_02,2,train,843,864,1
split_02,2,train,443,452,1
split_02,2,train,488,498,1
split_02,2,train,1590,1629,1
split_02,2,train,463,473,1
split_02,2,train,145,148,1
split_02,2,train,3128,3413,0
split_02,2,train,2896,3148,0
split_02,2,train,1403,1439,1
split_02,2,train,1357,1393,1
split_02,2,train,2552,2749,0
split_02,2,train,1868,1957,0
split_02,2,train,2669,2896,0
split_02,2,train,196,202,1
split_02,2,train,1221,1256,1
split_02,2,train,2480,2666,0
split_02,2,train,318,326,1
split_02,2,train,1591,1630,1
split_02,2,train,1198,1233,1
split_02,2,train,236,242,1
split_02,2,train,783,804,1
split_02,2,train,742,762,1
split_02,2,train,2581,2786,0
split_02,2,train,731,751,1
split_02,2,train,118,120,1
split_02,2,train,2867,3118,0
split_02,2,train,1584,1623,1
split_02,2,train,492,503,1
split_02,2,train,2792,3036,0
split_02,2,train,1818,1898,0
split_02,2,train,1133,1167,1
split_02,2,train,3129,3414,0
split_02,2,train,413,422,1
split_02,2,train,1814,1893,0
split_02,2,train,1747,1813,0
split_02,2,train,37,38,1
split_02,2,train,689,707,1
split_02,2,train,3004,3270,0
split_02,2,train,985,1012,1
split_02,2,train,263,269,1
split_02,2,train,2784,3026,0
split_02,2,train,1211,1246,1
split_02,2,train,2999,3264,0
split_02,2,train,2808,3053,0
split_02,2,train,1622,1667,1
split_02,2,train,1071,1100,1
split_02,2,train,2507,2693,0
split_02,2,train,2982,3245,0
split_02,2,train,1274,1309,1
split_02,2,train,2085,2218,0
split_02,2,train,1095,1127,1
split_02,2,train,2518,2712,0
split_02,2,train,1567,1604,1
split_02,2,train,1457,1494,1
split_02,2,train,523,535,1
split_02,2,train,1472,1509,1
split_02,2,train,2464,2650,0
split_02,2,train,1385,1421,1
split_02,2,train,158,162,1
split_02,2,train,120,122,1
split_02,2,train,1250,1285,1
split_02,2,train,2622,2838,0
split_02,2,train,396,405,1
split_02,2,train,1535,1572,1
split_02,2,train,1140,1174,1
split_02,2,train,1271,1306,1
split_02,2,train,1045,1073,1
split_02,2,train,2598,2807,0
split_02,2,train,241,247,1
split_02,2,train,2091,2225,0
split_02,2,train,524,536,1
split_02,2,train,294,302,1
split_02,2,train,3158,3448,0
split_02,2,train,2897,3149,0
split_02,2,train,1112,1145,1
split_02,2,train,2269,2426,0
split_02,2,train,2026,2149,0
split_02,2,train,2705,2937,0
split_02,2,train,2045,2169,0
split_02,2,train,1756,1823,0
split_02,2,train,1922,2018,0
split_02,2,train,453,463,1
split_02,2,train,2975,3235,0
split_02,2,train,2365,2536,0
split_02,2,train,2969,3229,0
split_02,2,train,2740,2976,0
split_02,2,train,1231,1266,1
split_02,2,train,2850,3099,0
split_02,2,train,3053,3330,0
split_02,2,train,2427,2608,0
split_02,2,train,2637,2857,0
split_02,2,train,2484,2670,0
split_02,2,train,371,380,1
split_02,2,train,584,599,1
split_02,2,train,2129,2265,0
split_02,2,train,3067,3345,0
split_02,2,train,163,167,1
split_02,2,train,1202,1237,1
split_02,2,train,1243,1278,1
split_02,2,train,2888,3139,0
split_02,2,train,1418,1455,1
split_02,2,train,531,544,1
split_02,2,train,544,559,1
split_02,2,train,612,627,1
split_02,2,train,2306,2475,0
split_02,2,train,1654,1708,1
split_02,2,train,1944,2042,0
split_02,2,train,342,351,1
split_02,2,train,1183,1218,1
split_02,2,train,1027,1055,1
split_02,2,train,274,281,1
split_02,2,train,2249,2402,0
split_02,2,train,1710,1770,0
split_02,2,train,1963,2067,0
split_02,2,train,1917,2013,0
split_02,2,train,2290,2454,0
split_02,2,train,1915,2011,0
split_02,2,train,2851,3100,0
split_02,2,train,1063,1092,1
split_02,2,train,2222,2373,0
split_02,2,train,2605,2818,0
split_02,2,train,2486,2672,0
split_02,2,train,1666,1720,1
split_02,2,train,1610,1651,1
split_02,2,train,832,853,1
split_02,2,train,1021,1049,1
split_02,2,train,1141,1175,1
split_02,2,train,99,101,1
split_02,2,train,532,545,1
split_02,2,train,3066,3344,0
split_02,2,train,16,17,1
split_02,2,train,1084,1114,1
split_02,2,train,282,289,1
split_02,2,train,3160,3450,0
split_02,2,train,3000,3265,0
split_02,2,train,2742,2978,0
split_02,2,train,3011,3279,0
split_02,2,train,400,409,1
split_02,2,train,711,730,1
split_02,2,train,1734,1795,0
split_02,2,train,82,84,1
split_02,2,train,226,232,1
split_02,2,train,1718,1778,0
split_02,2,train,779,800,1
split_02,2,train,3164,3460,0
split_02,2,train,918,943,1
split_02,2,train,3165,3461,0
split_02,2,train,3054,3331,0
split_02,2,train,2296,2460,0
split_02,2,train,380,389,1
split_02,2,train,2696,2928,0
split_02,2,train,1559,1596,1
split_02,2,train,1228,1263,1
split_02,2,train,693,711,1
split_02,2,train,169,173,1
split_02,2,train,1653,1707,1
split_02,2,train,2887,3138,0
split_02,2,train,2421,2601,0
split_02,2,train,2171,2313,0
split_02,2,train,695,713,1
split_02,2,train,1244,1279,1
split_02,2,train,1406,1442,1
split_02,2,train,1149,1183,1
split_02,2,train,1531,1568,1
split_02,2,train,1324,1359,1
split_02,2,train,1869,1958,0
split_02,2,train,2150,2289,0
split_02,2,train,2662,2886,0
split_02,2,train,1276,1311,1
split_02,2,train,1613,1656,1
split_02,2,train,2017,2136,0
split_02,2,train,702,721,1
split_02,2,train,191,196,1
split_02,2,train,2533,2727,0
split_02,2,train,397,406,1
split_02,2,train,2319,2488,0
split_02,2,train,1945,2043,0
split_02,2,train,574,589,1
split_02,2,train,2172,2314,0
split_02,2,train,1781,1854,0
split_02,2,train,1287,1322,1
split_02,2,train,2974,3234,0
split_02,2,train,2596,2805,0
split_02,2,train,717,736,1
split_02,2,train,2371,2542,0
split_02,2,train,113,115,1
split_02,2,train,1911,2007,0
split_02,2,train,3149,3435,0
split_02,2,train,35,36,1
split_02,2,train,2255,2409,0
split_02,2,train,1267,1302,1
split_02,2,train,2824,3070,0
split_02,2,train,860,881,1
split_02,2,train,887,909,1
split_02,2,train,1867,1955,0
split_02,2,train,2632,2851,0
split_02,2,train,962,988,1
split_02,2,train,970,997,1
split_02,2,train,2521,2715,0
split_02,2,train,2595,2803,0
split_02,2,train,2534,2728,0
split_02,2,train,2097,2232,0
split_02,2,train,3119,3402,0
split_02,2,train,73,75,1
split_02,2,train,2460,2645,0
split_02,2,train,2188,2333,0
split_02,2,train,1217,1252,1
split_02,2,train,2647,2869,0
split_02,2,train,2077,2209,0
split_02,2,train,2267,2423,0
split_02,2,train,1636,1686,1
split_02,2,train,2343,2514,0
split_02,2,train,1070,1099,1
split_02,2,train,1707,1766,0
split_02,2,train,1768,1837,0
split_02,2,train,1877,1967,0
split_02,2,train,2416,2595,0
split_02,2,train,861,883,1
split_02,2,train,1519,1556,1
split_02,2,train,2141,2279,0
split_02,2,train,2023,2146,0
split_02,2,train,1080,1110,1
split_02,2,train,1612,1653,1
split_02,2,train,1441,1478,1
split_02,2,train,1092,1124,1
split_02,2,train,2701,2933,0
split_02,2,train,2806,3050,0
split_02,2,train,393,402,1
split_02,2,train,2201,2348,0
split_02,2,train,1109,1142,1
split_02,2,train,19,20,1
split_02,2,train,448,458,1
split_02,2,train,2270,2427,0
split_02,2,train,2094,2229,0
split_02,2,train,1649,1703,1
split_02,2,train,2710,2942,0
split_02,2,train,1355,1391,1
split_02,2,train,1959,2063,0
split_02,2,train,653,671,1
split_02,2,train,454,464,1
split_02,2,train,1447,1484,1
split_02,2,train,2842,3091,0
split_02,2,train,2815,3060,0
split_02,2,train,663,681,1
split_02,2,train,687,705,1
split_02,2,train,1930,2027,0
split_02,2,train,989,1016,1
split_02,2,train,1093,1125,1
split_02,2,train,217,223,1
split_02,2,train,348,357,1
split_02,2,train,1114,1147,1
split_02,2,train,1674,1728,1
split_02,2,train,900,923,1
split_02,2,train,2770,3011,0
split_02,2,train,1261,1296,1
split_02,2,train,2348,2519,0
split_02,2,train,1123,1156,1
split_02,2,train,331,339,1
split_02,2,train,1032,1060,1
split_02,2,train,2537,2732,0
split_02,2,train,1913,2009,0
split_02,2,train,2155,2295,0
split_02,2,train,2571,2774,0
split_02,2,train,714,733,1
split_02,2,train,2083,2215,0
split_02,2,train,2246,2399,0
split_02,2,train,641,658,1
split_02,2,train,1444,1481,1
split_02,2,train,949,975,1
split_02,2,train,1424,1461,1
split_02,2,train,3130,3415,0
split_02,2,train,1427,1464,1
split_02,2,train,2582,2787,0
split_02,2,train,1669,1723,1
split_02,2,train,2299,2467,0
split_02,2,train,997,1024,1
split_02,2,train,920,945,1
split_02,2,train,1861,1948,0
split_02,2,train,2,3,1
split_02,2,train,287,295,1
split_02,2,train,242,248,1
split_02,2,train,291,299,1
split_02,2,train,705,724,1
split_02,2,train,2865,3116,0
split_02,2,train,840,861,1
split_02,2,train,2096,2231,0
split_02,2,train,2874,3125,0
split_02,2,train,3082,3361,0
split_02,2,train,181,185,1
split_02,2,train,1392,1428,1
split_02,2,train,2673,2900,0
split_02,2,train,2657,2881,0
split_02,2,train,1936,2034,0
split_02,2,train,474,484,1
split_02,2,train,251,257,1
split_02,2,train,260,266,1
split_02,2,train,2869,3120,0
split_02,2,train,2767,3008,0
split_02,2,train,2405,2584,0
split_02,2,train,1208,1243,1
split_02,2,train,1174,1209,1
split_02,2,train,126,128,1
split_02,2,train,493,504,1
split_02,2,train,194,199,1
split_02,2,train,828,849,1
split_02,2,train,947,973,1
split_02,2,train,385,394,1
split_02,2,train,1830,1910,0
split_02,2,train,1234,1269,1
split_02,2,train,1735,1796,0
split_02,2,train,953,979,1
split_02,2,train,2512,2699,0
split_02,2,train,1890,1981,0
split_02,2,train,2704,2936,0
split_02,2,train,1453,1490,1
split_02,2,train,581,596,1
split_02,2,train,2262,2418,0
split_02,2,train,912,937,1
split_02,2,train,347,356,1
split_02,2,train,510,521,1
split_02,2,train,1620,1665,1
split_02,2,train,132,134,1
split_02,2,train,2645,2867,0
split_02,2,train,2252,2405,0
split_02,2,train,1617,1660,1
split_02,2,train,780,801,1
split_02,2,train,1803,1880,0
split_02,2,train,2352,2523,0
split_02,2,train,1186,1221,1
split_02,2,train,2481,2667,0
split_02,2,train,1049,1077,1
split_02,2,train,1088,1119,1
split_02,2,train,1090,1122,1
split_02,2,train,3056,3334,0
split_02,2,train,2109,2244,0
split_02,2,train,94,96,1
split_02,2,train,2082,2214,0
split_02,2,train,1144,1178,1
split_02,2,train,378,387,1
split_02,2,train,2456,2641,0
split_02,2,train,1572,1609,1
split_02,2,train,2254,2408,0
split_02,2,train,1384,1420,1
split_02,2,train,2901,3153,0
split_02,2,train,2072,2203,0
split_02,2,train,2541,2736,0
split_02,2,train,307,315,1
split_02,2,train,975,1002,1
split_02,2,train,1150,1184,1
split_02,2,train,1851,1937,0
split_02,2,train,748,769,1
split_02,2,train,990,1017,1
split_02,2,train,518,529,1
split_02,2,train,2894,3146,0
split_02,2,train,1645,1695,1
split_02,2,train,738,758,1
split_02,2,train,81,83,1
split_02,2,train,2546,2742,0
split_02,2,train,3108,3391,0
split_02,2,train,20,21,1
split_02,2,train,1806,1883,0
split_02,2,train,2016,2135,0
split_02,2,train,817,838,1
split_02,2,train,996,1023,1
split_02,2,train,1878,1968,0
split_02,2,train,2968,3228,0
split_02,2,train,707,726,1
split_02,2,train,3151,3438,0
split_02,2,train,801,822,1
split_02,2,train,1894,1986,0
split_02,2,train,2556,2756,0
split_02,2,train,2617,2833,0
split_02,2,train,904,928,1
split_02,2,train,2627,2846,0
split_02,2,train,2007,2119,0
split_02,2,train,319,327,1
split_02,2,train,1068,1097,1
split_02,2,train,2810,3055,0
split_02,2,train,2847,3096,0
split_02,2,train,2785,3027,0
split_02,2,train,2904,3156,0
split_02,2,train,2761,3001,0
split_02,2,train,2515,2707,0
split_02,2,train,1395,1431,1
split_02,2,train,1128,1161,1
split_02,2,train,1703,1762,0
split_02,2,train,186,190,1
split_02,2,train,2000,2110,0
split_02,2,train,3113,3396,0
split_02,2,train,1717,1777,0
split_02,2,train,80,82,1
split_02,2,train,383,392,1
split_02,2,train,2787,3031,0
split_02,2,train,1689,1747,0
split_02,2,train,2469,2655,0
split_02,2,train,924,950,1
split_02,2,train,1416,1453,1
split_02,2,train,980,1007,1
split_02,2,train,1918,2014,0
split_02,2,train,336,345,1
split_02,2,train,2930,3186,0
split_02,2,train,890,912,1
split_02,2,train,53,55,1
split_02,2,train,1233,1268,1
split_02,2,train,2204,2353,0
split_02,2,train,1348,1384,1
split_02,2,train,995,1022,1
split_02,2,train,150,154,1
split_02,2,train,2949,3206,0
split_02,2,train,485,495,1
split_02,2,train,1349,1385,1
split_02,2,train,655,673,1
split_02,2,train,1240,1275,1
split_02,2,train,1291,1326,1
split_02,2,train,1364,1400,1
split_02,2,train,2880,3131,0
split_02,2,train,2326,2495,0
split_02,2,train,3070,3348,0
split_02,2,train,596,611,1
split_02,2,train,1908,2004,0
split_02,2,train,30,31,1
split_02,2,train,967,993,1
split_02,2,train,1935,2032,0
split_02,2,train,162,166,1
split_02,2,train,2131,2267,0
split_02,2,train,1300,1335,1
split_02,2,train,2538,2733,0
split_02,2,train,1967,2071,0
split_02,2,train,1672,1726,1
split_02,2,train,1859,1946,0
split_02,2,train,3163,3459,0
split_02,2,train,408,417,1
split_02,2,train,308,316,1
split_02,2,train,1943,2041,0
split_02,2,train,62,64,1
split_02,2,train,1696,1755,0
split_02,2,train,2565,2767,0
split_02,2,train,862,884,1
split_02,2,train,1766,1833,0
split_02,2,train,1344,1380,1
split_02,2,train,3107,3390,0
split_02,2,train,756,777,1
split_02,2,train,1742,1807,0
split_02,2,train,1260,1295,1
split_02,2,train,615,630,1
split_02,2,train,2697,2929,0
split_02,2,train,2350,2521,0
split_02,2,train,2398,2575,0
split_02,2,train,1351,1387,1
split_02,2,train,2020,2139,0
split_02,2,train,1764,1831,0
split_02,2,train,1962,2066,0
split_02,2,train,1131,1165,1
split_02,2,train,888,910,1
split_02,2,train,74,76,1
split_02,2,train,2990,3254,0
split_02,2,train,160,164,1
split_02,2,train,2370,2541,0
split_02,2,train,2466,2652,0
split_02,2,train,1934,2031,0
split_02,2,train,1126,1159,1
split_02,2,train,917,942,1
split_02,2,train,2771,3012,0
split_02,2,train,1964,2068,0
split_02,2,train,3139,3424,0
split_02,2,train,1222,1257,1
split_02,2,train,548,563,1
split_02,2,train,2756,2993,0
split_02,2,train,945,971,1
split_02,2,train,1207,1242,1
split_02,2,train,630,646,1
split_02,2,train,206,212,1
split_02,2,train,2380,2555,0
split_02,2,train,3034,3305,0
split_02,2,train,3024,3293,0
split_02,2,train,959,985,1
split_02,2,train,2587,2792,0
split_02,2,train,3073,3352,0
split_02,2,train,2936,3193,0
split_02,2,train,2977,3237,0
split_02,2,train,430,439,1
split_02,2,train,107,109,1
split_02,2,train,1359,1395,1
split_02,2,train,333,342,1
split_02,2,train,761,782,1
split_02,2,train,943,969,1
split_02,2,train,3120,3403,0
split_02,2,train,1448,1485,1
split_02,2,train,200,206,1
split_02,2,train,2643,2865,0
split_02,2,train,1722,1782,0
split_02,2,train,2167,2309,0
split_02,2,train,2641,2863,0
split_02,2,train,3114,3397,0
split_02,2,train,1345,1381,1
split_02,2,train,715,734,1
split_02,2,train,32,33,1
split_02,2,train,70,72,1
split_02,2,train,2073,2205,0
split_02,2,train,1170,1205,1
split_02,2,train,2009,2125,0
split_02,2,train,121,123,1
split_02,2,train,234,240,1
split_02,2,train,2788,3032,0
split_02,2,train,1352,1388,1
split_02,2,train,2743,2979,0
split_02,2,train,237,243,1
split_02,2,train,2354,2525,0
split_02,2,train,1476,1513,1
split_02,2,train,3074,3353,0
split_02,2,train,1573,1610,1
split_02,2,train,1627,1675,1
split_02,2,train,815,836,1
split_02,2,train,1999,2109,0
split_02,2,train,1744,1810,0
split_02,2,train,1031,1059,1
split_02,2,train,2154,2294,0
split_02,2,train,1708,1767,0
split_02,2,train,2868,3119,0
split_02,2,train,2345,2516,0
split_02,2,train,85,87,1
split_02,2,train,72,74,1
split_02,2,train,438,447,1
split_02,2,train,1075,1104,1
split_02,2,train,3091,3370,0
split_02,2,train,1924,2020,0
split_02,2,train,511,522,1
split_02,2,train,212,218,1
split_02,2,train,2943,3200,0
split_02,2,train,3167,3463,0
split_02,2,train,824,845,1
split_02,2,train,2777,3018,0
split_02,2,train,2559,2759,0
split_02,2,train,2837,3085,0
split_02,2,train,2902,3154,0
split_02,2,train,2012,2131,0
split_02,2,train,1733,1794,0
split_02,2,train,1181,1216,1
split_02,2,train,1153,1187,1
split_02,2,train,2162,2304,0
split_02,2,train,101,103,1
split_02,2,train,1786,1859,0
split_02,2,train,1323,1358,1
split_02,2,train,1332,1367,1
split_02,2,train,1041,1069,1
split_02,2,train,1319,1354,1
split_02,2,train,1971,2076,0
split_02,2,train,1097,1129,1
split_02,2,train,1582,1621,1
split_02,2,train,2394,2570,0
split_02,2,train,1017,1045,1
split_02,2,train,1784,1857,0
split_02,2,train,939,965,1
split_02,2,train,1614,1657,1
split_02,2,train,281,288,1
split_02,2,train,1188,1223,1
split_02,2,train,805,826,1
split_02,2,train,1757,1824,0
split_02,2,train,1379,1415,1
split_02,2,train,2462,2648,0
split_02,2,train,2104,2239,0
split_02,2,train,591,606,1
split_02,2,train,2205,2355,0
split_02,2,train,2826,3073,0
split_02,2,train,1132,1166,1
split_02,2,train,1931,2028,0
split_02,2,train,895,917,1
split_02,2,train,142,145,1
split_02,2,train,2639,2859,0
split_02,2,train,1940,2038,0
split_02,2,train,1212,1247,1
split_02,2,train,740,760,1
split_02,2,train,2445,2630,0
split_02,2,train,2780,3021,0
split_02,2,train,678,696,1
split_02,2,train,3058,3336,0
split_02,2,train,102,104,1
split_02,2,train,2830,3077,0
split_02,2,train,2628,2847,0
split_02,2,train,1449,1486,1
split_02,2,train,360,369,1
split_02,2,train,2724,2957,0
split_02,2,train,298,306,1
split_02,2,train,1105,1138,1
split_02,2,train,2347,2518,0
split_02,2,train,3111,3394,0
split_02,2,train,1671,1725,1
split_02,2,train,2053,2178,0
split_02,2,train,1974,2079,0
split_02,2,train,2944,3201,0
split_02,2,train,2775,3016,0
split_02,2,train,2056,2181,0
split_02,2,train,2610,2824,0
split_02,2,train,1000,1027,1
split_02,2,train,1646,1696,1
split_02,2,train,2453,2638,0
split_02,2,train,857,878,1
split_02,2,train,1589,1628,1
split_02,2,train,1328,1363,1
split_02,2,train,830,851,1
split_02,2,train,1494,1531,1
split_02,2,train,539,553,1
split_02,2,train,872,894,1
split_02,2,train,1010,1038,1
split_02,2,train,1874,1964,0
split_02,2,train,1069,1098,1
split_02,2,train,2927,3183,0
split_02,2,train,1514,1551,1
split_02,2,train,750,771,1
split_02,2,train,1098,1130,1
split_02,2,train,1060,1089,1
split_02,2,train,2797,3041,0
split_02,2,train,1496,1533,1
split_02,2,train,3099,3380,0
split_02,2,train,1471,1508,1
split_02,2,train,2153,2293,0
split_02,2,train,482,492,1
split_02,2,train,29,30,1
split_02,2,train,2549,2745,0
split_02,2,train,2327,2496,0
split_02,2,train,1269,1304,1
split_02,2,train,1937,2035,0
split_02,2,train,2189,2334,0
split_02,2,train,392,401,1
split_02,2,train,545,560,1
split_02,2,train,1055,1083,1
split_02,2,train,910,935,1
split_02,2,train,1079,1108,1
split_02,2,train,954,980,1
split_02,2,train,2399,2576,0
split_02,2,train,349,358,1
split_02,2,train,572,587,1
split_02,2,train,1819,1899,0
split_02,2,train,1312,1347,1
split_02,2,train,2668,2894,0
split_02,2,train,1682,1739,0
split_02,2,train,401,410,1
split_02,2,train,2231,2382,0
split_02,2,train,898,920,1
split_02,2,train,1946,2046,0
split_02,2,train,1985,2091,0
split_02,2,train,2950,3207,0
split_02,2,train,2843,3092,0
split_02,2,train,706,725,1
split_02,2,train,513,524,1
split_02,2,train,2207,2357,0
split_02,2,train,690,708,1
split_02,2,train,800,821,1
split_02,2,train,143,146,1
split_02,2,train,2910,3164,0
split_02,2,train,1034,1062,1
split_02,2,train,1404,1440,1
split_02,2,train,59,61,1
split_02,2,train,1694,1753,0
split_02,2,train,613,628,1
split_02,2,train,1171,1206,1
split_02,2,train,180,184,1
split_02,2,train,1761,1828,0
split_02,2,train,1926,2023,0
split_02,2,train,1993,2102,0
split_02,2,train,2491,2677,0
split_02,2,train,854,875,1
split_02,2,train,2175,2317,0
split_02,2,train,412,421,1
split_02,2,train,2033,2156,0
split_02,2,train,2560,2761,0
split_02,2,train,2217,2368,0
split_02,2,train,882,904,1
split_02,2,train,1549,1586,1
split_02,2,train,3154,3441,0
split_02,2,train,1528,1565,1
split_02,2,train,2653,2877,0
split_02,2,train,2358,2529,0
split_02,2,train,1411,1447,1
split_02,2,train,441,450,1
split_02,2,train,1960,2064,0
split_02,2,train,1730,1791,0
split_02,2,train,3002,3268,0
split_02,2,train,941,967,1
split_02,2,train,2206,2356,0
split_02,2,train,1889,1980,0
split_02,2,train,2938,3195,0
split_02,2,train,1266,1301,1
split_02,2,train,2220,2371,0
split_02,2,train,462,472,1
split_02,2,train,2545,2741,0
split_02,2,train,2107,2242,0
split_02,2,train,27,28,1
split_02,2,train,504,515,1
split_02,2,train,1405,1441,1
split_02,2,train,964,990,1
split_02,2,train,164,168,1
split_02,2,train,1265,1300,1
split_02,2,train,948,974,1
split_02,2,train,776,797,1
split_02,2,train,1602,1641,1
split_02,2,train,1805,1882,0
split_02,2,train,2127,2263,0
split_02,2,train,2781,3022,0
split_02,2,train,1881,1971,0
split_02,2,train,1639,1689,1
split_02,2,train,2279,2438,0
split_02,2,train,2452,2637,0
split_02,2,train,1687,1745,0
split_02,2,train,3104,3387,0
split_02,2,train,632,649,1
split_02,2,train,56,58,1
split_02,2,train,651,669,1
split_02,2,train,2748,2984,0
split_02,2,train,3008,3276,0
split_02,2,train,2357,2528,0
split_02,2,train,104,106,1
split_02,2,train,2447,2632,0
split_02,2,train,144,147,1
split_02,2,train,3036,3308,0
split_02,2,train,2219,2370,0
split_02,2,train,1377,1413,1
split_02,2,train,1887,1978,0
split_02,2,train,114,116,1
split_02,2,train,590,605,1
split_02,2,train,825,846,1
split_02,2,train,1262,1297,1
split_02,2,train,1230,1265,1
split_02,2,train,418,427,1
split_02,2,train,2860,3111,0
split_02,2,train,2030,2153,0
split_02,2,train,63,65,1
split_02,2,train,1719,1779,0
split_02,2,train,1992,2101,0
split_02,2,train,649,667,1
split_02,2,train,1588,1627,1
split_02,2,train,1949,2049,0
split_02,2,train,2924,3178,0
split_02,2,train,914,939,1
split_02,2,train,2286,2450,0
split_02,2,train,2758,2996,0
split_02,2,train,2676,2903,0
split_02,2,train,2436,2618,0
split_02,2,train,2819,3065,0
split_02,2,train,2964,3223,0
split_02,2,train,2953,3210,0
split_02,2,train,2251,2404,0
split_02,2,train,716,735,1
split_02,2,train,2528,2722,0
split_02,2,train,789,810,1
split_02,2,train,258,264,1
split_02,2,train,2790,3034,0
split_02,2,train,1330,1365,1
split_02,2,train,701,720,1
split_02,2,train,3040,3312,0
split_02,2,train,1007,1035,1
split_02,2,train,2166,2308,0
split_02,2,train,1353,1389,1
split_02,2,train,798,819,1
split_02,2,train,2531,2725,0
split_02,2,train,213,219,1
split_02,2,train,444,453,1
split_02,2,train,182,186,1
split_02,2,train,1664,1718,1
split_02,2,train,1245,1280,1
split_02,2,train,733,753,1
split_02,2,train,2014,2133,0
split_02,2,train,2736,2972,0
split_02,2,train,10,11,1
split_02,2,train,2933,3190,0
split_02,2,train,2932,3188,0
split_02,2,train,1656,1710,1
split_02,2,train,2604,2817,0
split_02,2,train,984,1011,1
split_02,2,train,987,1014,1
split_02,2,train,2961,3219,0
split_02,2,train,1040,1068,1
split_02,2,train,2395,2571,0
split_02,2,train,673,691,1
split_02,2,train,1585,1624,1
split_02,2,train,2529,2723,0
split_02,2,train,2307,2476,0
split_02,2,train,675,693,1
split_02,2,train,34,35,1
split_02,2,train,647,665,1
split_02,2,train,1968,2073,0
split_02,2,train,704,723,1
split_02,2,train,1062,1091,1
split_02,2,train,1883,1973,0
split_02,2,train,2245,2398,0
split_02,2,train,1437,1474,1
split_02,2,train,845,866,1
split_02,2,train,1419,1456,1
split_02,2,train,1388,1424,1
split_02,2,train,694,712,1
split_02,2,train,88,90,1
split_02,2,train,1429,1466,1
split_02,2,train,1161,1196,1
split_02,2,train,2766,3007,0
split_02,2,train,1329,1364,1
split_02,2,train,2243,2396,0
split_02,2,train,1430,1467,1
split_02,2,train,899,922,1
split_02,2,train,1812,1890,0
split_02,2,train,264,270,1
split_02,2,train,529,542,1
split_02,2,train,334,343,1
split_02,2,train,1523,1560,1
split_02,2,train,284,291,1
split_02,2,train,2978,3238,0
split_02,2,train,2078,2210,0
split_02,2,train,1081,1111,1
split_02,2,train,972,999,1
split_02,2,train,2570,2773,0
split_02,2,train,2140,2278,0
split_02,2,train,1167,1202,1
split_02,2,train,2912,3166,0
split_02,2,train,2226,2377,0
split_02,2,train,304,312,1
split_02,2,train,781,802,1
split_02,2,train,2519,2713,0
split_02,2,train,3001,3266,0
split_02,2,train,1648,1698,1
split_02,2,train,2477,2663,0
split_02,2,train,2584,2789,0
split_02,2,train,2661,2885,0
split_02,2,train,2782,3023,0
split_02,2,train,267,274,1
split_02,2,train,598,613,1
split_02,2,train,1235,1270,1
split_02,2,train,2809,3054,0
split_02,2,train,1076,1105,1
split_02,2,train,851,872,1
split_02,2,train,1647,1697,1
split_02,2,train,1483,1520,1
split_02,2,train,2426,2607,0
split_02,2,train,1792,1867,0
split_02,2,train,3020,3289,0
split_02,2,train,2703,2935,0
split_02,2,train,971,998,1
split_02,2,train,2554,2753,0
split_02,2,train,804,825,1
split_02,2,train,3028,3298,0
split_02,2,train,1203,1238,1
split_02,2,train,911,936,1
split_02,2,train,1182,1217,1
split_02,2,train,749,770,1
split_02,2,train,3060,3338,0
split_02,2,train,33,34,1
split_02,2,train,299,307,1
split_02,2,train,390,399,1
split_02,2,train,3032,3302,0
split_02,2,train,233,239,1
split_02,2,train,3085,3364,0
split_02,2,train,1825,1905,0
split_02,2,train,1465,1502,1
split_02,2,train,2905,3157,0
split_02,2,train,1372,1408,1
split_02,2,train,2532,2726,0
split_02,2,train,2185,2329,0
split_02,2,train,3159,3449,0
split_02,2,train,876,898,1
split_02,2,train,1116,1149,1
split_02,2,train,541,555,1
split_02,2,train,2209,2359,0
split_02,2,train,303,311,1
split_02,2,train,3057,3335,0
split_02,2,train,1575,1612,1
split_02,2,train,2508,2694,0
split_02,2,train,2812,3057,0
split_02,2,train,1371,1407,1
split_02,2,train,41,43,1
split_02,2,train,667,685,1
split_02,2,train,415,424,1
split_02,2,train,152,156,1
split_02,2,train,1414,1450,1
split_02,2,train,1336,1371,1
split_02,2,train,232,238,1
split_02,2,train,728,748,1
split_02,2,train,2103,2238,0
split_02,2,train,1876,1966,0
split_02,2,train,171,175,1
split_02,2,train,1923,2019,0
split_02,2,train,1954,2055,0
split_02,2,train,1759,1826,0
split_02,2,train,2989,3253,0
split_02,2,train,1720,1780,0
split_02,2,train,986,1013,1
split_02,2,train,1631,1679,1
split_02,2,train,2563,2764,0
split_02,2,train,2257,2412,0
split_02,2,train,403,412,1
split_02,2,train,2539,2734,0
split_02,2,train,1678,1732,1
split_02,2,train,1087,1117,1
split_02,2,train,1921,2017,0
split_02,2,train,455,465,1
split_02,2,train,1777,1849,0
split_02,2,train,1659,1713,1
split_02,2,train,361,370,1
split_02,2,train,599,614,1
split_02,2,train,797,818,1
split_02,2,train,698,717,1
split_02,2,train,2765,3006,0
split_02,2,train,1434,1471,1
split_02,2,train,1363,1399,1
split_02,2,train,100,102,1
split_02,2,train,1539,1576,1
split_02,2,train,1698,1757,0
split_02,2,train,2098,2233,0
split_02,2,train,2266,2422,0
split_02,2,train,1870,1960,0
split_02,2,train,3144,3429,0
split_02,2,train,1771,1840,0
split_02,2,train,1337,1373,1
split_02,2,train,2115,2250,0
split_02,2,train,2136,2273,0
split_02,2,train,1658,1712,1
split_02,2,train,1445,1482,1
split_02,2,train,3081,3360,0
split_02,2,train,1905,2000,0
split_02,2,train,625,641,1
split_02,2,train,2714,2946,0
split_02,2,train,602,617,1
split_02,2,train,1712,1772,0
split_02,2,train,225,231,1
split_02,2,train,570,585,1
split_02,2,train,199,205,1
split_02,2,train,2505,2691,0
split_02,2,train,1340,1376,1
split_02,2,train,2757,2995,0
split_02,2,train,1028,1056,1
split_02,2,train,2258,2413,0
split_02,2,train,697,716,1
split_02,2,train,3077,3356,0
split_02,2,train,1206,1241,1
split_02,2,train,2232,2383,0
split_02,2,train,1524,1561,1
split_02,2,train,1407,1443,1
split_02,2,train,961,987,1
split_02,2,train,1800,1877,0
split_02,2,train,227,233,1
split_02,2,train,3068,3346,0
split_02,2,train,2925,3179,0
split_02,2,train,2139,2277,0
split_02,2,train,2509,2695,0
split_02,2,train,1491,1528,1
split_02,2,train,404,413,1
split_02,2,train,1716,1776,0
split_02,2,train,2834,3082,0
split_02,2,train,1621,1666,1
split_02,2,train,627,643,1
split_02,2,train,1455,1492,1
split_02,2,train,2364,2535,0
split_02,2,train,188,192,1
split_02,2,train,2379,2554,0
split_02,2,train,658,676,1
split_02,2,train,2287,2451,0
split_02,2,train,751,772,1
split_02,2,train,2935,3192,0
split_02,2,train,1343,1379,1
split_02,2,train,864,886,1
split_02,2,train,2498,2684,0
split_02,2,train,1421,1458,1
split_02,2,train,46,48,1
split_02,2,train,3169,3465,0
split_02,2,train,2191,2336,0
split_02,2,train,1920,2016,0
split_02,2,train,405,414,1
split_02,2,train,1872,1962,0
split_02,2,train,858,879,1
split_02,2,train,820,841,1
split_02,2,train,2274,2432,0
split_02,2,train,1778,1851,0
split_02,2,train,2798,3042,0
split_02,2,train,519,531,1
split_02,2,train,994,1021,1
split_02,2,train,3141,3426,0
split_02,2,train,512,523,1
split_02,2,train,370,379,1
split_02,2,train,3019,3288,0
split_02,2,train,2816,3061,0
split_02,2,train,1077,1106,1
split_02,2,train,875,897,1
split_02,2,train,40,42,1
split_02,2,train,1347,1383,1
split_02,2,train,2919,3173,0
split_02,2,train,92,94,1
split_02,2,train,1751,1818,0
split_02,2,train,209,215,1
split_02,2,train,2881,3132,0
split_02,2,train,2432,2614,0
split_02,2,train,2667,2893,0
split_02,2,train,502,513,1
split_02,2,train,2898,3150,0
split_02,2,train,2144,2282,0
split_02,2,train,957,983,1
split_02,2,train,2779,3020,0
split_02,2,train,2656,2880,0
split_02,2,train,2444,2629,0
split_02,2,train,2875,3126,0
split_02,2,train,758,779,1
split_02,2,train,2514,2702,0
split_02,2,train,329,337,1
split_02,2,train,1797,1874,0
split_02,2,train,1681,1737,0
split_02,2,train,896,918,1
split_02,2,train,58,60,1
split_02,2,train,2233,2384,0
split_02,2,train,1393,1429,1
split_02,2,train,729,749,1
split_02,2,train,538,552,1
split_02,2,train,2198,2345,0
split_02,2,train,2630,2849,0
split_02,2,train,416,425,1
split_02,2,train,2625,2843,0
split_02,2,train,626,642,1
split_02,2,train,514,525,1
split_02,2,train,1460,1497,1
split_02,2,train,1478,1515,1
split_02,2,train,2911,3165,0
split_02,2,train,1438,1475,1
split_02,2,train,2369,2540,0
split_02,2,train,123,125,1
split_02,2,train,2288,2452,0
split_02,2,train,2870,3121,0
split_02,2,train,661,679,1
split_02,2,train,1117,1150,1
split_02,2,train,2412,2591,0
split_02,2,train,2213,2364,0
split_02,2,train,521,533,1
split_02,2,train,2187,2331,0
split_02,2,train,419,428,1
split_02,2,train,1670,1724,1
split_02,2,train,1454,1491,1
split_02,2,train,1298,1333,1
split_02,2,train,762,783,1
split_02,2,train,734,754,1
split_02,2,train,2294,2458,0
split_02,2,train,1858,1945,0
split_02,2,train,140,143,1
split_02,2,train,3037,3309,0
split_02,2,train,1787,1860,0
split_02,2,train,1354,1390,1
split_02,2,train,960,986,1
split_02,2,train,1504,1541,1
split_02,2,train,1279,1314,1
split_02,2,train,2527,2721,0
split_02,2,train,3003,3269,0
split_02,2,train,354,363,1
split_02,2,train,2789,3033,0
split_02,2,train,1156,1190,1
split_02,2,train,2374,2545,0
split_02,2,train,500,511,1
split_02,2,train,1827,1907,0
split_02,2,train,1706,1765,0
split_02,2,train,1475,1512,1
split_02,2,train,2087,2221,0
split_02,2,train,1801,1878,0
split_02,2,train,54,56,1
split_02,2,train,2733,2967,0
split_02,2,train,2511,2698,0
split_02,2,train,2169,2311,0
split_02,2,train,3170,3466,0
split_02,2,train,2124,2260,0
split_02,2,train,1731,1792,0
split_02,2,train,1499,1536,1
split_02,2,train,1546,1583,1
split_02,2,train,2795,3039,0
split_02,2,train,2494,2680,0
split_02,2,train,3015,3283,0
split_02,2,train,1072,1101,1
split_02,2,train,2513,2700,0
split_02,2,train,551,566,1
split_02,2,train,1389,1425,1
split_02,2,train,2636,2856,0
split_02,2,train,2099,2234,0
split_02,2,train,2329,2498,0
split_02,2,train,3033,3304,0
split_02,2,train,2302,2471,0
split_02,2,train,1257,1292,1
split_02,2,train,3150,3436,0
split_02,2,train,3045,3319,0
split_02,2,train,2550,2747,0
split_02,2,train,2579,2784,0
split_02,2,train,1325,1360,1
split_02,2,train,1650,1704,1
split_02,2,train,2672,2899,0
split_02,2,train,3026,3296,0
split_02,2,train,739,759,1
split_02,2,train,1259,1294,1
split_02,2,train,2473,2659,0
split_02,2,train,2921,3175,0
split_02,2,train,1108,1141,1
split_02,2,train,1165,1200,1
split_02,2,train,902,925,1
split_02,2,train,425,434,1
split_02,2,train,166,170,1
split_02,2,train,2384,2560,0
split_02,2,train,2853,3102,0
split_02,2,train,3089,3368,0
split_02,2,train,189,194,1
split_02,2,train,1307,1342,1
split_02,2,train,1788,1861,0
split_02,2,train,3110,3393,0
split_02,2,train,2551,2748,0
split_02,2,train,2679,2907,0
split_02,2,train,2054,2179,0
split_02,2,train,1199,1234,1
split_02,2,train,2683,2913,0
split_02,2,train,1641,1691,1
split_02,2,train,2523,2717,0
split_02,2,train,2658,2882,0
split_02,2,train,2119,2255,0
split_02,2,train,2476,2662,0
split_02,2,train,1686,1743,0
split_02,2,train,1422,1459,1
split_02,2,train,351,360,1
split_02,2,train,927,953,1
split_02,2,train,1450,1487,1
split_02,2,train,2095,2230,0
split_02,2,train,2407,2586,0
split_02,2,train,1398,1434,1
split_02,2,train,2418,2597,0
split_02,2,train,1014,1042,1
split_02,2,train,2011,2130,0
split_02,2,train,1853,1939,0
split_02,2,train,2420,2600,0
split_02,2,train,1358,1394,1
split_02,2,train,1848,1933,0
split_02,2,train,543,558,1
split_02,2,train,1741,1805,0
split_02,2,train,1409,1445,1
split_02,2,train,2117,2253,0
split_02,2,train,2900,3152,0
split_02,2,train,1102,1134,1
split_02,2,train,1310,1345,1
split_02,2,train,730,750,1
split_02,2,train,753,774,1
split_02,2,train,156,160,1
split_02,2,train,1480,1517,1
split_02,2,train,297,305,1
split_02,2,train,2564,2765,0
split_02,2,train,1273,1308,1
split_02,2,train,1941,2039,0
split_02,2,train,2344,2515,0
split_02,2,train,2341,2512,0
split_02,2,train,2168,2310,0
split_02,2,train,2833,3081,0
split_02,2,train,1024,1052,1
split_02,2,train,254,260,1
split_02,2,train,2403,2582,0
split_02,2,train,795,816,1
split_02,2,train,2010,2129,0
split_02,2,train,1970,2075,0
split_02,2,train,105,107,1
split_02,2,train,1909,2005,0
split_02,2,train,1001,1028,1
split_02,2,train,1252,1287,1
split_02,2,train,411,420,1
split_02,2,train,1350,1386,1
split_02,2,train,133,136,1
split_02,2,train,1039,1067,1
split_02,2,train,659,677,1
split_02,2,train,2471,2657,0
split_02,2,train,3030,3300,0
split_02,2,train,57,59,1
split_02,2,train,2180,2324,0
split_02,2,train,1378,1414,1
split_02,2,train,2454,2639,0
split_02,2,train,2438,2621,0
split_02,2,train,3156,3446,0
split_02,2,train,1957,2060,0
split_02,2,train,1732,1793,0
split_02,2,train,2025,2148,0
split_02,2,train,377,386,1
split_02,2,train,1485,1522,1
split_02,2,train,2895,3147,0
split_02,2,train,883,905,1
split_02,2,train,355,364,1
split_02,2,train,359,368,1
split_02,2,train,1976,2081,0
split_02,2,train,2689,2919,0
split_02,2,train,148,151,1
split_02,2,train,2573,2777,0
split_02,2,train,2502,2688,0
split_02,2,train,2882,3133,0
split_02,2,train,1594,1633,1
split_02,2,train,1009,1037,1
split_02,2,train,2906,3159,0
split_02,2,train,1507,1544,1
split_02,2,train,207,213,1
split_02,2,train,1064,1093,1
split_02,2,train,1155,1189,1
split_02,2,train,1561,1598,1
split_02,2,train,330,338,1
split_02,2,train,664,682,1
split_02,2,train,2864,3115,0
split_02,2,train,256,262,1
split_02,2,train,1420,1457,1
split_02,2,train,3069,3347,0
split_02,2,train,2230,2381,0
split_02,2,train,3097,3378,0
split_02,2,train,1895,1987,0
split_02,2,train,1106,1139,1
split_02,2,train,1616,1659,1
split_02,2,train,542,556,1
split_02,2,train,338,347,1
split_02,2,train,1232,1267,1
split_02,2,train,2086,2220,0
split_02,2,train,2028,2151,0
split_02,2,train,2461,2646,0
split_02,2,train,2024,2147,0
split_02,2,train,2340,2511,0
split_02,2,train,1107,1140,1
split_02,2,train,1286,1321,1
split_02,2,train,1593,1632,1
split_02,2,train,2493,2679,0
split_02,2,train,2976,3236,0
split_02,2,train,1380,1416,1
split_02,2,train,134,137,1
split_02,2,train,2058,2184,0
split_02,2,train,1713,1773,0
split_02,2,train,2008,2124,0
split_02,2,train,2159,2299,0
split_02,2,train,3093,3373,0
split_02,2,train,1223,1258,1
split_02,2,train,309,317,1
split_02,2,train,1902,1997,0
split_02,2,train,2963,3222,0
split_02,2,train,713,732,1
split_02,2,train,2715,2947,0
split_02,2,train,2844,3093,0
split_02,2,train,489,499,1
split_02,2,train,2607,2820,0
split_02,2,train,2018,2137,0
split_02,2,train,21,22,1
split_02,2,train,2437,2619,0
split_02,2,train,2680,2908,0
split_02,2,train,1693,1751,0
split_02,2,train,1065,1094,1
split_02,2,train,273,280,1
split_02,2,train,1990,2099,0
split_02,2,train,2334,2504,0
split_02,2,train,1154,1188,1
split_02,2,train,2173,2315,0
split_02,2,train,1146,1180,1
split_02,2,train,1854,1940,0
split_02,2,train,2425,2606,0
split_02,2,train,1774,1846,0
split_02,2,train,2293,2457,0
split_02,2,train,2423,2603,0
split_02,2,train,1529,1566,1
split_02,2,train,1789,1864,0
split_02,2,train,908,933,1
split_02,2,train,2684,2914,0
split_02,2,train,17,18,1
split_02,2,train,428,437,1
split_02,2,train,1020,1048,1
split_02,2,train,2516,2708,0
split_02,2,train,2414,2593,0
split_02,2,train,321,329,1
split_02,2,train,2275,2433,0
split_02,2,train,2891,3142,0
split_02,2,train,91,93,1
split_02,2,train,2957,3214,0
split_02,2,train,2406,2585,0
split_02,2,train,2027,2150,0
split_02,2,train,2349,2520,0
split_02,2,train,2146,2285,0
split_02,2,train,2903,3155,0
split_02,2,train,2648,2870,0
split_02,2,train,2069,2200,0
split_02,2,train,2726,2959,0
split_02,2,train,2125,2261,0
split_02,2,train,522,534,1
split_02,2,train,520,532,1
split_02,2,train,741,761,1
split_02,2,train,476,486,1
split_02,2,train,2468,2654,0
split_02,2,train,433,442,1
split_02,2,train,2165,2307,0
split_02,2,train,2470,2656,0
split_02,2,train,314,322,1
split_02,2,train,1709,1768,0
split_02,2,train,867,889,1
split_02,2,train,6,7,1
split_02,2,train,1977,2082,0
split_02,2,train,111,113,1
split_02,2,train,1033,1061,1
split_02,2,train,1571,1608,1
split_02,2,train,2694,2925,0
split_02,2,train,650,668,1
split_02,2,train,1845,1930,0
split_02,2,train,586,601,1
split_02,2,train,1566,1603,1
split_02,2,train,2413,2592,0
split_02,2,train,1136,1170,1
split_02,2,train,906,931,1
split_02,2,train,452,462,1
split_02,2,train,837,858,1
split_02,2,train,1554,1591,1
split_02,2,train,1609,1650,1
split_02,2,train,2316,2485,0
split_02,2,train,394,403,1
split_02,2,train,2752,2989,0
split_02,2,train,3102,3383,0
split_02,2,train,2885,3136,0
split_02,2,train,2852,3101,0
split_02,2,train,2482,2668,0
split_02,2,train,2735,2971,0
split_02,2,train,2383,2559,0
split_02,2,train,1227,1262,1
split_02,2,train,1541,1578,1
split_02,2,train,3035,3306,0
split_02,2,train,2856,3106,0
split_02,2,train,1462,1499,1
split_02,2,train,604,619,1
split_02,2,train,292,300,1
split_02,2,train,228,234,1
split_02,2,train,2994,3259,0
split_02,2,train,951,977,1
split_02,2,train,1463,1500,1
split_02,2,train,2764,3005,0
split_02,2,train,1193,1228,1
split_02,2,train,1270,1305,1
split_02,2,train,848,869,1
split_02,2,train,1626,1674,1
split_02,2,train,2408,2587,0
split_02,2,train,829,850,1
split_02,2,train,1873,1963,0
split_02,2,train,2242,2395,0
split_02,2,train,877,899,1
split_02,2,train,2184,2328,0
split_02,2,train,1331,1366,1
split_02,2,train,1120,1153,1
split_02,2,train,2474,2660,0
split_02,2,train,386,395,1
split_02,2,train,1469,1506,1
split_02,2,train,177,181,1
split_02,2,train,1272,1307,1
split_02,2,train,2283,2442,0
split_02,2,train,1972,2077,0
split_02,2,train,1652,1706,1
split_02,2,train,2948,3205,0
split_02,2,train,2909,3163,0
split_02,2,train,7,8,1
split_02,2,train,136,139,1
split_02,2,train,905,929,1
split_02,2,train,1557,1594,1
split_02,2,train,928,954,1
split_02,2,train,2776,3017,0
split_02,2,train,2179,2321,0
split_02,2,train,642,659,1
split_02,2,train,2992,3256,0
split_02,2,train,2593,2799,0
split_02,2,train,3121,3404,0
split_02,2,train,1826,1906,0
split_02,2,train,2889,3140,0
split_02,2,train,557,572,1
split_02,2,train,2965,3225,0
split_02,2,train,2878,3129,0
split_02,2,train,2472,2658,0
split_02,2,train,178,182,1
split_02,2,train,1685,1742,0
split_02,2,train,2142,2280,0
split_02,2,train,1700,1759,0
split_02,2,train,365,374,1
split_02,2,train,426,435,1
split_02,2,train,2991,3255,0
split_02,2,train,2727,2961,0
split_02,2,train,1178,1213,1
split_02,2,train,374,383,1
split_02,2,train,1899,1991,0
split_02,2,train,1840,1923,0
split_02,2,train,646,664,1
split_02,2,train,398,407,1
split_02,2,train,153,157,1
split_02,2,train,952,978,1
split_02,2,train,2744,2980,0
split_02,2,train,2353,2524,0
split_02,2,train,703,722,1
split_02,2,train,483,493,1
split_02,2,train,2390,2566,0
split_02,2,train,449,459,1
split_02,2,train,859,880,1
split_02,2,train,391,400,1
split_02,2,train,154,158,1
split_02,2,train,2591,2797,0
split_02,2,train,2195,2341,0
split_02,2,train,1100,1132,1
split_02,2,train,149,152,1
split_02,2,train,135,138,1
split_02,2,train,759,780,1
split_02,2,train,2536,2731,0
split_02,2,train,295,303,1
split_02,2,train,64,66,1
split_02,2,train,2838,3086,0
split_02,2,train,1121,1154,1
split_02,2,train,2478,2664,0
split_02,2,train,2333,2503,0
split_02,2,train,2734,2968,0
split_02,2,train,635,652,1
split_02,2,train,2239,2391,0
split_02,2,train,2745,2981,0
split_02,2,train,2223,2374,0
split_02,2,train,1242,1277,1
split_02,2,train,1047,1075,1
split_02,2,train,2253,2407,0
split_02,2,train,969,996,1
split_02,2,train,3042,3315,0
split_02,2,train,2983,3246,0
split_02,2,train,3117,3400,0
split_02,2,train,1043,1071,1
split_02,2,train,1139,1173,1
split_02,2,train,834,855,1
split_02,2,train,195,201,1
split_02,2,train,2997,3262,0
split_02,2,train,317,325,1
split_02,2,train,2197,2344,0
split_02,2,train,1431,1468,1
split_02,2,train,1802,1879,0
split_02,2,train,127,129,1
split_02,2,train,1738,1800,0
split_02,2,train,1016,1044,1
split_02,2,train,802,823,1
split_02,2,train,2941,3198,0
split_02,2,train,1220,1255,1
split_02,2,train,2315,2484,0
split_02,2,train,1888,1979,0
split_02,2,train,1765,1832,0
split_02,2,train,2615,2830,0
split_02,2,train,563,578,1
split_02,2,train,528,540,1
split_02,2,train,1326,1361,1
split_02,2,train,880,902,1
split_02,2,train,965,991,1
split_02,2,train,2956,3213,0
split_02,2,train,266,272,1
split_02,2,train,1904,1999,0
split_02,2,train,826,847,1
split_02,2,train,1980,2085,0
split_02,2,train,265,271,1
split_02,2,train,2768,3009,0
split_02,2,train,1522,1559,1
split_02,2,train,2101,2236,0
split_02,2,train,1474,1511,1
split_02,2,train,1318,1353,1
split_02,2,train,614,629,1
split_02,2,train,1583,1622,1
split_02,2,train,2688,2918,0
split_02,2,train,657,675,1
split_02,2,train,3148,3433,0
split_02,2,train,1440,1477,1
split_02,2,train,1025,1053,1
split_02,2,train,526,538,1
split_02,2,train,2741,2977,0
split_02,2,train,567,582,1
split_02,2,train,2417,2596,0
split_02,2,train,1988,2096,0
split_02,2,train,322,330,1
split_02,2,train,2807,3052,0
split_02,2,train,1841,1924,0
split_02,2,train,23,24,1
split_02,2,train,446,455,1
split_02,2,train,1426,1463,1
split_02,2,train,554,569,1
split_02,2,train,229,235,1
split_02,2,train,1729,1790,0
split_02,2,train,3039,3311,0
split_02,2,train,306,314,1
split_02,2,train,2035,2158,0
split_02,2,train,2429,2610,0
split_02,2,train,369,378,1
split_02,2,train,247,253,1
split_02,2,train,2973,3233,0
split_02,2,train,866,888,1
split_02,2,train,2225,2376,0
split_02,2,train,2892,3144,0
split_02,2,train,1302,1337,1
split_02,2,train,60,62,1
split_02,2,train,777,798,1
split_02,2,train,765,786,1
split_02,2,train,458,468,1
split_02,2,train,2089,2223,0
split_02,2,train,1832,1913,0
split_02,2,train,1597,1636,1
split_02,2,train,1473,1510,1
split_02,2,train,2135,2272,0
split_02,2,train,1829,1909,0
split_02,2,train,2861,3112,0
split_02,2,train,1162,1197,1
split_02,2,train,2210,2360,0
split_02,2,train,1856,1942,0
split_02,2,train,3090,3369,0
split_02,2,train,812,833,1
split_02,2,train,478,488,1
split_02,2,train,1634,1682,1
split_02,2,train,1688,1746,0
split_02,2,train,2487,2673,0
split_02,2,train,643,660,1
split_02,2,train,1579,1616,1
split_02,2,train,847,868,1
split_02,2,train,2942,3199,0
split_02,2,train,414,423,1
split_02,2,train,3064,3342,0
split_02,2,train,1451,1488,1
split_02,2,train,1846,1931,0
split_02,2,train,1091,1123,1
split_02,2,train,1598,1637,1
split_02,2,train,787,808,1
split_02,2,train,1192,1227,1
split_02,2,train,490,500,1
split_02,2,train,1433,1470,1
split_02,2,train,3079,3358,0
split_02,2,train,2042,2166,0
split_02,2,train,1127,1160,1
split_02,2,train,1586,1625,1
split_02,2,train,2064,2192,0
split_02,2,train,1052,1080,1
split_02,2,train,1295,1330,1
split_02,2,train,2256,2410,0
split_02,2,train,2849,3098,0
split_02,2,train,2271,2428,0
split_02,2,train,1699,1758,0
split_02,2,train,2640,2860,0
split_02,2,train,1428,1465,1
split_02,2,train,588,603,1
split_02,2,train,1498,1535,1
split_02,2,train,1663,1717,1
split_02,2,train,2385,2561,0
split_02,2,train,1452,1489,1
split_02,2,train,382,391,1
split_02,2,train,2940,3197,0
split_02,2,train,2080,2212,0
split_02,2,train,1782,1855,0
split_02,2,train,1770,1839,0
split_02,2,train,977,1004,1
split_02,2,train,2876,3127,0
split_02,2,train,2147,2286,0
split_02,2,train,470,480,1
split_02,2,train,2506,2692,0
split_02,2,train,746,767,1
split_02,2,train,2702,2934,0
split_02,2,train,460,470,1
split_02,2,train,566,581,1
split_02,2,train,24,25,1
split_02,2,train,869,891,1
split_02,2,train,3138,3423,0
split_02,2,train,2613,2827,0
split_02,2,train,38,40,1
split_02,2,train,137,140,1
split_02,2,train,2866,3117,0
split_02,2,train,1281,1316,1
split_02,2,train,1158,1193,1
split_02,2,train,582,597,1
split_02,2,train,508,519,1
split_02,2,train,1662,1716,1
split_02,2,train,1142,1176,1
split_02,2,train,1197,1232,1
split_02,2,train,116,118,1
split_02,2,train,1542,1579,1
split_02,2,train,406,415,1
split_02,2,train,1456,1493,1
split_02,2,train,491,501,1
split_02,2,train,2430,2611,0
split_02,2,train,976,1003,1
split_02,2,train,809,830,1
split_02,2,train,117,119,1
split_02,2,train,1592,1631,1
split_02,2,train,600,615,1
split_02,2,train,654,672,1
split_02,2,train,1293,1328,1
split_02,2,train,2366,2537,0
split_02,2,train,2313,2482,0
split_02,2,train,2638,2858,0
split_02,2,train,327,335,1
split_02,2,train,2762,3002,0
split_02,2,train,540,554,1
split_02,2,train,1166,1201,1
split_02,2,train,2339,2510,0
split_02,2,train,165,169,1
split_02,2,train,819,840,1
split_02,2,train,147,150,1
split_02,2,train,481,491,1
split_02,2,train,159,163,1
split_02,2,train,3055,3333,0
split_02,2,train,2442,2627,0
split_02,2,train,2597,2806,0
split_02,2,train,2854,3104,0
split_02,2,train,892,914,1
split_02,2,train,1089,1120,1
split_02,2,train,2116,2252,0
split_02,2,train,1863,1950,0
split_02,2,train,109,111,1
split_02,2,train,1263,1298,1
split_02,2,train,853,874,1
split_02,2,train,486,496,1
split_02,2,train,1304,1339,1
split_02,2,train,2729,2963,0
split_02,2,train,624,640,1
split_02,2,train,3161,3457,0
split_02,2,train,1341,1377,1
split_02,2,train,2126,2262,0
split_02,2,train,3123,3406,0
split_02,2,train,1815,1894,0
split_02,2,train,1910,2006,0
split_02,2,train,683,701,1
split_02,2,train,1074,1103,1
split_02,2,train,2786,3030,0
split_02,2,train,2260,2416,0
split_02,2,train,2530,2724,0
split_02,2,train,983,1010,1
split_02,2,train,3096,3377,0
split_02,2,train,1493,1530,1
split_02,2,train,325,333,1
split_02,2,train,31,32,1
split_02,2,train,578,593,1
split_02,2,train,3143,3428,0
split_02,2,train,1495,1532,1
split_02,2,train,3134,3419,0
split_02,2,train,873,895,1
split_02,2,train,935,961,1
split_02,2,train,1667,1721,1
split_02,2,train,2006,2118,0
split_02,2,train,2979,3242,0
split_02,2,train,1543,1580,1
split_02,2,train,2928,3184,0
split_02,2,train,1893,1984,0
split_02,2,train,28,29,1
split_02,2,train,1981,2087,0
split_02,2,train,1370,1406,1
split_02,2,train,1882,1972,0
split_02,2,train,1635,1683,1
split_02,2,train,1605,1644,1
split_02,2,train,2241,2393,0
split_02,2,train,1067,1096,1
split_02,2,train,1755,1822,0
split_02,2,train,946,972,1
split_02,2,train,771,792,1
split_02,2,train,1676,1730,1
split_02,2,train,1205,1240,1
split_02,2,train,1550,1587,1
split_02,2,train,2392,2568,0
split_02,2,train,1179,1214,1
split_02,2,train,1772,1841,0
split_02,2,train,1327,1362,1
split_02,2,train,1200,1235,1
split_02,2,train,456,466,1
split_02,2,train,737,757,1
split_02,2,train,1254,1289,1
split_02,2,train,253,259,1
split_02,2,train,1517,1554,1
split_02,2,train,2194,2340,0
split_02,2,train,1003,1030,1
split_02,2,train,2212,2362,0
split_02,2,train,1758,1825,0
split_02,2,train,2203,2352,0
split_02,2,train,1538,1575,1
split_02,2,train,216,222,1
split_02,2,train,1994,2104,0
split_02,2,train,2908,3162,0
split_02,2,train,1215,1250,1
split_02,2,train,1969,2074,0
split_02,2,train,3166,3462,0
split_02,2,train,552,567,1
split_02,2,train,2368,2539,0
split_02,2,train,1919,2015,0
split_02,2,train,2435,2617,0
split_02,2,train,2601,2814,0
split_02,2,train,87,89,1
split_02,2,train,240,246,1
split_02,2,train,1383,1419,1
split_02,2,train,1387,1423,1
split_02,2,train,2375,2548,0
split_02,2,train,2955,3212,0
split_02,2,train,2328,2497,0
split_02,2,train,3,4,1
split_02,2,train,2050,2175,0
split_02,2,train,2304,2473,0
split_02,2,train,2475,2661,0
split_02,2,train,535,548,1
split_02,2,train,1665,1719,1
split_02,2,train,1795,1871,0
split_02,2,train,364,373,1
split_02,2,train,1408,1444,1
split_02,2,train,2890,3141,0
split_02,2,train,768,789,1
split_02,2,train,2945,3202,0
split_02,2,train,2284,2448,0
split_02,2,train,1534,1571,1
split_02,2,train,881,903,1
split_02,2,train,1655,1709,1
split_02,2,train,1555,1592,1
split_02,2,train,497,508,1
split_02,2,train,3140,3425,0
split_02,2,train,1769,1838,0
split_02,2,train,2542,2737,0
split_02,2,train,1,2,1
split_02,2,train,991,1018,1
split_02,2,train,1288,1323,1
split_02,2,train,343,352,1
split_02,2,train,439,448,1
split_02,2,train,1275,1310,1
split_02,2,train,1516,1553,1
split_02,2,train,44,46,1
split_02,2,train,785,806,1
split_02,2,train,2193,2339,0
split_02,2,train,1604,1643,1
split_02,2,train,2321,2490,0
split_02,2,train,722,741,1
split_02,2,train,2576,2781,0
split_02,2,train,2325,2494,0
split_02,2,train,1739,1801,0
split_02,2,train,468,478,1
split_02,2,train,1299,1334,1
split_02,2,train,1394,1430,1
split_02,2,train,2043,2167,0
split_02,2,train,940,966,1
split_02,2,train,1866,1954,0
split_02,2,train,494,505,1
split_02,2,train,2190,2335,0
split_02,2,train,1110,1143,1
split_02,2,train,919,944,1
split_02,2,train,1255,1290,1
split_02,2,train,2309,2478,0
split_02,2,train,708,727,1
split_02,2,train,2677,2904,0
split_02,2,train,2984,3248,0
split_02,2,train,2659,2883,0
split_02,2,train,968,994,1
split_02,2,train,324,332,1
split_02,2,train,1130,1163,1
split_02,2,train,170,174,1
split_02,2,train,1615,1658,1
split_02,2,train,2722,2955,0
split_02,2,train,1320,1355,1
split_02,2,train,720,739,1
split_02,2,train,1195,1230,1
split_02,2,train,822,843,1
split_02,2,train,2524,2718,0
split_02,2,train,950,976,1
split_02,2,train,2817,3063,0
split_02,2,train,2320,2489,0
split_02,2,train,1137,1171,1
split_02,2,train,459,469,1
split_02,2,train,1606,1645,1
split_02,2,train,1490,1527,1
split_02,2,train,1896,1988,0
split_02,2,train,1577,1614,1
split_02,2,train,1501,1538,1
split_02,2,train,937,963,1
split_02,2,train,3155,3444,0
split_02,2,train,1975,2080,0
split_02,2,train,2363,2534,0
split_02,2,train,2048,2172,0
split_02,2,train,210,216,1
split_02,2,train,1600,1639,1
split_02,2,train,668,686,1
split_02,2,train,1042,1070,1
split_02,2,train,1301,1336,1
split_02,2,train,1780,1853,0
split_02,2,train,42,44,1
split_02,2,train,2642,2864,0
split_02,2,train,1488,1525,1
split_02,2,train,172,176,1
split_02,2,train,3014,3282,0
split_02,2,train,1932,2029,0
split_02,2,train,814,835,1
split_02,2,train,2479,2665,0
split_02,2,train,1391,1427,1
split_02,2,train,280,287,1
split_02,2,train,197,203,1
split_02,2,train,106,108,1
split_02,2,train,2871,3122,0
split_02,2,train,2846,3095,0
split_02,2,train,457,467,1
split_02,2,train,692,710,1
split_02,2,train,1644,1694,1
split_02,2,train,1638,1688,1
split_02,2,train,475,485,1
split_02,2,train,161,165,1
split_02,2,train,3041,3314,0
split_02,2,train,2174,2316,0
split_02,2,train,1726,1786,0
split_02,2,train,2750,2987,0
split_02,2,train,2728,2962,0
split_02,2,train,2002,2112,0
split_02,2,train,688,706,1
split_02,2,train,1724,1784,0
split_02,2,train,1852,1938,0
split_02,2,train,1892,1983,0
split_02,2,train,982,1009,1
split_02,2,train,1502,1539,1
split_02,2,train,2170,2312,0
split_02,2,train,326,334,1
split_02,2,train,1987,2094,0
split_02,2,train,61,63,1
split_02,2,train,2248,2401,0
split_02,2,train,2585,2790,0
split_02,2,train,1113,1146,1
split_02,2,train,2971,3231,0
split_02,2,train,261,267,1
split_02,2,train,1238,1273,1
split_02,2,train,1754,1821,0
split_02,2,train,2654,2878,0
split_02,2,train,656,674,1
split_02,2,train,3116,3399,0
split_02,2,train,2731,2965,0
split_02,2,train,1482,1519,1
split_02,2,train,2277,2435,0
split_02,2,train,1837,1918,0
split_02,2,train,1809,1887,0
split_02,2,train,1503,1540,1
split_02,2,train,2540,2735,0
split_02,2,train,2055,2180,0
split_02,2,train,1607,1646,1
split_02,2,train,2575,2779,0
split_02,2,train,2013,2132,0
split_02,2,train,2439,2622,0
split_02,2,train,3147,3432,0
split_02,2,train,2855,3105,0
split_02,2,train,2914,3168,0
split_02,2,train,893,915,1
split_02,2,train,2845,3094,0
split_02,2,train,546,561,1
split_02,2,train,1305,1340,1
split_02,2,train,2670,2897,0
split_02,2,train,1290,1325,1
split_02,2,train,2060,2187,0
split_02,2,train,2037,2160,0
split_02,2,train,402,411,1
split_02,2,train,1303,1338,1
split_02,2,train,131,133,1
split_02,2,train,1415,1451,1
split_02,2,train,175,179,1
split_02,2,train,2137,2274,0
split_02,2,train,373,382,1
split_02,2,train,2066,2195,0
split_02,2,train,3078,3357,0
split_02,2,train,640,657,1
split_02,2,train,2517,2709,0
split_02,2,train,2411,2590,0
split_02,2,train,13,14,1
split_02,2,train,2434,2616,0
split_02,2,train,1608,1647,1
split_02,2,train,2822,3068,0
split_02,2,train,1587,1626,1
split_02,2,train,2057,2182,0
split_02,2,train,811,832,1
split_02,2,train,1322,1357,1
split_02,2,train,346,355,1
split_02,2,train,1365,1401,1
split_02,2,train,1773,1842,0
split_02,2,train,352,361,1
split_02,2,train,2143,2281,0
split_02,2,train,610,625,1
split_02,2,train,97,99,1
split_02,2,train,2693,2924,0
split_02,2,train,1124,1157,1
split_02,2,train,1901,1996,0
split_02,2,train,96,98,1
split_02,2,train,2160,2300,0
split_02,2,train,772,793,1
split_02,2,train,745,765,1
split_02,2,train,592,607,1
split_02,2,train,2111,2246,0
split_02,2,train,1360,1396,1
split_02,2,train,1880,1970,0
split_02,2,train,764,785,1
split_02,2,train,2553,2752,0
split_02,2,train,215,221,1
split_02,2,train,1884,1974,0
split_02,2,train,2031,2154,0
split_02,2,train,2717,2949,0
split_02,2,train,1804,1881,0
split_02,2,train,79,81,1
split_02,2,train,2926,3182,0
split_02,2,train,379,388,1
split_02,2,train,471,481,1
split_02,2,train,3038,3310,0
split_02,2,train,1470,1507,1
split_02,2,train,2130,2266,0
split_02,2,train,1552,1589,1
split_02,2,train,2273,2430,0
split_02,2,train,963,989,1
split_02,2,train,3005,3271,0
split_02,2,train,1292,1327,1
split_02,2,train,766,787,1
split_02,2,train,2300,2468,0
split_02,2,train,2488,2674,0
split_02,2,train,464,474,1
split_02,2,train,629,645,1
split_02,2,train,601,616,1
split_02,2,train,2308,2477,0
split_02,2,train,451,461,1
split_02,2,train,305,313,1
split_02,2,train,2872,3123,0
split_02,2,train,1435,1472,1
split_02,2,train,2544,2740,0
split_02,2,train,224,230,1
split_02,2,train,3027,3297,0
split_02,2,train,157,161,1
split_02,2,train,2114,2249,0
split_02,2,train,2568,2770,0
split_02,2,train,495,506,1
split_02,2,train,1210,1245,1
split_02,2,train,533,546,1
split_02,2,train,2278,2437,0
split_02,2,train,3047,3321,0
split_02,2,train,2828,3075,0
split_02,2,train,3022,3291,0
split_02,2,train,357,366,1
split_02,2,train,484,494,1
split_02,2,train,560,575,1
split_02,2,train,700,719,1
split_02,2,train,2240,2392,0
split_02,2,train,1844,1929,0
split_02,2,train,1111,1144,1
split_02,2,train,2522,2716,0
split_02,2,train,1256,1291,1
split_02,2,train,2649,2871,0
split_02,2,train,2535,2730,0
split_02,2,train,1306,1341,1
split_02,2,train,1194,1229,1
split_02,2,train,2496,2682,0
split_02,2,train,1898,1990,0
split_02,2,train,2993,3257,0
split_02,2,train,1745,1811,0
split_02,2,train,3018,3287,0
split_02,2,train,2214,2365,0
split_02,2,train,856,877,1
split_02,2,train,618,633,1
split_02,2,train,562,577,1
split_02,2,train,2362,2533,0
split_02,2,train,2619,2835,0
split_02,2,train,2886,3137,0
split_02,2,train,2633,2852,0
split_02,2,train,944,970,1
split_02,2,train,2052,2177,0
split_02,2,train,3007,3275,0
split_02,2,train,275,282,1
split_02,2,train,450,460,1
split_02,2,train,2355,2526,0
split_02,2,train,849,870,1
split_02,2,train,2801,3045,0
split_02,2,train,3012,3280,0
split_02,2,train,2215,2366,0
split_02,2,train,1492,1529,1
split_02,2,train,1643,1693,1
split_02,2,train,362,371,1
split_02,2,train,2783,3024,0
split_02,2,train,2415,2594,0
split_02,2,train,1752,1819,0
split_02,2,train,340,349,1
split_02,2,train,1929,2026,0
split_02,2,train,1464,1501,1
split_02,2,train,2186,2330,0
split_02,2,train,320,328,1
split_02,2,train,45,47,1
split_02,2,train,1057,1086,1
split_02,2,train,424,433,1
split_02,2,train,316,324,1
split_02,2,train,909,934,1
split_02,2,train,3124,3407,0
split_02,2,train,2716,2948,0
split_02,2,train,2067,2196,0
split_02,2,train,388,397,1
split_02,2,train,1836,1917,0
split_02,2,train,2497,2683,0
split_02,2,train,1148,1182,1
split_02,2,train,1916,2012,0
split_02,2,train,2739,2975,0
split_02,2,train,2690,2920,0
split_02,2,train,2463,2649,0
split_02,2,train,1019,1047,1
split_02,2,train,1119,1152,1
split_02,2,train,3080,3359,0
split_02,2,train,129,131,1
split_02,2,train,437,446,1
split_02,2,train,988,1015,1
split_02,2,train,3168,3464,0
split_02,2,train,534,547,1
split_02,2,train,1241,1276,1
split_02,2,train,1505,1542,1
split_02,2,train,1862,1949,0
split_02,2,train,78,80,1
split_02,2,train,2336,2506,0
split_02,2,train,1035,1063,1
split_02,2,train,289,297,1
split_02,2,train,1596,1635,1
split_02,2,train,473,483,1
split_02,2,train,1997,2107,0
split_02,2,train,69,71,1
split_02,2,train,2003,2113,0
split_02,2,train,432,441,1
split_02,2,train,2899,3151,0
split_02,2,train,222,228,1
split_02,2,train,2827,3074,0
split_02,2,train,2929,3185,0
split_02,2,train,623,639,1
split_02,2,train,1807,1884,0
split_02,2,train,2947,3204,0
split_02,2,train,1891,1982,0
split_02,2,train,2547,2743,0
split_02,2,train,2237,2389,0
split_02,2,train,1834,1915,0
split_02,2,train,2446,2631,0
split_02,2,train,1544,1581,1
split_02,2,train,75,77,1
split_02,2,train,1296,1331,1
split_02,2,train,248,254,1
split_02,2,train,1628,1676,1
split_02,2,train,1487,1524,1
split_02,2,train,3006,3272,0
split_02,2,train,436,445,1
split_02,2,train,2177,2319,0
split_02,2,train,262,268,1
split_02,2,train,1315,1350,1
split_02,2,train,115,117,1
split_02,2,train,726,746,1
split_02,2,train,18,19,1
split_02,2,train,1843,1928,0
split_02,2,train,1842,1925,0
split_02,2,train,2314,2483,0
split_02,2,train,1036,1064,1
split_02,2,train,376,385,1
split_02,2,train,799,820,1
split_02,2,train,1525,1562,1
split_02,2,train,89,91,1
split_02,2,train,790,811,1
split_02,2,train,2848,3097,0
split_02,2,train,3059,3337,0
split_02,2,train,323,331,1
split_02,2,train,537,550,1
split_02,2,train,1530,1567,1
split_02,2,train,1565,1602,1
split_02,2,train,1955,2056,0
split_02,2,train,788,809,1
split_02,2,train,2176,2318,0
split_02,2,train,2985,3249,0
split_02,2,train,1468,1505,1
split_02,2,train,3157,3447,0
split_02,2,train,3162,3458,0
split_02,2,train,921,947,1
split_02,2,train,2465,2651,0
split_02,2,train,616,631,1
split_02,2,train,1152,1186,1
split_02,2,train,1637,1687,1
split_02,2,train,1008,1036,1
split_02,2,train,2322,2491,0
split_02,2,train,2749,2985,0
split_02,2,train,2440,2623,0
split_02,2,train,3125,3409,0
split_02,2,train,2032,2155,0
split_02,2,train,2698,2930,0
split_02,2,train,272,279,1
split_02,2,train,547,562,1
split_02,2,train,2397,2574,0
split_02,2,train,219,225,1
split_02,2,train,2603,2816,0
split_02,2,train,2133,2269,0
split_02,2,train,1374,1410,1
split_02,2,train,662,680,1
split_02,2,train,239,245,1
split_02,2,train,1209,1244,1
split_02,2,train,576,591,1
split_02,2,train,636,653,1
split_02,2,train,2297,2461,0
split_02,2,train,2567,2769,0
split_02,2,train,3105,3388,0
split_02,2,train,823,844,1
split_02,2,train,1506,1543,1
split_02,2,train,679,697,1
split_02,2,train,2100,2235,0
split_02,2,train,2811,3056,0
split_02,2,train,2500,2686,0
split_02,2,train,1099,1131,1
split_02,2,train,1151,1185,1
split_02,2,train,2156,2296,0
split_02,2,train,583,598,1
split_02,2,train,1311,1346,1
split_02,2,train,138,141,1
split_02,2,train,1247,1282,1
split_02,2,train,1753,1820,0
split_02,2,train,1006,1034,1
split_02,2,train,2995,3260,0
split_02,2,train,2954,3211,0
split_02,2,train,469,479,1
split_02,2,train,517,528,1
split_02,2,train,496,507,1
split_02,2,train,2148,2287,0
split_02,2,train,1632,1680,1
split_02,2,train,1705,1764,0
split_02,2,train,1002,1029,1
split_02,2,train,1218,1253,1
split_02,2,train,808,829,1
split_02,2,train,685,703,1
split_02,2,train,645,663,1
split_02,2,train,579,594,1
split_02,2,train,2620,2836,0
split_02,2,train,1412,1448,1
split_02,2,train,1966,2070,0
split_02,2,train,3029,3299,0
split_02,2,train,926,952,1
split_02,2,train,0,1,1
split_02,2,train,1413,1449,1
split_02,2,train,1865,1953,0
split_02,2,train,1998,2108,0
split_02,2,train,607,622,1
split_02,2,train,202,208,1
split_02,2,train,2310,2479,0
split_02,2,train,36,37,1
split_02,2,train,1058,1087,1
split_02,2,train,1680,1734,0
split_02,2,train,2356,2527,0
split_02,2,train,479,489,1
split_02,2,train,1018,1046,1
split_02,2,train,1701,1760,0
split_02,2,train,2692,2923,0
split_02,2,train,1965,2069,0
split_02,2,train,2132,2268,0
split_02,2,train,1085,1115,1
split_02,2,train,1509,1546,1
split_02,2,train,2803,3047,0
split_02,2,train,2387,2563,0
split_02,2,train,3152,3439,0
split_02,2,train,276,283,1
split_02,2,train,2081,2213,0
split_02,2,train,173,177,1
split_02,2,train,1906,2002,0
split_02,2,train,2196,2343,0
split_02,2,train,244,250,1
split_02,2,train,2451,2636,0
split_02,2,train,644,661,1
split_02,2,train,312,320,1
split_02,2,train,1711,1771,0
split_02,2,train,498,509,1
split_02,2,train,639,656,1
split_02,2,train,660,678,1
split_02,2,train,387,396,1
split_02,2,train,868,890,1
split_02,2,train,1056,1085,1
split_02,2,train,2483,2669,0
split_02,2,train,992,1019,1
split_02,2,train,833,854,1
split_02,2,train,2134,2271,0
split_02,2,train,2747,2983,0
split_02,2,train,2562,2763,0
split_02,2,train,2227,2378,0
split_02,2,train,816,837,1
split_02,2,train,1073,1102,1
split_02,2,train,66,68,1
split_02,2,train,1048,1076,1
split_02,2,train,1396,1432,1
split_02,2,train,2178,2320,0
split_02,2,train,2424,2604,0
split_02,2,train,2588,2793,0
split_02,2,train,1376,1412,1
split_02,2,train,410,419,1
split_02,2,train,505,516,1
split_02,2,train,435,444,1
split_02,2,train,2663,2887,0
split_02,2,train,1776,1848,0
split_02,2,train,1727,1787,0
split_02,2,train,527,539,1
split_02,2,train,757,778,1
split_02,2,train,259,265,1
split_02,2,train,2360,2531,0
split_02,2,train,1947,2047,0
split_02,2,train,577,592,1
split_02,2,train,1907,2003,0
split_02,2,train,3101,3382,0
split_02,2,train,1038,1066,1
split_02,2,train,631,648,1
split_02,2,train,1143,1177,1
split_02,2,train,332,340,1
split_02,2,train,721,740,1
split_02,2,train,2281,2440,0
split_02,2,train,2759,2997,0
split_02,2,train,341,350,1
split_02,2,train,1390,1426,1
split_02,2,train,2157,2297,0
split_02,2,train,2966,3226,0
split_02,2,train,2873,3124,0
split_02,2,train,204,210,1
split_02,2,train,1401,1437,1
split_02,2,train,1284,1319,1
split_02,2,train,2268,2425,0
split_02,2,train,2695,2927,0
split_02,2,train,344,353,1
split_02,2,train,2572,2775,0
split_02,2,train,2738,2974,0
split_02,2,train,1013,1041,1
split_02,2,train,2351,2522,0
split_02,2,train,1540,1577,1
split_02,2,train,1562,1599,1
split_02,2,train,763,784,1
split_02,2,train,1743,1808,0
split_02,2,train,1050,1078,1
split_02,2,train,593,608,1
split_02,2,train,337,346,1
split_02,2,train,3031,3301,0
split_02,2,train,2675,2902,0
split_02,2,train,628,644,1
split_02,2,train,1214,1249,1
split_02,2,train,1979,2084,0
split_02,2,train,2059,2186,0
split_02,2,train,569,584,1
split_02,2,train,2583,2788,0
split_02,2,train,1283,1318,1
split_02,2,train,2805,3049,0
split_02,2,train,466,476,1
split_02,2,train,2931,3187,0
split_02,2,train,1164,1199,1
split_02,2,train,1512,1549,1
split_02,2,train,1984,2090,0
split_02,2,train,3071,3349,0
split_02,2,train,2261,2417,0
split_02,2,train,1568,1605,1
split_02,2,train,427,436,1
split_02,2,train,2920,3174,0
split_02,2,train,735,755,1
split_02,2,train,506,517,1
split_02,2,train,2388,2564,0
split_02,2,train,409,418,1
split_02,2,train,2893,3145,0
split_02,2,train,1513,1550,1
split_02,2,train,2814,3059,0
split_02,2,train,1569,1606,1
split_02,2,train,2361,2532,0
split_02,2,train,1779,1852,0
split_02,2,train,670,688,1
split_02,2,train,1342,1378,1
split_02,2,train,1580,1617,1
split_02,2,train,559,574,1
split_02,2,train,3142,3427,0
split_02,2,train,1885,1975,0
split_02,2,train,564,579,1
split_02,2,train,2235,2386,0
split_02,2,train,2276,2434,0
split_02,2,train,293,301,1
split_02,2,train,1258,1293,1
split_02,2,train,775,796,1
split_02,2,train,573,588,1
split_02,2,train,1798,1875,0
split_02,2,train,1871,1961,0
split_02,2,train,51,53,1
split_02,2,train,1479,1516,1
split_02,2,train,1684,1741,0
split_02,2,train,2616,2831,0
split_02,2,train,686,704,1
split_02,2,train,2311,2480,0
split_02,2,train,955,981,1
split_02,2,train,2448,2633,0
split_02,2,train,1953,2054,0
split_02,2,train,2660,2884,0
split_02,2,train,2644,2866,0
split_02,2,train,3072,3350,0
split_02,2,train,2755,2992,0
split_02,2,train,231,237,1
split_02,2,train,2685,2915,0
split_02,2,train,205,211,1
split_02,2,train,2152,2291,0
split_02,2,train,2102,2237,0
split_02,2,train,1986,2092,0
split_02,2,train,606,621,1
split_02,2,train,1683,1740,0
split_02,2,train,2040,2164,0
split_02,2,train,2079,2211,0
split_02,2,train,724,743,1
split_02,2,train,2359,2530,0
split_02,2,train,1978,2083,0
split_02,2,train,806,827,1
split_02,2,train,2857,3107,0
split_02,2,train,339,348,1
split_02,2,train,1497,1534,1
split_02,2,train,2841,3090,0
split_02,2,train,2063,2191,0
split_02,2,train,1268,1303,1
split_02,2,train,1633,1681,1
split_02,2,train,1831,1912,0
split_02,2,train,249,255,1
split_02,2,train,2164,2306,0
split_02,2,train,1147,1181,1
split_02,2,train,3100,3381,0
split_02,2,train,3137,3422,0
split_02,2,train,1702,1761,0
split_02,2,train,978,1005,1
split_02,2,train,423,432,1
split_02,2,train,515,526,1
split_02,2,train,2433,2615,0
split_02,2,train,1532,1569,1
split_02,2,train,1308,1343,1
split_02,2,train,2377,2552,0
split_02,2,train,218,224,1
split_02,2,train,372,381,1
split_02,2,train,666,684,1
split_02,2,train,2409,2588,0
split_02,2,train,1991,2100,0
split_02,2,train,83,85,1
split_02,2,train,442,451,1
split_02,2,train,2721,2954,0
split_02,2,train,2458,2643,0
split_02,2,train,311,319,1
split_02,2,train,3043,3317,0
split_02,2,train,3118,3401,0
split_02,2,train,1334,1369,1
split_02,2,train,1618,1661,1
split_02,2,train,677,695,1
split_02,2,train,2216,2367,0
split_02,2,train,201,207,1
split_02,2,train,2594,2800,0
split_02,2,train,2138,2276,0
split_02,2,train,1824,1904,0
split_02,2,train,363,372,1
split_02,2,train,1054,1082,1
split_02,2,train,2578,2783,0
split_02,2,train,1346,1382,1
split_02,2,train,2071,2202,0
split_02,2,train,315,323,1
split_02,2,train,139,142,1
split_02,2,train,841,862,1
split_02,2,train,1386,1422,1
split_02,2,train,2431,2613,0
split_02,2,train,2236,2388,0
split_02,2,train,128,130,1
split_02,2,train,1246,1281,1
split_02,2,train,130,132,1
split_02,2,train,2967,3227,0
split_02,2,train,124,126,1
split_02,2,train,942,968,1
split_02,2,train,1564,1601,1
split_02,2,train,2393,2569,0
split_02,2,train,3133,3418,0
split_02,2,train,2737,2973,0
split_02,2,train,555,570,1
split_02,2,train,2725,2958,0
split_02,2,train,934,960,1
split_02,2,train,1651,1705,1
split_02,2,train,250,256,1
split_02,2,train,1175,1210,1
split_02,2,train,1481,1518,1
split_02,2,train,1816,1895,0
split_02,2,train,622,638,1
split_02,2,train,103,105,1
split_02,2,train,381,390,1
split_02,2,train,2772,3013,0
split_02,2,train,288,296,1
split_02,2,train,2200,2347,0
split_02,2,train,2332,2502,0
split_02,2,train,1857,1944,0
split_02,2,train,621,637,1
split_02,2,train,2796,3040,0
split_02,2,train,1657,1711,1
split_02,2,train,2234,2385,0
split_02,2,train,691,709,1
split_02,2,train,2265,2421,0
split_02,2,train,2839,3087,0
split_02,2,train,915,940,1
split_02,2,train,2264,2420,0
split_02,2,train,2335,2505,0
split_02,2,train,884,906,1
split_02,2,train,3109,3392,0
split_02,2,train,2065,2193,0
split_02,2,train,747,768,1
split_02,2,train,257,263,1
split_02,2,train,1118,1151,1
split_02,2,train,2612,2826,0
split_02,2,train,1740,1803,0
split_02,2,train,575,590,1
split_02,2,train,1821,1901,0
split_02,2,train,300,308,1
split_02,2,train,2490,2676,0
split_02,2,train,1029,1057,1
split_02,2,train,933,959,1
split_02,2,train,277,284,1
split_02,2,train,2289,2453,0
split_02,2,train,2112,2247,0
split_02,2,train,2019,2138,0
split_02,2,train,674,692,1
split_02,2,train,1196,1231,1
split_02,2,train,399,408,1
split_02,2,train,1458,1495,1
split_02,2,train,1603,1642,1
split_02,2,train,2863,3114,0
split_02,2,train,3051,3327,0
split_02,2,train,676,694,1
split_02,2,train,603,618,1
split_02,2,train,198,204,1
split_02,2,train,271,278,1
split_02,2,train,2652,2875,0
split_02,2,train,550,565,1
split_02,2,train,634,651,1
split_02,2,train,47,49,1
split_02,2,train,2128,2264,0
split_02,2,train,1697,1756,0
split_02,2,train,3065,3343,0
split_02,2,train,1521,1558,1
split_02,2,train,52,54,1
split_02,2,train,2566,2768,0
split_02,2,train,1749,1816,0
split_02,2,train,1576,1613,1
split_02,2,train,773,794,1
split_02,2,train,2118,2254,0
split_02,2,train,752,773,1
split_02,2,train,501,512,1
split_02,2,train,1163,1198,1
split_02,2,train,1822,1902,0
split_02,2,train,710,729,1
split_02,2,train,2046,2170,0
split_02,2,train,2389,2565,0
split_02,2,train,2732,2966,0
split_02,2,train,1762,1829,0
split_02,2,train,1338,1374,1
split_02,2,train,9,10,1
split_02,2,train,891,913,1
split_02,2,train,1933,2030,0
split_02,2,train,580,595,1
split_02,2,train,214,220,1
split_02,2,train,1767,1836,0
split_02,2,train,1903,1998,0
split_02,2,train,2934,3191,0
split_02,2,train,1796,1872,0
split_02,2,train,3112,3395,0
split_02,2,train,3086,3365,0
split_02,2,train,865,887,1
split_02,2,train,1879,1969,0
split_02,2,train,2312,2481,0
split_02,2,train,813,834,1
split_02,2,train,2719,2951,0
split_02,2,train,211,217,1
split_02,2,train,3131,3416,0
split_02,2,train,2712,2944,0
split_02,2,train,2802,3046,0
split_02,2,train,1129,1162,1
split_02,2,train,3046,3320,0
split_02,2,train,417,426,1
split_02,2,train,3025,3295,0
split_02,2,train,76,78,1
split_02,2,train,736,756,1
split_02,2,train,2946,3203,0
split_02,2,train,2823,3069,0
split_02,2,train,782,803,1
split_02,2,train,2590,2796,0
split_02,2,train,2108,2243,0
split_02,2,train,93,95,1
split_02,2,train,245,251,1
split_02,2,train,238,244,1
split_02,2,train,2303,2472,0
split_02,2,train,638,655,1
split_02,2,train,767,788,1
split_02,2,train,1551,1588,1
split_02,2,train,981,1008,1
split_02,2,train,1526,1563,1
split_02,2,train,2015,2134,0
split_02,2,train,2090,2224,0
split_02,2,train,956,982,1
split_02,2,train,878,900,1
split_02,2,train,1939,2037,0
split_02,2,train,2700,2932,0
split_02,2,train,1640,1690,1
split_02,2,train,220,226,1
split_02,2,train,2422,2602,0
split_02,2,train,1849,1935,0
split_02,2,train,2044,2168,0
split_02,2,train,1950,2050,0
split_02,2,train,2022,2145,0
split_02,2,train,1103,1136,1
split_02,2,train,252,258,1
split_02,2,train,246,252,1
split_02,2,train,1996,2106,0
split_02,2,train,1820,1900,0
split_02,2,train,1691,1749,0
split_02,2,train,208,214,1
split_02,2,train,125,127,1
split_02,2,train,1030,1058,1
split_02,2,train,594,609,1
split_02,2,train,901,924,1
split_02,2,train,25,26,1
split_02,2,train,1518,1555,1
split_02,2,train,617,632,1
split_02,2,train,2373,2544,0
split_02,2,train,2621,2837,0
split_02,2,train,2501,2687,0
split_02,2,train,221,227,1
split_02,2,train,1443,1480,1
split_02,2,train,1316,1351,1
split_02,2,train,2504,2690,0
split_02,2,train,290,298,1
split_02,2,train,2774,3015,0
split_02,2,train,2799,3043,0
split_02,2,train,2391,2567,0
split_02,2,train,187,191,1
split_02,2,train,1204,1239,1
split_02,2,train,283,290,1
split_02,2,train,3145,3430,0
split_02,2,train,784,805,1
split_02,2,train,1570,1607,1
split_02,2,train,2211,2361,0
split_02,2,train,1361,1397,1
split_02,2,train,55,57,1
split_02,2,train,2800,3044,0
split_02,2,train,2305,2474,0
split_02,2,train,2778,3019,0
split_02,2,train,1294,1329,1
split_02,2,train,855,876,1
split_02,2,train,447,456,1
split_02,2,train,2331,2501,0
split_02,2,train,3063,3341,0
split_02,2,train,2825,3071,0
split_02,2,train,1725,1785,0
split_02,2,train,671,689,1
split_02,2,train,1808,1886,0
split_02,2,train,1160,1195,1
split_02,2,train,2699,2931,0
split_02,2,train,1280,1315,1
split_02,2,train,2835,3083,0
split_02,2,train,1578,1615,1
split_02,2,train,1737,1799,0
split_02,2,train,2318,2487,0
split_02,2,train,2986,3250,0
split_02,2,train,2686,2916,0
split_02,2,train,2324,2493,0
split_02,2,train,2049,2174,0
split_02,2,train,2720,2952,0
split_02,2,train,1201,1236,1
split_02,2,train,725,745,1
split_02,2,train,1094,1126,1
split_02,2,train,3013,3281,0
split_02,2,train,1239,1274,1
split_02,2,train,907,932,1
split_02,2,train,1581,1620,1
split_02,2,train,268,275,1
split_02,2,train,2569,2772,0
split_02,2,train,2330,2500,0
split_02,2,train,2674,2901,0
split_02,2,train,1229,1264,1
split_02,2,test,556,571,1
split_02,2,test,2577,2782,0
split_02,2,test,176,180,1
split_02,2,test,2589,2795,0
split_02,2,test,870,892,1
split_02,2,test,3103,3385,0
split_02,2,test,1661,1715,1
split_02,2,test,585,600,1
split_02,2,test,1425,1462,1
split_02,2,test,1545,1582,1
split_02,2,test,2996,3261,0
split_02,2,test,310,318,1
split_02,2,test,174,178,1
split_02,2,test,2650,2872,0
split_02,2,test,2760,2998,0
split_02,2,test,422,431,1
split_02,2,test,67,69,1
split_02,2,test,2709,2941,0
split_02,2,test,1410,1446,1
split_02,2,test,1942,2040,0
split_02,2,test,108,110,1
split_02,2,test,2337,2507,0
split_02,2,test,1446,1483,1
split_02,2,test,358,367,1
split_02,2,test,3021,3290,0
split_02,2,test,1813,1892,0
split_02,2,test,1066,1095,1
split_02,2,test,1185,1220,1
split_02,2,test,1520,1557,1
split_02,2,test,1486,1523,1
split_02,2,test,2631,2850,0
split_02,2,test,1860,1947,0
split_02,2,test,1847,1932,0
split_02,2,test,850,871,1
split_02,2,test,1253,1288,1
split_02,2,test,2088,2222,0
split_02,2,test,1466,1503,1
split_02,2,test,611,626,1
split_02,2,test,1625,1673,1
split_02,2,test,3084,3363,0
split_02,2,test,852,873,1
split_02,2,test,2280,2439,0
split_02,2,test,1442,1479,1
split_02,2,test,2346,2517,0
split_02,2,test,839,860,1
split_02,2,test,2291,2455,0
split_02,2,test,3153,3440,0
split_02,2,test,407,416,1
split_02,2,test,345,354,1
split_02,2,test,2665,2889,0
split_02,2,test,2051,2176,0
split_02,2,test,2713,2945,0
split_02,2,test,1180,1215,1
split_02,2,test,2295,2459,0
split_02,2,test,1101,1133,1
split_02,2,test,536,549,1
split_02,2,test,2441,2626,0
split_02,2,test,925,951,1
split_02,2,test,998,1025,1
split_02,2,test,1630,1678,1
split_02,2,test,818,839,1
split_02,2,test,931,957,1
split_02,2,test,903,926,1
split_02,2,test,1317,1352,1
split_02,2,test,1995,2105,0
split_02,2,test,1897,1989,0
split_02,2,test,2192,2338,0
split_02,2,test,831,852,1
split_02,2,test,637,654,1
split_02,2,test,2708,2940,0
split_02,2,test,2543,2739,0
split_02,2,test,2600,2812,0
split_02,2,test,1362,1398,1
split_02,2,test,1381,1417,1
split_02,2,test,2858,3108,0
split_02,2,test,1715,1775,0
split_02,2,test,712,731,1
split_02,2,test,98,100,1
split_02,2,test,727,747,1
split_02,2,test,367,376,1
split_02,2,test,718,737,1
split_02,2,test,755,776,1
split_02,2,test,1423,1460,1
split_02,2,test,1500,1537,1
split_02,2,test,1314,1349,1
split_02,2,test,2820,3066,0
split_02,2,test,2419,2598,0
split_02,2,test,335,344,1
split_02,2,test,1225,1260,1
split_02,2,test,1677,1731,1
split_02,2,test,2378,2553,0
split_02,2,test,1368,1404,1
split_02,2,test,2915,3169,0
split_02,2,test,2495,2681,0
split_02,2,test,2247,2400,0
split_02,2,test,2666,2891,0
split_02,2,test,3083,3362,0
split_02,2,test,1224,1259,1
split_02,2,test,2818,3064,0
split_02,2,test,509,520,1
split_02,2,test,609,624,1
split_02,2,test,1695,1754,0
split_02,2,test,1083,1113,1
split_02,2,test,2076,2208,0
split_02,2,test,3048,3322,0
split_02,2,test,2110,2245,0
split_02,2,test,1527,1564,1
split_02,2,test,1704,1763,0
split_02,2,test,1748,1814,0
split_02,2,test,86,88,1
split_02,2,test,2952,3209,0
split_02,2,test,916,941,1
split_02,2,test,2651,2873,0
split_02,2,test,420,429,1
split_02,2,test,1547,1584,1
split_02,2,test,421,430,1
split_02,2,test,2105,2240,0
split_02,2,test,2123,2259,0
split_02,2,test,2580,2785,0
split_02,2,test,2877,3128,0
split_02,2,test,2443,2628,0
split_02,2,test,2161,2301,0
split_02,2,test,2574,2778,0
split_02,2,test,993,1020,1
split_02,2,test,1184,1219,1
split_02,2,test,2746,2982,0
split_02,2,test,1983,2089,0
split_02,2,test,1086,1116,1
split_02,2,test,1061,1090,1
split_02,2,test,633,650,1
split_02,2,test,1537,1574,1
split_02,2,test,2687,2917,0
split_02,2,test,1375,1411,1
split_02,2,test,3017,3286,0
split_02,2,test,3136,3421,0
split_02,2,test,792,813,1
split_02,2,test,1026,1054,1
split_02,2,test,2916,3170,0
split_02,2,test,2951,3208,0
split_02,2,test,2004,2115,0
split_02,2,test,1356,1392,1
split_02,2,test,796,817,1
split_02,2,test,1373,1409,1
split_02,2,test,2467,2653,0
split_02,2,test,2229,2380,0
split_02,2,test,1850,1936,0
split_02,2,test,1169,1204,1
split_02,2,test,1927,2024,0
split_02,2,test,328,336,1
split_02,2,test,719,738,1
split_02,2,test,2769,3010,0
split_02,2,test,732,752,1
split_02,2,test,1366,1402,1
split_02,2,test,744,764,1
split_02,2,test,366,375,1
split_02,2,test,842,863,1
split_02,2,test,168,172,1
split_02,2,test,313,321,1
split_02,2,test,1558,1595,1
split_02,2,test,930,956,1
split_02,2,test,913,938,1
split_02,2,test,3016,3284,0
split_02,2,test,65,67,1
split_02,2,test,2635,2854,0
split_02,2,test,1914,2010,0
split_02,2,test,2272,2429,0
split_02,2,test,1675,1729,1
split_02,2,test,2163,2305,0
split_02,2,test,1489,1526,1
split_02,2,test,155,159,1
split_02,2,test,1973,2078,0
split_02,2,test,440,449,1
split_02,2,test,2372,2543,0
split_02,2,test,1775,1847,0
split_02,2,test,1928,2025,0
split_02,2,test,487,497,1
split_02,2,test,1399,1435,1
split_02,2,test,923,949,1
split_02,2,test,1122,1155,1
split_02,2,test,1563,1600,1
split_02,2,test,709,728,1
split_02,2,test,846,867,1
split_02,2,test,2034,2157,0
split_02,2,test,2939,3196,0
split_02,2,test,296,304,1
split_02,2,test,595,610,1
split_02,2,test,1763,1830,0
split_02,2,test,90,92,1
split_02,2,test,2959,3217,0
split_02,2,test,507,518,1
split_02,2,test,1660,1714,1
split_02,2,test,2791,3035,0
split_02,2,test,1459,1496,1
split_02,2,test,151,155,1
split_02,2,test,1982,2088,0
split_02,2,test,874,896,1
split_02,2,test,558,573,1
split_02,2,test,1023,1051,1
split_02,2,test,769,790,1
split_02,2,test,183,187,1
split_02,2,test,938,964,1
split_02,2,test,1115,1148,1
split_02,2,test,2021,2140,0
split_02,2,test,2386,2562,0
split_02,2,test,760,781,1
split_02,2,test,2047,2171,0
split_02,2,test,2918,3172,0
split_02,2,test,1309,1344,1
split_02,2,test,1189,1224,1
split_02,2,test,2499,2685,0
split_02,2,test,2624,2842,0
split_02,2,test,2981,3244,0
split_02,2,test,2041,2165,0
split_02,2,test,302,310,1
split_02,2,test,966,992,1
split_02,2,test,699,718,1
split_02,2,test,2917,3171,0
split_02,2,test,1046,1074,1
split_02,2,test,1510,1547,1
split_02,2,test,3106,3389,0
split_02,2,test,141,144,1
split_02,2,test,2681,2910,0
split_02,2,test,1642,1692,1
split_02,2,test,1811,1889,0
split_02,2,test,2980,3243,0
split_02,2,test,1536,1573,1
split_02,2,test,1461,1498,1
split_02,2,test,1289,1324,1
split_02,2,test,2492,2678,0
split_02,2,test,2972,3232,0
split_02,2,test,2061,2188,0
split_02,2,test,112,114,1
split_02,2,test,2367,2538,0
split_02,2,test,1216,1251,1
split_02,2,test,2218,2369,0
split_02,2,test,3127,3412,0
split_02,2,test,1417,1454,1
split_02,2,test,2455,2640,0
split_02,2,test,1321,1356,1
split_02,2,test,810,831,1
split_02,2,test,2029,2152,0
split_02,2,test,2038,2161,0
split_02,2,test,2960,3218,0
split_02,2,test,184,188,1
split_02,2,test,1833,1914,0
split_02,2,test,2342,2513,0
split_02,2,test,793,814,1
split_02,2,test,619,634,1
split_02,2,test,2691,2922,0
split_02,2,test,1059,1088,1
split_02,2,test,2859,3109,0
split_02,2,test,652,670,1
split_02,2,test,1595,1634,1
split_02,2,test,2884,3135,0
split_02,2,test,2832,3080,0
split_02,2,test,803,824,1
split_02,2,test,48,50,1
split_02,2,test,384,393,1
split_02,2,test,1886,1977,0
split_02,2,test,1624,1670,1
split_02,2,test,974,1001,1
split_02,2,test,1282,1317,1
split_02,2,test,2998,3263,0
split_02,2,test,2923,3177,0
split_02,2,test,932,958,1
split_02,2,test,2862,3113,0
split_02,2,test,429,438,1
split_02,2,test,2199,2346,0
split_02,2,test,356,365,1
split_02,2,test,1477,1514,1
split_02,2,test,3010,3278,0
split_02,2,test,77,79,1
split_02,2,test,2450,2635,0
split_02,2,test,3094,3375,0
split_02,2,test,2608,2821,0
split_02,2,test,2592,2798,0
split_02,2,test,1723,1783,0
split_02,2,test,3146,3431,0
split_02,2,test,1599,1638,1
split_02,2,test,2623,2841,0
split_02,2,test,2879,3130,0
split_02,2,test,770,791,1
split_02,2,test,2250,2403,0
split_02,2,test,269,276,1
split_02,2,test,243,249,1
split_02,2,test,2883,3134,0
split_02,2,test,2558,2758,0
split_02,2,test,1159,1194,1
split_02,2,test,465,475,1
split_02,2,test,203,209,1
split_02,2,test,1817,1897,0
split_02,2,test,472,482,1
split_02,2,test,43,45,1
split_02,2,test,193,198,1
split_02,2,test,922,948,1
split_02,2,test,1515,1552,1
split_02,2,test,1297,1332,1
split_02,2,test,827,848,1
split_02,2,test,2655,2879,0
split_02,2,test,1145,1179,1
split_02,2,test,2646,2868,0
split_02,2,test,2794,3038,0
split_02,2,test,2773,3014,0
split_02,2,test,3076,3355,0
split_02,2,test,68,70,1
split_02,2,test,12,13,1
split_02,2,test,1096,1128,1
split_02,2,test,3061,3339,0
split_02,2,test,794,815,1
split_02,2,test,2526,2720,0
split_02,2,test,84,86,1
split_02,2,test,1051,1079,1
split_02,2,test,2084,2216,0
split_02,2,test,1692,1750,0
split_02,2,test,2263,2419,0
split_02,2,test,2301,2470,0
split_02,2,test,1508,1545,1
split_02,2,test,2449,2634,0
split_02,2,test,1835,1916,0
split_02,2,test,1783,1856,0
split_02,2,test,568,583,1
split_02,2,test,1277,1312,1
split_02,2,test,2106,2241,0
split_02,2,test,778,799,1
split_02,2,test,897,919,1
split_02,2,test,786,807,1
split_02,2,test,2831,3079,0
split_02,2,test,2382,2558,0
split_02,2,test,1004,1031,1
split_02,2,test,2937,3194,0
split_02,2,test,14,15,1
split_02,2,test,223,229,1
split_02,2,test,1690,1748,0
split_02,2,test,2664,2888,0
split_02,2,test,1956,2059,0
split_02,2,test,1044,1072,1
split_02,2,test,2039,2162,0
split_02,2,test,1989,2097,0
split_02,2,test,503,514,1
split_02,2,test,1104,1137,1
split_02,2,test,1285,1320,1
split_02,2,test,2618,2834,0
split_02,2,test,350,359,1
split_02,2,test,2075,2207,0
split_02,2,test,279,286,1
split_02,2,test,973,1000,1
split_02,2,test,1746,1812,0
split_02,2,test,2626,2845,0
split_02,2,test,1400,1436,1
split_02,2,test,1623,1668,1
split_02,2,test,49,51,1
split_02,2,test,2183,2327,0
split_02,2,test,723,742,1
split_02,2,test,185,189,1
split_02,2,test,1333,1368,1
split_02,2,test,835,856,1
split_02,2,test,516,527,1
split_02,2,test,2244,2397,0
split_02,2,test,2122,2258,0
split_02,2,test,1191,1226,1
split_02,2,test,3122,3405,0
split_02,2,test,1011,1039,1
split_02,2,test,499,510,1
split_02,2,test,3098,3379,0
split_02,2,test,1187,1222,1
split_02,2,test,1082,1112,1
split_02,2,test,549,564,1
split_02,2,test,146,149,1
split_02,2,test,2259,2414,0
split_02,2,test,2611,2825,0
split_02,2,test,2678,2906,0
split_02,2,test,2718,2950,0
split_02,2,test,2074,2206,0
split_02,2,test,597,612,1
split_02,2,test,2459,2644,0
split_02,2,test,2298,2466,0
split_02,2,test,571,586,1
split_02,2,test,1839,1921,0
split_02,2,test,1728,1788,0
split_02,2,test,684,702,1
split_02,2,test,1367,1403,1
split_02,2,test,1022,1050,1
split_02,2,test,95,97,1
split_02,2,test,754,775,1
split_02,2,test,3050,3325,0
split_02,2,test,2840,3089,0
split_02,2,test,1511,1548,1
split_02,2,test,2396,2572,0
split_02,2,test,1157,1192,1
split_02,2,test,1382,1418,1
split_02,2,test,587,602,1
split_02,2,test,3087,3366,0
split_02,2,test,1248,1283,1
split_02,2,test,2988,3252,0
split_02,2,test,122,124,1
split_02,2,test,1484,1521,1
split_02,2,test,589,604,1
split_02,2,test,477,487,1
split_02,2,test,2586,2791,0
split_02,2,test,1168,1203,1
split_02,2,test,1629,1677,1
split_02,2,test,2182,2326,0
split_02,2,test,2489,2675,0
split_02,2,test,3009,3277,0
split_02,2,test,1236,1271,1
split_02,2,test,1714,1774,0
split_02,2,test,565,580,1
split_02,2,test,3075,3354,0
split_02,2,test,1925,2022,0
split_02,2,test,1226,1261,1
split_02,2,test,1173,1208,1
split_02,2,test,2922,3176,0
split_02,2,test,119,121,1
split_02,2,test,8,9,1
split_02,2,test,979,1006,1
split_02,2,test,672,690,1
split_02,2,test,1793,1868,0
split_02,2,test,665,683,1
split_02,2,test,190,195,1
split_02,2,test,5,6,1
split_02,2,test,255,261,1
split_02,2,test,1135,1169,1
split_02,2,test,894,916,1
split_02,2,test,886,908,1
split_02,2,test,1172,1207,1
split_02,2,test,445,454,1
split_02,2,test,1794,1870,0
split_02,2,test,2510,2696,0
split_02,2,test,2062,2190,0
split_02,2,test,680,698,1
split_02,2,test,1601,1640,1
split_02,2,test,1791,1866,0
split_02,2,test,3023,3292,0
split_02,2,test,1855,1941,0
split_02,2,test,480,490,1
split_02,2,test,2829,3076,0
split_02,2,test,389,398,1
split_02,2,test,434,443,1
split_02,2,test,2907,3161,0
split_02,2,test,2149,2288,0
split_02,2,test,648,666,1
split_02,2,test,2804,3048,0
split_02,2,test,278,285,1
split_02,2,test,353,362,1
split_02,2,test,2410,2589,0
split_02,2,test,1828,1908,0
split_02,2,test,1838,1920,0
split_02,2,test,368,377,1
split_02,2,test,2092,2227,0
split_02,2,test,285,293,1
split_02,2,test,2323,2492,0
split_02,2,test,1736,1798,0
split_02,2,test,467,477,1
split_02,2,test,2202,2349,0
split_02,2,test,2036,2159,0
split_02,2,test,2151,2290,0
split_02,2,test,2121,2257,0
split_02,2,test,2555,2754,0
split_02,2,test,1533,1570,1
split_02,2,test,2913,3167,0
split_02,2,test,431,440,1
split_02,2,test,71,73,1
split_02,2,test,461,471,1
split_02,2,test,605,620,1
split_02,2,test,1948,2048,0
split_02,2,test,1785,1858,0
split_02,2,test,1721,1781,0
split_02,2,test,1679,1733,1
split_02,2,test,2401,2578,0
split_02,2,test,1900,1992,0
split_02,2,test,179,183,1
split_02,2,test,1219,1254,1
split_02,2,test,22,23,1
split_02,2,test,681,699,1
split_02,2,test,1125,1158,1
split_02,2,test,395,404,1
split_02,2,test,2753,2990,0
split_02,2,test,553,568,1
split_02,2,test,2485,2671,0
split_02,2,test,1249,1284,1
split_02,2,test,1176,1211,1
split_02,2,test,2457,2642,0
split_02,2,test,2609,2822,0
split_02,2,test,525,537,1
split_02,2,test,2614,2829,0
split_02,2,test,1673,1727,1
split_02,2,test,1760,1827,0
split_02,2,test,2428,2609,0
split_02,2,test,1264,1299,1
split_02,2,test,682,700,1
split_02,2,test,3088,3367,0
split_02,2,test,1560,1597,1
split_02,2,test,2068,2197,0
split_02,2,test,1237,1272,1
split_02,2,test,999,1026,1
split_02,2,test,1619,1664,1
split_02,2,test,1439,1476,1
split_02,2,test,1134,1168,1
split_02,2,test,2525,2719,0
split_02,2,test,3052,3328,0
split_02,2,test,2548,2744,0
split_02,2,test,838,859,1
split_02,2,test,1313,1348,1
split_02,2,test,2751,2988,0
split_02,2,test,1278,1313,1
split_02,2,test,1369,1405,1
split_02,2,test,2400,2577,0
split_02,2,test,2836,3084,0
split_02,2,test,1912,2008,0
split_02,2,test,620,635,1
split_02,2,test,1432,1469,1
split_02,2,test,836,857,1
split_02,2,test,1823,1903,0
split_02,2,test,2317,2486,0
split_02,2,test,879,901,1
split_02,2,test,2228,2379,0
split_02,2,test,669,687,1
split_02,2,test,885,907,1
split_02,2,test,1012,1040,1
split_02,2,test,2221,2372,0
split_02,2,test,2730,2964,0
split_02,2,test,2120,2256,0
split_02,2,test,2181,2325,0
split_02,2,test,1810,1888,0
split_02,2,test,2958,3215,0
split_02,2,test,1961,2065,0
split_02,2,test,844,865,1
split_02,2,test,4,5,1
split_02,2,test,1037,1065,1
split_02,2,test,2224,2375,0
split_02,2,test,1138,1172,1
split_02,2,test,3062,3340,0
split_02,2,test,1053,1081,1
split_02,2,test,2005,2116,0
split_02,2,test,561,576,1
split_02,2,test,3132,3417,0
split_02,2,test,2813,3058,0
split_02,2,test,1177,1212,1
split_02,2,test,2001,2111,0
split_02,2,test,270,277,1
split_02,2,test,1213,1248,1
split_02,2,test,1938,2036,0
split_02,2,test,2292,2456,0
split_02,2,test,230,236,1
split_02,2,test,3126,3411,0
split_02,2,test,1951,2052,0
split_02,2,test,2754,2991,0
split_02,2,test,2282,2441,0
split_02,2,test,774,795,1
split_02,2,test,2821,3067,0
split_02,2,test,791,812,1
split_02,2,test,1190,1225,1
split_02,2,test,3092,3371,0
split_02,2,test,2208,2358,0
split_02,2,test,3115,3398,0
split_02,2,test,2070,2201,0
split_02,2,test,3135,3420,0
split_02,2,test,863,885,1
split_02,2,test,3044,3318,0
split_02,2,test,1402,1438,1
split_02,2,test,2634,2853,0
split_02,2,test,286,294,1
split_02,2,test,1436,1473,1
split_02,2,test,2402,2580,0
split_02,2,test,2602,2815,0
split_02,2,test,2987,3251,0
split_02,2,test,2707,2939,0
split_02,2,test,2711,2943,0
split_02,2,test,39,41,1
split_02,2,test,936,962,1
split_02,2,test,1467,1504,1
split_02,2,test,1078,1107,1
split_02,2,test,2723,2956,0
split_02,2,test,743,763,1
split_02,2,test,1864,1951,0
split_02,2,test,26,27,1
split_02,2,test,235,241,1
split_02,2,test,2093,2228,0
split_02,2,test,2145,2283,0
split_02,2,test,192,197,1
split_02,2,test,2962,3221,0
split_02,2,test,1875,1965,0
split_02,2,test,608,623,1
split_02,2,test,1750,1817,0
split_02,2,test,167,171,1
split_02,2,test,3049,3324,0
split_02,2,test,1005,1033,1
split_02,2,test,2520,2714,0
split_02,2,test,889,911,1
split_02,2,test,15,16,1
split_02,2,test,530,543,1
split_02,2,test,1335,1370,1
split_02,2,test,1556,1593,1
split_02,2,test,1952,2053,0
split_02,2,test,1799,1876,0
split_02,2,test,2561,2762,0
split_02,2,test,50,52,1
split_02,2,test,929,955,1
split_02,2,test,2629,2848,0
split_02,2,test,2376,2550,0
split_02,2,test,696,714,1
split_02,2,test,11,12,1
split_02,2,test,2671,2898,0
split_02,2,test,1958,2061,0
split_02,2,test,2793,3037,0
split_02,2,test,1790,1865,0
split_02,2,test,2682,2912,0
split_02,2,test,2238,2390,0
split_02,2,test,1339,1375,1
split_02,2,test,2113,2248,0
split_02,2,test,1574,1611,1
split_02,2,test,2599,2808,0
split_02,2,test,2706,2938,0
split_02,2,test,1251,1286,1
split_02,2,test,110,112,1
split_02,2,test,2381,2557,0
split_02,2,test,958,984,1
split_02,2,test,2285,2449,0
split_02,2,test,3095,3376,0
split_02,2,test,1611,1652,1
split_02,2,test,2763,3004,0
split_02,2,test,1015,1043,1
split_02,2,test,2158,2298,0
split_02,2,test,2338,2508,0
split_02,2,test,1553,1590,1
split_02,2,test,2404,2583,0
split_02,2,test,2970,3230,0
split_02,2,test,807,828,1
split_02,2,test,2557,2757,0
split_02,2,test,821,842,1
split_02,2,test,2503,2689,0
split_02,2,test,2606,2819,0
split_02,2,test,301,309,1
split_02,2,test,1397,1433,1
split_02,2,test,1668,1722,1
split_03,3,train,2914,3168,0
split_03,3,train,1569,1606,1
split_03,3,train,597,612,1
split_03,3,train,2356,2527,0
split_03,3,train,1584,1623,1
split_03,3,train,2072,2203,0
split_03,3,train,1980,2085,0
split_03,3,train,3034,3305,0
split_03,3,train,1859,1946,0
split_03,3,train,1383,1419,1
split_03,3,train,2927,3183,0
split_03,3,train,932,958,1
split_03,3,train,645,663,1
split_03,3,train,988,1015,1
split_03,3,train,1260,1295,1
split_03,3,train,45,47,1
split_03,3,train,990,1017,1
split_03,3,train,3141,3426,0
split_03,3,train,938,964,1
split_03,3,train,789,810,1
split_03,3,train,2555,2754,0
split_03,3,train,736,756,1
split_03,3,train,443,452,1
split_03,3,train,751,772,1
split_03,3,train,2776,3017,0
split_03,3,train,1020,1048,1
split_03,3,train,1821,1901,0
split_03,3,train,2006,2118,0
split_03,3,train,1530,1567,1
split_03,3,train,1187,1222,1
split_03,3,train,3165,3461,0
split_03,3,train,1764,1831,0
split_03,3,train,689,707,1
split_03,3,train,1206,1241,1
split_03,3,train,2297,2461,0
split_03,3,train,912,937,1
split_03,3,train,2796,3040,0
split_03,3,train,2974,3234,0
split_03,3,train,1025,1053,1
split_03,3,train,1611,1652,1
split_03,3,train,1388,1424,1
split_03,3,train,2614,2829,0
split_03,3,train,1613,1656,1
split_03,3,train,1763,1830,0
split_03,3,train,1485,1522,1
split_03,3,train,1718,1778,0
split_03,3,train,189,194,1
split_03,3,train,1855,1941,0
split_03,3,train,1197,1232,1
split_03,3,train,1692,1750,0
split_03,3,train,2678,2906,0
split_03,3,train,2822,3068,0
split_03,3,train,2574,2778,0
split_03,3,train,2909,3163,0
split_03,3,train,1128,1161,1
split_03,3,train,484,494,1
split_03,3,train,1245,1280,1
split_03,3,train,432,441,1
split_03,3,train,2922,3176,0
split_03,3,train,2500,2686,0
split_03,3,train,836,857,1
split_03,3,train,1316,1351,1
split_03,3,train,206,212,1
split_03,3,train,1991,2100,0
split_03,3,train,1802,1879,0
split_03,3,train,2710,2942,0
split_03,3,train,104,106,1
split_03,3,train,2622,2838,0
split_03,3,train,1306,1341,1
split_03,3,train,1685,1742,0
split_03,3,train,2651,2873,0
split_03,3,train,1105,1138,1
split_03,3,train,2515,2707,0
split_03,3,train,3,4,1
split_03,3,train,1662,1716,1
split_03,3,train,1666,1720,1
split_03,3,train,399,408,1
split_03,3,train,2399,2576,0
split_03,3,train,2108,2243,0
split_03,3,train,1244,1279,1
split_03,3,train,1740,1803,0
split_03,3,train,707,726,1
split_03,3,train,2205,2355,0
split_03,3,train,2543,2739,0
split_03,3,train,1139,1173,1
split_03,3,train,1853,1939,0
split_03,3,train,1240,1275,1
split_03,3,train,948,974,1
split_03,3,train,1074,1103,1
split_03,3,train,2028,2151,0
split_03,3,train,1774,1846,0
split_03,3,train,678,696,1
split_03,3,train,623,639,1
split_03,3,train,1281,1316,1
split_03,3,train,1660,1714,1
split_03,3,train,2387,2563,0
split_03,3,train,2576,2781,0
split_03,3,train,2093,2228,0
split_03,3,train,1505,1542,1
split_03,3,train,2176,2318,0
split_03,3,train,967,993,1
split_03,3,train,68,70,1
split_03,3,train,1467,1504,1
split_03,3,train,2889,3140,0
split_03,3,train,745,765,1
split_03,3,train,1929,2026,0
split_03,3,train,3148,3433,0
split_03,3,train,2911,3165,0
split_03,3,train,2312,2481,0
split_03,3,train,1263,1298,1
split_03,3,train,610,625,1
split_03,3,train,971,998,1
split_03,3,train,1373,1409,1
split_03,3,train,2347,2518,0
split_03,3,train,176,180,1
split_03,3,train,997,1024,1
split_03,3,train,706,725,1
split_03,3,train,2682,2912,0
split_03,3,train,1232,1267,1
split_03,3,train,719,738,1
split_03,3,train,957,983,1
split_03,3,train,2266,2422,0
split_03,3,train,914,939,1
split_03,3,train,695,713,1
split_03,3,train,2523,2717,0
split_03,3,train,330,338,1
split_03,3,train,823,844,1
split_03,3,train,1817,1897,0
split_03,3,train,1028,1056,1
split_03,3,train,523,535,1
split_03,3,train,860,881,1
split_03,3,train,2157,2297,0
split_03,3,train,1784,1857,0
split_03,3,train,2764,3005,0
split_03,3,train,1003,1030,1
split_03,3,train,2881,3132,0
split_03,3,train,1056,1085,1
split_03,3,train,398,407,1
split_03,3,train,2273,2430,0
split_03,3,train,92,94,1
split_03,3,train,1356,1392,1
split_03,3,train,2282,2441,0
split_03,3,train,3159,3449,0
split_03,3,train,1656,1710,1
split_03,3,train,1962,2066,0
split_03,3,train,670,688,1
split_03,3,train,985,1012,1
split_03,3,train,2162,2304,0
split_03,3,train,265,271,1
split_03,3,train,428,437,1
split_03,3,train,2569,2772,0
split_03,3,train,2258,2413,0
split_03,3,train,3144,3429,0
split_03,3,train,1229,1264,1
split_03,3,train,2976,3236,0
split_03,3,train,2233,2384,0
split_03,3,train,2559,2759,0
split_03,3,train,1434,1471,1
split_03,3,train,3104,3387,0
split_03,3,train,2777,3018,0
split_03,3,train,1866,1954,0
split_03,3,train,2288,2452,0
split_03,3,train,1985,2091,0
split_03,3,train,514,525,1
split_03,3,train,776,797,1
split_03,3,train,1339,1375,1
split_03,3,train,1027,1055,1
split_03,3,train,1153,1187,1
split_03,3,train,587,602,1
split_03,3,train,3008,3276,0
split_03,3,train,1789,1864,0
split_03,3,train,1992,2101,0
split_03,3,train,121,123,1
split_03,3,train,246,252,1
split_03,3,train,255,261,1
split_03,3,train,2585,2790,0
split_03,3,train,1842,1925,0
split_03,3,train,286,294,1
split_03,3,train,1775,1847,0
split_03,3,train,1483,1520,1
split_03,3,train,655,673,1
split_03,3,train,1239,1274,1
split_03,3,train,2666,2891,0
split_03,3,train,648,666,1
split_03,3,train,1862,1949,0
split_03,3,train,396,405,1
split_03,3,train,148,151,1
split_03,3,train,1032,1060,1
split_03,3,train,1235,1270,1
split_03,3,train,1524,1561,1
split_03,3,train,646,664,1
split_03,3,train,881,903,1
split_03,3,train,848,869,1
split_03,3,train,625,641,1
split_03,3,train,129,131,1
split_03,3,train,2069,2200,0
split_03,3,train,2765,3006,0
split_03,3,train,2525,2719,0
split_03,3,train,2720,2952,0
split_03,3,train,1489,1526,1
split_03,3,train,3086,3365,0
split_03,3,train,2730,2964,0
split_03,3,train,1592,1631,1
split_03,3,train,1405,1441,1
split_03,3,train,2153,2293,0
split_03,3,train,2918,3172,0
split_03,3,train,1363,1399,1
split_03,3,train,298,306,1
split_03,3,train,1154,1188,1
split_03,3,train,2955,3212,0
split_03,3,train,21,22,1
split_03,3,train,2106,2241,0
split_03,3,train,924,950,1
split_03,3,train,2563,2764,0
split_03,3,train,2639,2859,0
split_03,3,train,1006,1034,1
split_03,3,train,1167,1202,1
split_03,3,train,1597,1636,1
split_03,3,train,2174,2316,0
split_03,3,train,1749,1816,0
split_03,3,train,1625,1673,1
split_03,3,train,2152,2291,0
split_03,3,train,2408,2587,0
split_03,3,train,1144,1178,1
split_03,3,train,322,330,1
split_03,3,train,3147,3432,0
split_03,3,train,2170,2312,0
split_03,3,train,1589,1628,1
split_03,3,train,1890,1981,0
split_03,3,train,1671,1725,1
split_03,3,train,1883,1973,0
split_03,3,train,2000,2110,0
split_03,3,train,2352,2523,0
split_03,3,train,1918,2014,0
split_03,3,train,1622,1667,1
split_03,3,train,2621,2837,0
split_03,3,train,3080,3359,0
split_03,3,train,407,416,1
split_03,3,train,1936,2034,0
split_03,3,train,2267,2423,0
split_03,3,train,1151,1185,1
split_03,3,train,1778,1851,0
split_03,3,train,1039,1067,1
split_03,3,train,242,248,1
split_03,3,train,18,19,1
split_03,3,train,890,912,1
split_03,3,train,2901,3153,0
split_03,3,train,1885,1975,0
split_03,3,train,562,577,1
split_03,3,train,1722,1782,0
split_03,3,train,532,545,1
split_03,3,train,735,755,1
split_03,3,train,466,476,1
split_03,3,train,2478,2664,0
split_03,3,train,99,101,1
split_03,3,train,813,834,1
split_03,3,train,2893,3145,0
split_03,3,train,1825,1905,0
split_03,3,train,1737,1799,0
split_03,3,train,1917,2013,0
split_03,3,train,2625,2843,0
split_03,3,train,765,786,1
split_03,3,train,2073,2205,0
split_03,3,train,1790,1865,0
split_03,3,train,530,543,1
split_03,3,train,1277,1312,1
split_03,3,train,488,498,1
split_03,3,train,1760,1827,0
split_03,3,train,2583,2788,0
split_03,3,train,2975,3235,0
split_03,3,train,701,720,1
split_03,3,train,2124,2260,0
split_03,3,train,3115,3398,0
split_03,3,train,2163,2305,0
split_03,3,train,1861,1948,0
split_03,3,train,2522,2716,0
split_03,3,train,2149,2288,0
split_03,3,train,1326,1361,1
split_03,3,train,2226,2377,0
split_03,3,train,1705,1764,0
split_03,3,train,380,389,1
split_03,3,train,1519,1556,1
split_03,3,train,1108,1141,1
split_03,3,train,2401,2578,0
split_03,3,train,2790,3034,0
split_03,3,train,56,58,1
split_03,3,train,2155,2295,0
split_03,3,train,73,75,1
split_03,3,train,1990,2099,0
split_03,3,train,2192,2338,0
split_03,3,train,712,731,1
split_03,3,train,2406,2585,0
split_03,3,train,2699,2931,0
split_03,3,train,545,560,1
split_03,3,train,2998,3263,0
split_03,3,train,2488,2674,0
split_03,3,train,2204,2353,0
split_03,3,train,1831,1912,0
split_03,3,train,815,836,1
split_03,3,train,2899,3151,0
split_03,3,train,1473,1510,1
split_03,3,train,1192,1227,1
split_03,3,train,794,815,1
split_03,3,train,826,847,1
split_03,3,train,1870,1960,0
split_03,3,train,3111,3394,0
split_03,3,train,772,793,1
split_03,3,train,36,37,1
split_03,3,train,2712,2944,0
split_03,3,train,2119,2255,0
split_03,3,train,1178,1213,1
split_03,3,train,3043,3317,0
split_03,3,train,2065,2193,0
split_03,3,train,2156,2296,0
split_03,3,train,1604,1643,1
split_03,3,train,311,319,1
split_03,3,train,1733,1794,0
split_03,3,train,1112,1145,1
split_03,3,train,605,620,1
split_03,3,train,2702,2934,0
split_03,3,train,2542,2737,0
split_03,3,train,431,440,1
split_03,3,train,760,781,1
split_03,3,train,334,343,1
split_03,3,train,44,46,1
split_03,3,train,1482,1519,1
split_03,3,train,2952,3209,0
split_03,3,train,717,736,1
split_03,3,train,2390,2566,0
split_03,3,train,564,579,1
split_03,3,train,1906,2002,0
split_03,3,train,493,504,1
split_03,3,train,34,35,1
split_03,3,train,269,276,1
split_03,3,train,1570,1607,1
split_03,3,train,958,984,1
split_03,3,train,445,454,1
split_03,3,train,1287,1322,1
split_03,3,train,1421,1458,1
split_03,3,train,2487,2673,0
split_03,3,train,354,363,1
split_03,3,train,844,865,1
split_03,3,train,720,739,1
split_03,3,train,2540,2735,0
split_03,3,train,38,40,1
split_03,3,train,150,154,1
split_03,3,train,1329,1364,1
split_03,3,train,2354,2525,0
split_03,3,train,1693,1751,0
split_03,3,train,2353,2524,0
split_03,3,train,1543,1580,1
split_03,3,train,2940,3197,0
split_03,3,train,2791,3035,0
split_03,3,train,1503,1540,1
split_03,3,train,2104,2239,0
split_03,3,train,1727,1787,0
split_03,3,train,1820,1900,0
split_03,3,train,2630,2849,0
split_03,3,train,3033,3304,0
split_03,3,train,2545,2741,0
split_03,3,train,2166,2308,0
split_03,3,train,2591,2797,0
split_03,3,train,2334,2504,0
split_03,3,train,2045,2169,0
split_03,3,train,1117,1150,1
split_03,3,train,1340,1376,1
split_03,3,train,3152,3439,0
split_03,3,train,1238,1273,1
split_03,3,train,517,528,1
split_03,3,train,2773,3014,0
split_03,3,train,232,238,1
split_03,3,train,2068,2197,0
split_03,3,train,1703,1762,0
split_03,3,train,1555,1592,1
split_03,3,train,2291,2455,0
split_03,3,train,77,79,1
split_03,3,train,353,362,1
split_03,3,train,1218,1253,1
split_03,3,train,1407,1443,1
split_03,3,train,894,916,1
split_03,3,train,199,205,1
split_03,3,train,2333,2503,0
split_03,3,train,285,293,1
split_03,3,train,1185,1220,1
split_03,3,train,284,291,1
split_03,3,train,1845,1930,0
split_03,3,train,2200,2347,0
split_03,3,train,2227,2378,0
split_03,3,train,257,263,1
split_03,3,train,1013,1041,1
split_03,3,train,192,197,1
split_03,3,train,2306,2475,0
split_03,3,train,2696,2928,0
split_03,3,train,312,320,1
split_03,3,train,2330,2500,0
split_03,3,train,1626,1674,1
split_03,3,train,1374,1410,1
split_03,3,train,522,534,1
split_03,3,train,576,591,1
split_03,3,train,2667,2893,0
split_03,3,train,1045,1073,1
split_03,3,train,1182,1217,1
split_03,3,train,759,780,1
split_03,3,train,1458,1495,1
split_03,3,train,2928,3184,0
split_03,3,train,1355,1391,1
split_03,3,train,2041,2165,0
split_03,3,train,726,746,1
split_03,3,train,3038,3310,0
split_03,3,train,869,891,1
split_03,3,train,2091,2225,0
split_03,3,train,2878,3129,0
split_03,3,train,3143,3428,0
split_03,3,train,2970,3230,0
split_03,3,train,2874,3125,0
split_03,3,train,512,523,1
split_03,3,train,2973,3233,0
split_03,3,train,3040,3312,0
split_03,3,train,2471,2657,0
split_03,3,train,390,399,1
split_03,3,train,1748,1814,0
split_03,3,train,1257,1292,1
split_03,3,train,2183,2327,0
split_03,3,train,2479,2665,0
split_03,3,train,2335,2505,0
split_03,3,train,1753,1820,0
split_03,3,train,200,206,1
split_03,3,train,2427,2608,0
split_03,3,train,1949,2049,0
split_03,3,train,321,329,1
split_03,3,train,2590,2796,0
split_03,3,train,1317,1352,1
split_03,3,train,2929,3185,0
split_03,3,train,1437,1474,1
split_03,3,train,304,312,1
split_03,3,train,580,595,1
split_03,3,train,194,199,1
split_03,3,train,1019,1047,1
split_03,3,train,2042,2166,0
split_03,3,train,2908,3162,0
split_03,3,train,475,485,1
split_03,3,train,1973,2078,0
split_03,3,train,503,514,1
split_03,3,train,904,928,1
split_03,3,train,370,379,1
split_03,3,train,2135,2272,0
split_03,3,train,1561,1598,1
split_03,3,train,2491,2677,0
split_03,3,train,3048,3322,0
split_03,3,train,2596,2805,0
split_03,3,train,569,584,1
split_03,3,train,2331,2501,0
split_03,3,train,1444,1481,1
split_03,3,train,1856,1942,0
split_03,3,train,651,669,1
split_03,3,train,1795,1871,0
split_03,3,train,2223,2374,0
split_03,3,train,249,255,1
split_03,3,train,1698,1757,0
split_03,3,train,2851,3100,0
split_03,3,train,114,116,1
split_03,3,train,278,285,1
split_03,3,train,268,275,1
split_03,3,train,1234,1269,1
split_03,3,train,3137,3422,0
split_03,3,train,2564,2765,0
split_03,3,train,3071,3349,0
split_03,3,train,2111,2246,0
split_03,3,train,1132,1166,1
split_03,3,train,2413,2592,0
split_03,3,train,1116,1149,1
split_03,3,train,2181,2325,0
split_03,3,train,1921,2017,0
split_03,3,train,2090,2224,0
split_03,3,train,2032,2155,0
split_03,3,train,267,274,1
split_03,3,train,2486,2672,0
split_03,3,train,2007,2119,0
split_03,3,train,2237,2389,0
split_03,3,train,2607,2820,0
split_03,3,train,2203,2352,0
split_03,3,train,2355,2526,0
split_03,3,train,952,978,1
split_03,3,train,2502,2688,0
split_03,3,train,1346,1382,1
split_03,3,train,791,812,1
split_03,3,train,1835,1916,0
split_03,3,train,64,66,1
split_03,3,train,2915,3169,0
split_03,3,train,88,90,1
split_03,3,train,2661,2885,0
split_03,3,train,2611,2825,0
split_03,3,train,1971,2076,0
split_03,3,train,2049,2174,0
split_03,3,train,713,732,1
split_03,3,train,1272,1307,1
split_03,3,train,368,377,1
split_03,3,train,1762,1829,0
split_03,3,train,1864,1951,0
split_03,3,train,2234,2385,0
split_03,3,train,296,304,1
split_03,3,train,2693,2924,0
split_03,3,train,1655,1709,1
split_03,3,train,485,495,1
split_03,3,train,905,929,1
split_03,3,train,2232,2383,0
split_03,3,train,1476,1513,1
split_03,3,train,2602,2815,0
split_03,3,train,2767,3008,0
split_03,3,train,166,170,1
split_03,3,train,2169,2311,0
split_03,3,train,3139,3424,0
split_03,3,train,2035,2158,0
split_03,3,train,1451,1488,1
split_03,3,train,228,234,1
split_03,3,train,1314,1349,1
split_03,3,train,3116,3399,0
split_03,3,train,349,358,1
split_03,3,train,1534,1571,1
split_03,3,train,1200,1235,1
split_03,3,train,572,587,1
split_03,3,train,1964,2068,0
split_03,3,train,1678,1732,1
split_03,3,train,2939,3196,0
split_03,3,train,1562,1599,1
split_03,3,train,1590,1629,1
split_03,3,train,1255,1290,1
split_03,3,train,2468,2654,0
split_03,3,train,1484,1521,1
split_03,3,train,429,438,1
split_03,3,train,302,310,1
split_03,3,train,801,822,1
split_03,3,train,592,607,1
split_03,3,train,2113,2248,0
split_03,3,train,1261,1296,1
split_03,3,train,1924,2020,0
split_03,3,train,578,593,1
split_03,3,train,2744,2980,0
split_03,3,train,2366,2537,0
split_03,3,train,371,380,1
split_03,3,train,3142,3427,0
split_03,3,train,1634,1682,1
split_03,3,train,2722,2955,0
split_03,3,train,2691,2922,0
split_03,3,train,613,628,1
split_03,3,train,1347,1383,1
split_03,3,train,731,751,1
split_03,3,train,3031,3301,0
split_03,3,train,1858,1945,0
split_03,3,train,3082,3361,0
split_03,3,train,1882,1972,0
split_03,3,train,491,501,1
split_03,3,train,2705,2937,0
split_03,3,train,1459,1496,1
split_03,3,train,2986,3250,0
split_03,3,train,2520,2714,0
split_03,3,train,1988,2096,0
split_03,3,train,2472,2658,0
split_03,3,train,1947,2047,0
split_03,3,train,1396,1432,1
split_03,3,train,2668,2894,0
split_03,3,train,619,634,1
split_03,3,train,1819,1899,0
split_03,3,train,2756,2993,0
split_03,3,train,698,717,1
split_03,3,train,2977,3237,0
split_03,3,train,1623,1668,1
split_03,3,train,2921,3175,0
split_03,3,train,3161,3457,0
split_03,3,train,981,1008,1
split_03,3,train,1357,1393,1
split_03,3,train,2808,3053,0
split_03,3,train,2382,2558,0
split_03,3,train,261,267,1
split_03,3,train,3138,3423,0
split_03,3,train,2114,2249,0
split_03,3,train,2669,2896,0
split_03,3,train,2598,2807,0
split_03,3,train,2925,3179,0
split_03,3,train,954,980,1
split_03,3,train,2956,3213,0
split_03,3,train,1002,1029,1
split_03,3,train,2843,3092,0
split_03,3,train,1415,1451,1
split_03,3,train,171,175,1
split_03,3,train,1616,1659,1
split_03,3,train,734,754,1
split_03,3,train,237,243,1
split_03,3,train,1636,1686,1
split_03,3,train,1847,1932,0
split_03,3,train,2567,2769,0
split_03,3,train,2494,2680,0
split_03,3,train,2242,2395,0
split_03,3,train,234,240,1
split_03,3,train,1075,1104,1
split_03,3,train,1361,1397,1
split_03,3,train,2144,2282,0
split_03,3,train,497,508,1
split_03,3,train,1961,2065,0
split_03,3,train,2201,2348,0
split_03,3,train,1194,1229,1
split_03,3,train,2989,3253,0
split_03,3,train,2752,2989,0
split_03,3,train,245,251,1
split_03,3,train,2724,2957,0
split_03,3,train,1433,1470,1
split_03,3,train,1706,1765,0
split_03,3,train,2690,2920,0
split_03,3,train,850,871,1
split_03,3,train,1975,2080,0
split_03,3,train,2253,2407,0
split_03,3,train,1502,1539,1
split_03,3,train,3044,3318,0
split_03,3,train,1496,1533,1
split_03,3,train,1180,1215,1
split_03,3,train,2450,2635,0
split_03,3,train,394,403,1
split_03,3,train,20,21,1
split_03,3,train,1289,1324,1
split_03,3,train,2145,2283,0
split_03,3,train,1050,1078,1
split_03,3,train,781,802,1
split_03,3,train,139,142,1
split_03,3,train,471,481,1
split_03,3,train,782,803,1
split_03,3,train,2016,2135,0
split_03,3,train,1579,1616,1
split_03,3,train,1219,1254,1
split_03,3,train,2435,2617,0
split_03,3,train,1080,1110,1
split_03,3,train,1085,1115,1
split_03,3,train,130,132,1
split_03,3,train,2510,2696,0
split_03,3,train,2463,2649,0
split_03,3,train,2225,2376,0
split_03,3,train,3073,3352,0
split_03,3,train,1110,1143,1
split_03,3,train,1728,1788,0
split_03,3,train,1878,1968,0
split_03,3,train,518,529,1
split_03,3,train,502,513,1
split_03,3,train,1061,1090,1
split_03,3,train,1747,1813,0
split_03,3,train,1588,1627,1
split_03,3,train,2648,2870,0
split_03,3,train,3135,3420,0
split_03,3,train,1106,1139,1
split_03,3,train,1807,1884,0
split_03,3,train,126,128,1
split_03,3,train,1967,2071,0
split_03,3,train,1615,1658,1
split_03,3,train,342,351,1
split_03,3,train,586,601,1
split_03,3,train,2493,2679,0
split_03,3,train,667,685,1
split_03,3,train,2004,2115,0
split_03,3,train,1713,1773,0
split_03,3,train,2150,2289,0
split_03,3,train,165,169,1
split_03,3,train,2031,2154,0
split_03,3,train,1095,1127,1
split_03,3,train,3061,3339,0
split_03,3,train,3023,3292,0
split_03,3,train,1618,1661,1
split_03,3,train,616,631,1
split_03,3,train,2853,3102,0
split_03,3,train,962,988,1
split_03,3,train,1846,1931,0
split_03,3,train,2,3,1
split_03,3,train,551,566,1
split_03,3,train,2936,3193,0
split_03,3,train,173,177,1
split_03,3,train,2948,3205,0
split_03,3,train,3145,3430,0
split_03,3,train,30,31,1
split_03,3,train,1224,1259,1
split_03,3,train,1250,1285,1
split_03,3,train,444,453,1
split_03,3,train,708,727,1
split_03,3,train,1886,1977,0
split_03,3,train,956,982,1
split_03,3,train,2645,2867,0
split_03,3,train,2239,2391,0
split_03,3,train,1121,1154,1
split_03,3,train,1362,1398,1
split_03,3,train,2551,2748,0
split_03,3,train,1010,1038,1
split_03,3,train,1923,2019,0
split_03,3,train,1677,1731,1
split_03,3,train,1851,1937,0
split_03,3,train,2358,2529,0
split_03,3,train,1048,1076,1
split_03,3,train,697,716,1
split_03,3,train,2362,2533,0
split_03,3,train,1464,1501,1
split_03,3,train,2852,3101,0
split_03,3,train,2560,2761,0
split_03,3,train,2289,2453,0
split_03,3,train,2089,2223,0
split_03,3,train,156,160,1
split_03,3,train,1083,1113,1
split_03,3,train,108,110,1
split_03,3,train,2799,3043,0
split_03,3,train,2133,2269,0
split_03,3,train,111,113,1
split_03,3,train,2336,2506,0
split_03,3,train,1438,1475,1
split_03,3,train,2369,2540,0
split_03,3,train,1078,1107,1
split_03,3,train,861,883,1
split_03,3,train,2338,2508,0
split_03,3,train,2218,2369,0
split_03,3,train,2533,2727,0
split_03,3,train,2863,3114,0
split_03,3,train,2099,2234,0
split_03,3,train,2142,2280,0
split_03,3,train,1709,1768,0
split_03,3,train,344,353,1
split_03,3,train,2766,3007,0
split_03,3,train,2620,2836,0
split_03,3,train,2120,2256,0
split_03,3,train,762,783,1
split_03,3,train,3090,3369,0
split_03,3,train,628,644,1
split_03,3,train,3047,3321,0
split_03,3,train,2919,3173,0
split_03,3,train,1777,1849,0
split_03,3,train,2343,2514,0
split_03,3,train,412,421,1
split_03,3,train,820,841,1
split_03,3,train,183,187,1
split_03,3,train,52,54,1
split_03,3,train,2339,2510,0
split_03,3,train,1567,1604,1
split_03,3,train,421,430,1
split_03,3,train,2063,2191,0
split_03,3,train,1535,1572,1
split_03,3,train,2805,3049,0
split_03,3,train,451,461,1
split_03,3,train,211,217,1
split_03,3,train,329,337,1
split_03,3,train,434,443,1
split_03,3,train,317,325,1
split_03,3,train,2027,2150,0
split_03,3,train,343,352,1
split_03,3,train,874,896,1
split_03,3,train,978,1005,1
split_03,3,train,3077,3356,0
split_03,3,train,1276,1311,1
split_03,3,train,579,594,1
split_03,3,train,147,150,1
split_03,3,train,1457,1494,1
split_03,3,train,1319,1354,1
split_03,3,train,2372,2543,0
split_03,3,train,1120,1153,1
split_03,3,train,911,936,1
split_03,3,train,489,499,1
split_03,3,train,1046,1074,1
split_03,3,train,287,295,1
split_03,3,train,1657,1711,1
split_03,3,train,2885,3136,0
split_03,3,train,638,655,1
split_03,3,train,1977,2082,0
split_03,3,train,2753,2990,0
split_03,3,train,3134,3419,0
split_03,3,train,2534,2728,0
split_03,3,train,1587,1626,1
split_03,3,train,2581,2786,0
split_03,3,train,1201,1236,1
split_03,3,train,2965,3225,0
split_03,3,train,2654,2878,0
split_03,3,train,2044,2168,0
split_03,3,train,483,493,1
split_03,3,train,544,559,1
split_03,3,train,2828,3075,0
split_03,3,train,222,228,1
split_03,3,train,2707,2939,0
split_03,3,train,1624,1670,1
split_03,3,train,3163,3459,0
split_03,3,train,256,262,1
split_03,3,train,1093,1125,1
split_03,3,train,1544,1581,1
split_03,3,train,886,908,1
split_03,3,train,806,827,1
split_03,3,train,2932,3188,0
split_03,3,train,2389,2565,0
split_03,3,train,3156,3446,0
split_03,3,train,2812,3057,0
split_03,3,train,684,702,1
split_03,3,train,1352,1388,1
split_03,3,train,1939,2037,0
split_03,3,train,288,296,1
split_03,3,train,1573,1610,1
split_03,3,train,1559,1596,1
split_03,3,train,1448,1485,1
split_03,3,train,106,108,1
split_03,3,train,2762,3002,0
split_03,3,train,1401,1437,1
split_03,3,train,1745,1811,0
split_03,3,train,2795,3039,0
split_03,3,train,2445,2630,0
split_03,3,train,2597,2806,0
split_03,3,train,426,435,1
split_03,3,train,1903,1998,0
split_03,3,train,2228,2379,0
split_03,3,train,659,677,1
split_03,3,train,1334,1369,1
split_03,3,train,2017,2136,0
split_03,3,train,1551,1588,1
split_03,3,train,682,700,1
split_03,3,train,154,158,1
split_03,3,train,1179,1214,1
split_03,3,train,2605,2818,0
split_03,3,train,700,719,1
split_03,3,train,2361,2532,0
split_03,3,train,2398,2575,0
split_03,3,train,2216,2367,0
split_03,3,train,2636,2856,0
split_03,3,train,2454,2639,0
split_03,3,train,1511,1548,1
split_03,3,train,525,537,1
split_03,3,train,1610,1651,1
split_03,3,train,186,190,1
split_03,3,train,1702,1761,0
split_03,3,train,1349,1385,1
split_03,3,train,2083,2215,0
split_03,3,train,1996,2106,0
split_03,3,train,3136,3421,0
split_03,3,train,2272,2429,0
split_03,3,train,1926,2023,0
split_03,3,train,1863,1950,0
split_03,3,train,2052,2177,0
split_03,3,train,1379,1415,1
split_03,3,train,1488,1525,1
split_03,3,train,653,671,1
split_03,3,train,1701,1760,0
split_03,3,train,2869,3120,0
split_03,3,train,976,1003,1
split_03,3,train,2632,2851,0
split_03,3,train,28,29,1
split_03,3,train,1008,1036,1
split_03,3,train,2384,2560,0
split_03,3,train,2499,2685,0
split_03,3,train,2198,2345,0
split_03,3,train,2411,2590,0
split_03,3,train,548,563,1
split_03,3,train,3100,3381,0
split_03,3,train,1471,1508,1
split_03,3,train,3167,3463,0
split_03,3,train,1867,1955,0
split_03,3,train,863,885,1
split_03,3,train,989,1016,1
split_03,3,train,519,531,1
split_03,3,train,931,957,1
split_03,3,train,632,649,1
split_03,3,train,1631,1679,1
split_03,3,train,2038,2161,0
split_03,3,train,375,384,1
split_03,3,train,1757,1824,0
split_03,3,train,2147,2286,0
split_03,3,train,367,376,1
split_03,3,train,1221,1256,1
split_03,3,train,2271,2428,0
split_03,3,train,2464,2650,0
split_03,3,train,1466,1503,1
split_03,3,train,521,533,1
split_03,3,train,2310,2479,0
split_03,3,train,839,860,1
split_03,3,train,1566,1603,1
split_03,3,train,2323,2492,0
split_03,3,train,2417,2596,0
split_03,3,train,950,976,1
split_03,3,train,2697,2929,0
split_03,3,train,447,456,1
split_03,3,train,2247,2400,0
split_03,3,train,462,472,1
split_03,3,train,526,538,1
split_03,3,train,2816,3061,0
split_03,3,train,2739,2975,0
split_03,3,train,2875,3126,0
split_03,3,train,2246,2399,0
split_03,3,train,2810,3055,0
split_03,3,train,1909,2005,0
split_03,3,train,1394,1430,1
split_03,3,train,2118,2254,0
split_03,3,train,1742,1807,0
split_03,3,train,2342,2513,0
split_03,3,train,3113,3396,0
split_03,3,train,2115,2250,0
split_03,3,train,1995,2105,0
split_03,3,train,415,424,1
split_03,3,train,2646,2868,0
split_03,3,train,2460,2645,0
split_03,3,train,1087,1117,1
split_03,3,train,2121,2257,0
split_03,3,train,2714,2946,0
split_03,3,train,1679,1733,1
split_03,3,train,2715,2947,0
split_03,3,train,1898,1990,0
split_03,3,train,972,999,1
split_03,3,train,457,467,1
split_03,3,train,1550,1587,1
split_03,3,train,501,512,1
split_03,3,train,2526,2720,0
split_03,3,train,299,307,1
split_03,3,train,2947,3204,0
split_03,3,train,461,471,1
split_03,3,train,2818,3064,0
split_03,3,train,725,745,1
split_03,3,train,2934,3191,0
split_03,3,train,348,357,1
split_03,3,train,3022,3291,0
split_03,3,train,1738,1800,0
split_03,3,train,1500,1537,1
split_03,3,train,2573,2777,0
split_03,3,train,1372,1408,1
split_03,3,train,2726,2959,0
split_03,3,train,3150,3436,0
split_03,3,train,2951,3208,0
split_03,3,train,2074,2206,0
split_03,3,train,934,960,1
split_03,3,train,2991,3255,0
split_03,3,train,2475,2661,0
split_03,3,train,179,183,1
split_03,3,train,2495,2681,0
split_03,3,train,84,86,1
split_03,3,train,2758,2996,0
split_03,3,train,134,137,1
split_03,3,train,1578,1615,1
split_03,3,train,442,451,1
split_03,3,train,1608,1647,1
split_03,3,train,3098,3379,0
split_03,3,train,118,120,1
split_03,3,train,2319,2488,0
split_03,3,train,1231,1266,1
split_03,3,train,1942,2040,0
split_03,3,train,230,236,1
split_03,3,train,1416,1453,1
split_03,3,train,658,676,1
split_03,3,train,2325,2494,0
split_03,3,train,3000,3265,0
split_03,3,train,2136,2273,0
split_03,3,train,2351,2522,0
split_03,3,train,3050,3325,0
split_03,3,train,1328,1363,1
split_03,3,train,2127,2263,0
split_03,3,train,1754,1821,0
split_03,3,train,2824,3070,0
split_03,3,train,710,729,1
split_03,3,train,2665,2889,0
split_03,3,train,5,6,1
split_03,3,train,2879,3130,0
split_03,3,train,626,642,1
split_03,3,train,775,796,1
split_03,3,train,1518,1555,1
split_03,3,train,1654,1708,1
split_03,3,train,2736,2972,0
split_03,3,train,26,27,1
split_03,3,train,301,309,1
split_03,3,train,2556,2756,0
split_03,3,train,149,152,1
split_03,3,train,2587,2792,0
split_03,3,train,558,573,1
split_03,3,train,2595,2803,0
split_03,3,train,1994,2104,0
split_03,3,train,1580,1617,1
split_03,3,train,1313,1348,1
split_03,3,train,3129,3414,0
split_03,3,train,2187,2331,0
split_03,3,train,248,254,1
split_03,3,train,1785,1858,0
split_03,3,train,2465,2651,0
split_03,3,train,2592,2798,0
split_03,3,train,2116,2252,0
split_03,3,train,808,829,1
split_03,3,train,1717,1777,0
split_03,3,train,1487,1524,1
split_03,3,train,585,600,1
split_03,3,train,1900,1992,0
split_03,3,train,2211,2361,0
split_03,3,train,247,253,1
split_03,3,train,887,909,1
split_03,3,train,1663,1717,1
split_03,3,train,2490,2676,0
split_03,3,train,460,470,1
split_03,3,train,1941,2039,0
split_03,3,train,2172,2314,0
split_03,3,train,1140,1174,1
split_03,3,train,2640,2860,0
split_03,3,train,1237,1272,1
split_03,3,train,1603,1642,1
split_03,3,train,3019,3288,0
split_03,3,train,2456,2641,0
split_03,3,train,761,782,1
split_03,3,train,2996,3261,0
split_03,3,train,1525,1562,1
split_03,3,train,1262,1297,1
split_03,3,train,2519,2713,0
split_03,3,train,691,709,1
split_03,3,train,500,511,1
split_03,3,train,2263,2419,0
split_03,3,train,1946,2046,0
split_03,3,train,1475,1512,1
split_03,3,train,2455,2640,0
split_03,3,train,2457,2642,0
split_03,3,train,2844,3093,0
split_03,3,train,60,62,1
split_03,3,train,1646,1696,1
split_03,3,train,2779,3020,0
split_03,3,train,2079,2211,0
split_03,3,train,229,235,1
split_03,3,train,1088,1119,1
split_03,3,train,66,68,1
split_03,3,train,1639,1689,1
split_03,3,train,2453,2638,0
split_03,3,train,2841,3090,0
split_03,3,train,537,550,1
split_03,3,train,433,442,1
split_03,3,train,1285,1320,1
split_03,3,train,336,345,1
split_03,3,train,2935,3192,0
split_03,3,train,2967,3227,0
split_03,3,train,1644,1694,1
split_03,3,train,1931,2028,0
split_03,3,train,2009,2125,0
split_03,3,train,437,446,1
split_03,3,train,554,569,1
split_03,3,train,2641,2863,0
split_03,3,train,83,85,1
split_03,3,train,1681,1737,0
split_03,3,train,2698,2930,0
split_03,3,train,2958,3215,0
split_03,3,train,37,38,1
split_03,3,train,1331,1366,1
split_03,3,train,283,290,1
split_03,3,train,3128,3413,0
split_03,3,train,1987,2094,0
split_03,3,train,1881,1971,0
split_03,3,train,2265,2421,0
split_03,3,train,212,218,1
split_03,3,train,611,626,1
split_03,3,train,1430,1467,1
split_03,3,train,1969,2074,0
split_03,3,train,2618,2834,0
split_03,3,train,40,42,1
split_03,3,train,456,466,1
split_03,3,train,190,195,1
split_03,3,train,1993,2102,0
split_03,3,train,1889,1980,0
split_03,3,train,350,359,1
split_03,3,train,1315,1350,1
split_03,3,train,1594,1633,1
split_03,3,train,1067,1096,1
split_03,3,train,2746,2982,0
split_03,3,train,326,334,1
split_03,3,train,1673,1727,1
split_03,3,train,2489,2675,0
split_03,3,train,2264,2420,0
split_03,3,train,2642,2864,0
split_03,3,train,233,239,1
split_03,3,train,2873,3124,0
split_03,3,train,664,682,1
split_03,3,train,778,799,1
split_03,3,train,935,961,1
split_03,3,train,217,223,1
split_03,3,train,1645,1695,1
split_03,3,train,809,830,1
split_03,3,train,699,718,1
split_03,3,train,2010,2129,0
split_03,3,train,1541,1578,1
split_03,3,train,1158,1193,1
split_03,3,train,2110,2245,0
split_03,3,train,783,804,1
split_03,3,train,1549,1586,1
split_03,3,train,1171,1206,1
split_03,3,train,258,264,1
split_03,3,train,133,136,1
split_03,3,train,2380,2555,0
split_03,3,train,1344,1380,1
split_03,3,train,2953,3210,0
split_03,3,train,1638,1688,1
split_03,3,train,1583,1622,1
split_03,3,train,1204,1239,1
split_03,3,train,777,798,1
split_03,3,train,464,474,1
split_03,3,train,2538,2733,0
split_03,3,train,1325,1360,1
split_03,3,train,82,84,1
split_03,3,train,925,951,1
split_03,3,train,2076,2208,0
split_03,3,train,673,691,1
split_03,3,train,1652,1706,1
split_03,3,train,2737,2973,0
split_03,3,train,541,555,1
split_03,3,train,1553,1590,1
split_03,3,train,3127,3412,0
split_03,3,train,1086,1116,1
split_03,3,train,2775,3016,0
split_03,3,train,1163,1198,1
split_03,3,train,1501,1538,1
split_03,3,train,1907,2003,0
split_03,3,train,42,44,1
split_03,3,train,1202,1237,1
split_03,3,train,1979,2084,0
split_03,3,train,1799,1876,0
split_03,3,train,1411,1447,1
split_03,3,train,2368,2539,0
split_03,3,train,825,846,1
split_03,3,train,686,704,1
split_03,3,train,1512,1549,1
split_03,3,train,2847,3096,0
split_03,3,train,843,864,1
split_03,3,train,2897,3149,0
split_03,3,train,942,968,1
split_03,3,train,827,848,1
split_03,3,train,2088,2222,0
split_03,3,train,1494,1531,1
split_03,3,train,3025,3295,0
split_03,3,train,43,45,1
split_03,3,train,2483,2669,0
split_03,3,train,1145,1179,1
split_03,3,train,3132,3417,0
split_03,3,train,2527,2721,0
split_03,3,train,2376,2550,0
split_03,3,train,1249,1284,1
split_03,3,train,2477,2663,0
split_03,3,train,235,241,1
split_03,3,train,210,216,1
split_03,3,train,773,794,1
split_03,3,train,1896,1988,0
split_03,3,train,3069,3347,0
split_03,3,train,1664,1718,1
split_03,3,train,2245,2398,0
split_03,3,train,2539,2734,0
split_03,3,train,2861,3112,0
split_03,3,train,2850,3099,0
split_03,3,train,378,387,1
split_03,3,train,161,165,1
split_03,3,train,2430,2611,0
split_03,3,train,1966,2070,0
split_03,3,train,1479,1516,1
split_03,3,train,219,225,1
split_03,3,train,852,873,1
split_03,3,train,1523,1560,1
split_03,3,train,1267,1302,1
split_03,3,train,1217,1252,1
split_03,3,train,436,445,1
split_03,3,train,1726,1786,0
split_03,3,train,529,542,1
split_03,3,train,2708,2940,0
split_03,3,train,618,633,1
split_03,3,train,406,415,1
split_03,3,train,339,348,1
split_03,3,train,1653,1707,1
split_03,3,train,2835,3083,0
split_03,3,train,2638,2858,0
split_03,3,train,511,522,1
split_03,3,train,2034,2157,0
split_03,3,train,865,887,1
split_03,3,train,2231,2382,0
split_03,3,train,559,574,1
split_03,3,train,250,256,1
split_03,3,train,724,743,1
split_03,3,train,1682,1739,0
split_03,3,train,2833,3081,0
split_03,3,train,1539,1576,1
split_03,3,train,945,971,1
split_03,3,train,3130,3415,0
split_03,3,train,1963,2067,0
split_03,3,train,3078,3357,0
split_03,3,train,2414,2593,0
split_03,3,train,424,433,1
split_03,3,train,528,540,1
split_03,3,train,1981,2087,0
split_03,3,train,742,762,1
split_03,3,train,2748,2984,0
split_03,3,train,32,33,1
split_03,3,train,2892,3144,0
split_03,3,train,3046,3320,0
split_03,3,train,2870,3121,0
split_03,3,train,947,973,1
split_03,3,train,54,56,1
split_03,3,train,2842,3091,0
split_03,3,train,882,904,1
split_03,3,train,3105,3388,0
split_03,3,train,1564,1601,1
split_03,3,train,3158,3448,0
split_03,3,train,465,475,1
split_03,3,train,2548,2744,0
split_03,3,train,1683,1740,0
split_03,3,train,1658,1712,1
split_03,3,train,1788,1861,0
split_03,3,train,1920,2016,0
split_03,3,train,1091,1123,1
split_03,3,train,915,940,1
split_03,3,train,1609,1650,1
split_03,3,train,862,884,1
split_03,3,train,2904,3156,0
split_03,3,train,1030,1058,1
split_03,3,train,3110,3393,0
split_03,3,train,2324,2493,0
split_03,3,train,2066,2195,0
split_03,3,train,275,282,1
split_03,3,train,946,972,1
split_03,3,train,1162,1197,1
split_03,3,train,215,221,1
split_03,3,train,1532,1569,1
split_03,3,train,1751,1818,0
split_03,3,train,2688,2918,0
split_03,3,train,2467,2653,0
split_03,3,train,2184,2328,0
split_03,3,train,403,412,1
split_03,3,train,2689,2919,0
split_03,3,train,3149,3435,0
split_03,3,train,2735,2971,0
split_03,3,train,208,214,1
split_03,3,train,2469,2655,0
split_03,3,train,120,122,1
split_03,3,train,2866,3117,0
split_03,3,train,2610,2824,0
split_03,3,train,857,878,1
split_03,3,train,866,888,1
split_03,3,train,2178,2320,0
split_03,3,train,763,784,1
split_03,3,train,259,265,1
split_03,3,train,715,734,1
split_03,3,train,93,95,1
split_03,3,train,95,97,1
split_03,3,train,1509,1546,1
split_03,3,train,1071,1100,1
split_03,3,train,2999,3264,0
split_03,3,train,2496,2682,0
split_03,3,train,1113,1146,1
split_03,3,train,2379,2554,0
split_03,3,train,2995,3260,0
split_03,3,train,1378,1414,1
split_03,3,train,853,874,1
split_03,3,train,2164,2306,0
split_03,3,train,563,578,1
split_03,3,train,654,672,1
split_03,3,train,1516,1553,1
split_03,3,train,157,161,1
split_03,3,train,2994,3259,0
split_03,3,train,2220,2371,0
split_03,3,train,2582,2787,0
split_03,3,train,1203,1238,1
split_03,3,train,2446,2631,0
split_03,3,train,2913,3167,0
split_03,3,train,209,215,1
split_03,3,train,2040,2164,0
split_03,3,train,3083,3362,0
split_03,3,train,1650,1704,1
split_03,3,train,2036,2159,0
split_03,3,train,1736,1798,0
split_03,3,train,401,410,1
split_03,3,train,690,708,1
split_03,3,train,33,34,1
split_03,3,train,2087,2221,0
split_03,3,train,201,207,1
split_03,3,train,4,5,1
split_03,3,train,506,517,1
split_03,3,train,2277,2435,0
split_03,3,train,1798,1875,0
split_03,3,train,458,468,1
split_03,3,train,1854,1940,0
split_03,3,train,3013,3281,0
split_03,3,train,2827,3074,0
split_03,3,train,2692,2923,0
split_03,3,train,1607,1646,1
split_03,3,train,2518,2712,0
split_03,3,train,1127,1160,1
split_03,3,train,1691,1749,0
split_03,3,train,2903,3155,0
split_03,3,train,1796,1872,0
split_03,3,train,2021,2140,0
split_03,3,train,2957,3214,0
split_03,3,train,1792,1867,0
split_03,3,train,1043,1071,1
split_03,3,train,891,913,1
split_03,3,train,2193,2339,0
split_03,3,train,2968,3228,0
split_03,3,train,2321,2490,0
split_03,3,train,413,422,1
split_03,3,train,1455,1492,1
split_03,3,train,595,610,1
split_03,3,train,607,622,1
split_03,3,train,372,381,1
split_03,3,train,2013,2132,0
split_03,3,train,1832,1913,0
split_03,3,train,3102,3383,0
split_03,3,train,596,611,1
split_03,3,train,1838,1920,0
split_03,3,train,136,139,1
split_03,3,train,1164,1199,1
split_03,3,train,174,178,1
split_03,3,train,1514,1551,1
split_03,3,train,3018,3287,0
split_03,3,train,3087,3366,0
split_03,3,train,973,1000,1
split_03,3,train,1389,1425,1
split_03,3,train,543,558,1
split_03,3,train,2969,3229,0
split_03,3,train,1060,1089,1
split_03,3,train,1094,1126,1
split_03,3,train,2706,2938,0
split_03,3,train,1844,1929,0
split_03,3,train,2012,2131,0
split_03,3,train,1824,1904,0
split_03,3,train,841,862,1
split_03,3,train,3037,3309,0
split_03,3,train,1787,1860,0
split_03,3,train,2395,2571,0
split_03,3,train,266,272,1
split_03,3,train,79,81,1
split_03,3,train,2883,3134,0
split_03,3,train,940,966,1
split_03,3,train,1103,1136,1
split_03,3,train,253,259,1
split_03,3,train,1800,1877,0
split_03,3,train,2687,2917,0
split_03,3,train,2709,2941,0
split_03,3,train,1079,1108,1
split_03,3,train,741,761,1
split_03,3,train,2825,3071,0
split_03,3,train,899,922,1
split_03,3,train,175,179,1
split_03,3,train,2829,3076,0
split_03,3,train,430,439,1
split_03,3,train,94,96,1
split_03,3,train,876,898,1
split_03,3,train,3075,3354,0
split_03,3,train,366,375,1
split_03,3,train,137,140,1
split_03,3,train,1007,1035,1
split_03,3,train,2788,3032,0
split_03,3,train,1865,1953,0
split_03,3,train,2274,2432,0
split_03,3,train,2984,3248,0
split_03,3,train,1827,1907,0
split_03,3,train,1370,1406,1
split_03,3,train,621,637,1
split_03,3,train,3056,3334,0
split_03,3,train,2293,2457,0
split_03,3,train,630,646,1
split_03,3,train,1585,1624,1
split_03,3,train,487,497,1
split_03,3,train,85,87,1
split_03,3,train,2432,2614,0
split_03,3,train,2102,2237,0
split_03,3,train,50,52,1
split_03,3,train,2616,2831,0
split_03,3,train,109,111,1
split_03,3,train,2529,2723,0
split_03,3,train,1635,1683,1
split_03,3,train,1768,1837,0
split_03,3,train,197,203,1
split_03,3,train,743,763,1
split_03,3,train,1283,1318,1
split_03,3,train,2055,2180,0
split_03,3,train,3151,3438,0
split_03,3,train,2867,3118,0
split_03,3,train,3124,3407,0
split_03,3,train,622,638,1
split_03,3,train,536,549,1
split_03,3,train,2400,2577,0
split_03,3,train,2440,2623,0
split_03,3,train,1406,1442,1
split_03,3,train,3072,3350,0
split_03,3,train,1395,1431,1
split_03,3,train,469,479,1
split_03,3,train,1668,1722,1
split_03,3,train,24,25,1
split_03,3,train,1700,1759,0
split_03,3,train,992,1019,1
split_03,3,train,2182,2326,0
split_03,3,train,2817,3063,0
split_03,3,train,1208,1243,1
split_03,3,train,3140,3425,0
split_03,3,train,767,788,1
split_03,3,train,2694,2925,0
split_03,3,train,637,654,1
split_03,3,train,2407,2586,0
split_03,3,train,335,344,1
split_03,3,train,1714,1774,0
split_03,3,train,162,166,1
split_03,3,train,1986,2092,0
split_03,3,train,16,17,1
split_03,3,train,23,24,1
split_03,3,train,804,825,1
split_03,3,train,1938,2036,0
split_03,3,train,2672,2899,0
split_03,3,train,784,805,1
split_03,3,train,1876,1966,0
split_03,3,train,1470,1507,1
split_03,3,train,1801,1878,0
split_03,3,train,140,143,1
split_03,3,train,1814,1893,0
split_03,3,train,1699,1758,0
split_03,3,train,2868,3119,0
split_03,3,train,127,129,1
split_03,3,train,838,859,1
split_03,3,train,2553,2752,0
split_03,3,train,2302,2471,0
split_03,3,train,3085,3364,0
split_03,3,train,220,226,1
split_03,3,train,3162,3458,0
split_03,3,train,1413,1449,1
split_03,3,train,2704,2936,0
split_03,3,train,2524,2718,0
split_03,3,train,1259,1294,1
split_03,3,train,474,484,1
split_03,3,train,116,118,1
split_03,3,train,2171,2313,0
split_03,3,train,1157,1192,1
split_03,3,train,1935,2032,0
split_03,3,train,1343,1379,1
split_03,3,train,2261,2417,0
split_03,3,train,3067,3345,0
split_03,3,train,1552,1589,1
split_03,3,train,2716,2948,0
split_03,3,train,59,61,1
split_03,3,train,2964,3223,0
split_03,3,train,2942,3199,0
split_03,3,train,2603,2816,0
split_03,3,train,960,986,1
split_03,3,train,1387,1423,1
split_03,3,train,3005,3271,0
split_03,3,train,3166,3462,0
split_03,3,train,722,741,1
split_03,3,train,1195,1230,1
split_03,3,train,779,800,1
split_03,3,train,2700,2932,0
split_03,3,train,753,774,1
split_03,3,train,557,572,1
split_03,3,train,1286,1321,1
split_03,3,train,2557,2757,0
split_03,3,train,1228,1263,1
split_03,3,train,315,323,1
split_03,3,train,2328,2497,0
split_03,3,train,1000,1027,1
split_03,3,train,2443,2628,0
split_03,3,train,2626,2845,0
split_03,3,train,2589,2795,0
split_03,3,train,679,697,1
split_03,3,train,236,242,1
split_03,3,train,2997,3262,0
split_03,3,train,423,432,1
split_03,3,train,252,258,1
split_03,3,train,3060,3338,0
split_03,3,train,811,832,1
split_03,3,train,49,51,1
split_03,3,train,2845,3094,0
split_03,3,train,2807,3052,0
split_03,3,train,3016,3284,0
split_03,3,train,2802,3046,0
split_03,3,train,2077,2209,0
split_03,3,train,750,771,1
split_03,3,train,1270,1305,1
split_03,3,train,856,877,1
split_03,3,train,388,397,1
split_03,3,train,2504,2690,0
split_03,3,train,1695,1754,0
split_03,3,train,1640,1690,1
split_03,3,train,1142,1176,1
split_03,3,train,878,900,1
split_03,3,train,1073,1102,1
split_03,3,train,369,378,1
split_03,3,train,871,893,1
split_03,3,train,2415,2594,0
split_03,3,train,2681,2910,0
split_03,3,train,961,987,1
split_03,3,train,1066,1095,1
split_03,3,train,141,144,1
split_03,3,train,2030,2153,0
split_03,3,train,1556,1593,1
split_03,3,train,2836,3084,0
split_03,3,train,182,186,1
split_03,3,train,46,48,1
split_03,3,train,100,102,1
split_03,3,train,499,510,1
split_03,3,train,2139,2277,0
split_03,3,train,1307,1342,1
split_03,3,train,239,245,1
split_03,3,train,1905,2000,0
split_03,3,train,1984,2090,0
split_03,3,train,439,448,1
split_03,3,train,227,233,1
split_03,3,train,1209,1244,1
split_03,3,train,889,911,1
split_03,3,train,676,694,1
split_03,3,train,2022,2145,0
split_03,3,train,1970,2075,0
split_03,3,train,696,714,1
split_03,3,train,2579,2784,0
split_03,3,train,681,699,1
split_03,3,train,262,268,1
split_03,3,train,842,863,1
split_03,3,train,2175,2317,0
split_03,3,train,1196,1231,1
split_03,3,train,411,420,1
split_03,3,train,1950,2050,0
split_03,3,train,2476,2662,0
split_03,3,train,1265,1300,1
split_03,3,train,1291,1326,1
split_03,3,train,1997,2107,0
split_03,3,train,3029,3299,0
split_03,3,train,705,724,1
split_03,3,train,70,72,1
split_03,3,train,7,8,1
split_03,3,train,1547,1584,1
split_03,3,train,216,222,1
split_03,3,train,351,360,1
split_03,3,train,1707,1766,0
split_03,3,train,2008,2124,0
split_03,3,train,1674,1728,1
split_03,3,train,2158,2298,0
split_03,3,train,2820,3066,0
split_03,3,train,1686,1743,0
split_03,3,train,3021,3290,0
split_03,3,train,395,404,1
split_03,3,train,3154,3441,0
split_03,3,train,1096,1128,1
split_03,3,train,2213,2364,0
split_03,3,train,1536,1573,1
split_03,3,train,1758,1825,0
split_03,3,train,1081,1111,1
split_03,3,train,986,1013,1
split_03,3,train,656,674,1
split_03,3,train,955,981,1
split_03,3,train,1651,1705,1
split_03,3,train,2002,2112,0
split_03,3,train,1670,1724,1
split_03,3,train,599,614,1
split_03,3,train,2675,2902,0
split_03,3,train,1376,1412,1
split_03,3,train,926,952,1
split_03,3,train,1280,1315,1
split_03,3,train,14,15,1
split_03,3,train,1628,1676,1
split_03,3,train,1837,1918,0
split_03,3,train,167,171,1
split_03,3,train,2673,2900,0
split_03,3,train,2367,2538,0
split_03,3,train,3064,3342,0
split_03,3,train,2243,2396,0
split_03,3,train,1769,1838,0
split_03,3,train,1297,1332,1
split_03,3,train,2235,2386,0
split_03,3,train,1146,1180,1
split_03,3,train,1887,1978,0
split_03,3,train,1070,1099,1
split_03,3,train,703,722,1
split_03,3,train,1302,1337,1
split_03,3,train,1723,1783,0
split_03,3,train,3125,3409,0
split_03,3,train,1022,1050,1
split_03,3,train,2167,2309,0
split_03,3,train,675,693,1
split_03,3,train,568,583,1
split_03,3,train,2679,2907,0
split_03,3,train,1719,1779,0
split_03,3,train,2830,3077,0
split_03,3,train,975,1002,1
split_03,3,train,3076,3355,0
split_03,3,train,188,192,1
split_03,3,train,2278,2437,0
split_03,3,train,152,156,1
split_03,3,train,2954,3211,0
split_03,3,train,2458,2643,0
split_03,3,train,1173,1208,1
split_03,3,train,2275,2433,0
split_03,3,train,422,431,1
split_03,3,train,1612,1653,1
split_03,3,train,2535,2730,0
split_03,3,train,1391,1427,1
split_03,3,train,2005,2116,0
split_03,3,train,2011,2130,0
split_03,3,train,1353,1389,1
split_03,3,train,1442,1479,1
split_03,3,train,785,806,1
split_03,3,train,2370,2541,0
split_03,3,train,1152,1186,1
split_03,3,train,2159,2299,0
split_03,3,train,1965,2069,0
split_03,3,train,2894,3146,0
split_03,3,train,1841,1924,0
split_03,3,train,47,49,1
split_03,3,train,3094,3375,0
split_03,3,train,2839,3087,0
split_03,3,train,998,1025,1
split_03,3,train,2834,3082,0
split_03,3,train,2130,2266,0
split_03,3,train,2482,2668,0
split_03,3,train,1521,1558,1
split_03,3,train,872,894,1
split_03,3,train,1447,1484,1
split_03,3,train,822,843,1
split_03,3,train,1600,1639,1
split_03,3,train,362,371,1
split_03,3,train,1211,1246,1
split_03,3,train,193,198,1
split_03,3,train,1857,1944,0
split_03,3,train,1648,1698,1
split_03,3,train,968,994,1
split_03,3,train,1959,2063,0
split_03,3,train,1126,1159,1
split_03,3,train,2931,3187,0
split_03,3,train,62,64,1
split_03,3,train,1960,2064,0
split_03,3,train,2348,2519,0
split_03,3,train,3054,3331,0
split_03,3,train,2536,2731,0
split_03,3,train,3015,3283,0
split_03,3,train,2199,2346,0
split_03,3,train,365,374,1
split_03,3,train,2978,3238,0
split_03,3,train,1104,1137,1
split_03,3,train,812,833,1
split_03,3,train,1930,2027,0
split_03,3,train,1461,1498,1
split_03,3,train,1545,1582,1
split_03,3,train,2819,3065,0
split_03,3,train,1794,1870,0
split_03,3,train,2375,2548,0
split_03,3,train,1462,1499,1
split_03,3,train,1563,1600,1
split_03,3,train,1711,1771,0
split_03,3,train,600,615,1
split_03,3,train,1348,1384,1
split_03,3,train,1480,1517,1
split_03,3,train,2419,2598,0
split_03,3,train,1999,2109,0
split_03,3,train,3028,3298,0
split_03,3,train,1710,1770,0
split_03,3,train,2857,3107,0
split_03,3,train,2084,2216,0
split_03,3,train,1659,1713,1
split_03,3,train,1629,1677,1
split_03,3,train,897,919,1
split_03,3,train,2126,2262,0
split_03,3,train,666,684,1
split_03,3,train,2480,2666,0
split_03,3,train,476,486,1
split_03,3,train,2381,2557,0
split_03,3,train,2544,2740,0
split_03,3,train,770,791,1
split_03,3,train,606,621,1
split_03,3,train,2570,2773,0
split_03,3,train,1296,1331,1
split_03,3,train,873,895,1
split_03,3,train,1932,2029,0
split_03,3,train,225,231,1
split_03,3,train,86,88,1
split_03,3,train,1715,1775,0
split_03,3,train,1743,1808,0
split_03,3,train,90,92,1
split_03,3,train,2129,2265,0
split_03,3,train,1558,1595,1
split_03,3,train,1036,1064,1
split_03,3,train,35,36,1
split_03,3,train,2422,2602,0
split_03,3,train,2299,2467,0
split_03,3,train,2550,2747,0
split_03,3,train,2301,2470,0
split_03,3,train,821,842,1
split_03,3,train,41,43,1
split_03,3,train,694,712,1
split_03,3,train,389,398,1
split_03,3,train,922,948,1
split_03,3,train,1119,1152,1
split_03,3,train,1916,2012,0
split_03,3,train,452,462,1
split_03,3,train,748,769,1
split_03,3,train,732,752,1
split_03,3,train,527,539,1
split_03,3,train,818,839,1
split_03,3,train,2832,3080,0
split_03,3,train,308,316,1
split_03,3,train,1560,1597,1
split_03,3,train,2501,2687,0
split_03,3,train,1945,2043,0
split_03,3,train,2554,2753,0
split_03,3,train,2826,3073,0
split_03,3,train,2623,2841,0
split_03,3,train,1063,1092,1
split_03,3,train,797,818,1
split_03,3,train,2286,2450,0
split_03,3,train,2985,3249,0
split_03,3,train,1160,1195,1
split_03,3,train,1848,1933,0
split_03,3,train,1998,2108,0
split_03,3,train,1360,1396,1
split_03,3,train,949,975,1
split_03,3,train,144,147,1
split_03,3,train,1014,1042,1
split_03,3,train,1424,1461,1
split_03,3,train,2294,2458,0
split_03,3,train,2684,2914,0
split_03,3,train,410,419,1
split_03,3,train,1735,1796,0
split_03,3,train,72,74,1
split_03,3,train,2547,2743,0
split_03,3,train,1463,1500,1
split_03,3,train,2207,2357,0
split_03,3,train,2094,2229,0
split_03,3,train,1251,1286,1
split_03,3,train,2018,2137,0
split_03,3,train,1477,1514,1
split_03,3,train,1345,1381,1
split_03,3,train,577,592,1
split_03,3,train,1810,1888,0
split_03,3,train,356,365,1
split_03,3,train,48,50,1
split_03,3,train,1009,1037,1
split_03,3,train,3045,3319,0
split_03,3,train,910,935,1
split_03,3,train,916,941,1
split_03,3,train,3146,3431,0
split_03,3,train,2057,2182,0
split_03,3,train,1354,1390,1
split_03,3,train,692,710,1
split_03,3,train,1829,1909,0
split_03,3,train,2371,2542,0
split_03,3,train,996,1023,1
split_03,3,train,1441,1478,1
split_03,3,train,494,505,1
split_03,3,train,877,899,1
split_03,3,train,591,606,1
split_03,3,train,2053,2178,0
split_03,3,train,1833,1914,0
split_03,3,train,115,117,1
split_03,3,train,1978,2083,0
split_03,3,train,1404,1440,1
split_03,3,train,2674,2901,0
split_03,3,train,2140,2278,0
split_03,3,train,180,184,1
split_03,3,train,688,706,1
split_03,3,train,1955,2056,0
split_03,3,train,1879,1969,0
split_03,3,train,749,770,1
split_03,3,train,3035,3306,0
split_03,3,train,2729,2963,0
split_03,3,train,1452,1489,1
split_03,3,train,2859,3109,0
split_03,3,train,3001,3266,0
split_03,3,train,2789,3033,0
split_03,3,train,1335,1370,1
split_03,3,train,2416,2595,0
split_03,3,train,1605,1644,1
split_03,3,train,477,487,1
split_03,3,train,1012,1040,1
split_03,3,train,980,1007,1
split_03,3,train,2855,3105,0
split_03,3,train,22,23,1
split_03,3,train,3106,3389,0
split_03,3,train,2327,2496,0
split_03,3,train,593,608,1
split_03,3,train,612,627,1
split_03,3,train,91,93,1
split_03,3,train,2653,2877,0
split_03,3,train,2546,2742,0
split_03,3,train,492,503,1
split_03,3,train,652,670,1
split_03,3,train,1836,1917,0
split_03,3,train,1,2,1
split_03,3,train,3160,3450,0
split_03,3,train,1214,1249,1
split_03,3,train,2801,3045,0
split_03,3,train,1527,1564,1
split_03,3,train,1565,1602,1
split_03,3,train,3133,3418,0
split_03,3,train,959,985,1
split_03,3,train,3101,3382,0
split_03,3,train,191,196,1
split_03,3,train,2081,2213,0
split_03,3,train,292,300,1
split_03,3,train,2098,2233,0
split_03,3,train,2122,2258,0
split_03,3,train,276,283,1
split_03,3,train,1309,1344,1
split_03,3,train,508,519,1
split_03,3,train,2941,3198,0
split_03,3,train,307,315,1
split_03,3,train,1274,1309,1
split_03,3,train,1115,1148,1
split_03,3,train,2537,2732,0
split_03,3,train,1540,1577,1
split_03,3,train,482,492,1
split_03,3,train,2085,2218,0
split_03,3,train,2910,3164,0
split_03,3,train,1177,1212,1
split_03,3,train,2238,2390,0
split_03,3,train,837,858,1
split_03,3,train,1529,1566,1
split_03,3,train,1175,1210,1
split_03,3,train,547,562,1
split_03,3,train,2719,2951,0
split_03,3,train,170,174,1
split_03,3,train,2512,2699,0
split_03,3,train,898,920,1
split_03,3,train,1877,1967,0
split_03,3,train,31,32,1
split_03,3,train,2433,2615,0
split_03,3,train,131,133,1
split_03,3,train,1298,1333,1
split_03,3,train,2871,3122,0
split_03,3,train,2257,2412,0
split_03,3,train,1446,1483,1
split_03,3,train,425,434,1
split_03,3,train,1716,1776,0
split_03,3,train,1910,2006,0
split_03,3,train,320,328,1
split_03,3,train,2516,2708,0
split_03,3,train,1826,1906,0
split_03,3,train,1526,1563,1
split_03,3,train,2250,2403,0
split_03,3,train,2014,2133,0
split_03,3,train,1051,1079,1
split_03,3,train,1284,1319,1
split_03,3,train,520,532,1
split_03,3,train,1498,1535,1
split_03,3,train,2566,2768,0
split_03,3,train,880,902,1
split_03,3,train,1422,1459,1
split_03,3,train,800,821,1
split_03,3,train,387,396,1
split_03,3,train,1873,1963,0
split_03,3,train,187,191,1
split_03,3,train,1294,1329,1
split_03,3,train,1084,1114,1
split_03,3,train,2685,2915,0
split_03,3,train,3009,3277,0
split_03,3,train,128,130,1
split_03,3,train,620,635,1
split_03,3,train,2365,2536,0
split_03,3,train,416,425,1
split_03,3,train,3011,3279,0
split_03,3,train,2757,2995,0
split_03,3,train,2656,2880,0
split_03,3,train,1515,1552,1
split_03,3,train,817,838,1
split_03,3,train,1797,1874,0
split_03,3,train,2505,2691,0
split_03,3,train,1011,1039,1
split_03,3,train,338,347,1
split_03,3,train,635,652,1
split_03,3,train,2541,2736,0
split_03,3,train,3049,3324,0
split_03,3,train,142,145,1
split_03,3,train,313,321,1
split_03,3,train,2659,2883,0
split_03,3,train,377,386,1
split_03,3,train,2208,2358,0
split_03,3,train,1278,1313,1
split_03,3,train,96,98,1
split_03,3,train,1576,1613,1
split_03,3,train,463,473,1
split_03,3,train,1384,1420,1
split_03,3,train,1382,1418,1
split_03,3,train,2721,2954,0
split_03,3,train,660,678,1
split_03,3,train,1350,1386,1
split_03,3,train,716,735,1
split_03,3,train,2528,2722,0
split_03,3,train,3020,3289,0
split_03,3,train,1258,1293,1
split_03,3,train,2981,3244,0
split_03,3,train,1816,1895,0
split_03,3,train,373,382,1
split_03,3,train,1337,1373,1
split_03,3,train,345,354,1
split_03,3,train,1460,1497,1
split_03,3,train,2624,2842,0
split_03,3,train,1068,1097,1
split_03,3,train,214,220,1
split_03,3,train,1271,1306,1
split_03,3,train,951,977,1
split_03,3,train,835,856,1
split_03,3,train,1661,1715,1
split_03,3,train,2561,2762,0
split_03,3,train,994,1021,1
split_03,3,train,3120,3403,0
split_03,3,train,3010,3278,0
split_03,3,train,2649,2871,0
split_03,3,train,2612,2826,0
split_03,3,train,1035,1063,1
split_03,3,train,450,460,1
split_03,3,train,787,808,1
split_03,3,train,1273,1308,1
split_03,3,train,2658,2882,0
split_03,3,train,360,369,1
split_03,3,train,1253,1288,1
split_03,3,train,756,777,1
split_03,3,train,909,934,1
split_03,3,train,2747,2983,0
split_03,3,train,615,630,1
split_03,3,train,2898,3150,0
split_03,3,train,2020,2139,0
split_03,3,train,1808,1886,0
split_03,3,train,1321,1356,1
split_03,3,train,205,211,1
split_03,3,train,849,870,1
split_03,3,train,2196,2343,0
split_03,3,train,293,301,1
split_03,3,train,1420,1457,1
split_03,3,train,977,1004,1
split_03,3,train,1380,1416,1
split_03,3,train,1675,1729,1
split_03,3,train,279,286,1
split_03,3,train,1102,1134,1
split_03,3,train,240,246,1
split_03,3,train,2763,3004,0
split_03,3,train,2811,3056,0
split_03,3,train,2960,3218,0
split_03,3,train,1506,1543,1
split_03,3,train,2322,2491,0
split_03,3,train,1667,1721,1
split_03,3,train,2292,2456,0
split_03,3,train,1915,2011,0
split_03,3,train,8,9,1
split_03,3,train,747,768,1
split_03,3,train,2131,2267,0
split_03,3,train,868,890,1
split_03,3,train,3052,3328,0
split_03,3,train,1049,1077,1
split_03,3,train,2856,3106,0
split_03,3,train,1730,1791,0
split_03,3,train,2945,3202,0
split_03,3,train,2067,2196,0
split_03,3,train,2840,3089,0
split_03,3,train,2599,2808,0
split_03,3,train,819,840,1
split_03,3,train,69,71,1
split_03,3,train,1282,1317,1
split_03,3,train,2054,2179,0
split_03,3,train,930,956,1
split_03,3,train,1414,1450,1
split_03,3,train,2887,3138,0
split_03,3,train,1299,1334,1
split_03,3,train,1024,1052,1
split_03,3,train,19,20,1
split_03,3,train,859,880,1
split_03,3,train,2219,2370,0
split_03,3,train,1830,1910,0
split_03,3,train,1676,1730,1
split_03,3,train,1750,1817,0
split_03,3,train,1546,1583,1
split_03,3,train,714,733,1
split_03,3,train,757,778,1
split_03,3,train,3155,3444,0
split_03,3,train,1131,1165,1
split_03,3,train,711,730,1
split_03,3,train,2287,2451,0
split_03,3,train,995,1022,1
split_03,3,train,2877,3128,0
split_03,3,train,6,7,1
split_03,3,train,2394,2570,0
split_03,3,train,2075,2207,0
split_03,3,train,383,392,1
split_03,3,train,184,188,1
split_03,3,train,1295,1330,1
split_03,3,train,723,742,1
split_03,3,train,2056,2181,0
split_03,3,train,1155,1189,1
split_03,3,train,1241,1276,1
split_03,3,train,2949,3206,0
split_03,3,train,2229,2380,0
split_03,3,train,2745,2981,0
split_03,3,train,627,643,1
split_03,3,train,644,661,1
split_03,3,train,640,657,1
split_03,3,train,1724,1784,0
split_03,3,train,2442,2627,0
split_03,3,train,39,41,1
split_03,3,train,2619,2835,0
split_03,3,train,1072,1101,1
split_03,3,train,1786,1859,0
split_03,3,train,112,114,1
split_03,3,train,1190,1225,1
split_03,3,train,81,83,1
split_03,3,train,361,370,1
split_03,3,train,98,100,1
split_03,3,train,2316,2485,0
split_03,3,train,459,469,1
split_03,3,train,2298,2466,0
split_03,3,train,2003,2113,0
split_03,3,train,392,401,1
split_03,3,train,573,588,1
split_03,3,train,2513,2700,0
split_03,3,train,2751,2988,0
split_03,3,train,295,303,1
split_03,3,train,1531,1568,1
split_03,3,train,1593,1632,1
split_03,3,train,3103,3385,0
split_03,3,train,473,483,1
split_03,3,train,2650,2872,0
split_03,3,train,2409,2588,0
split_03,3,train,231,237,1
split_03,3,train,1773,1842,0
split_03,3,train,683,701,1
split_03,3,train,309,317,1
split_03,3,train,533,546,1
split_03,3,train,2937,3194,0
split_03,3,train,685,703,1
split_03,3,train,966,992,1
split_03,3,train,2652,2875,0
split_03,3,train,1840,1923,0
split_03,3,train,943,969,1
split_03,3,train,2571,2774,0
split_03,3,train,2988,3252,0
split_03,3,train,1310,1345,1
split_03,3,train,1928,2025,0
split_03,3,train,2657,2881,0
split_03,3,train,3058,3336,0
split_03,3,train,642,659,1
split_03,3,train,3153,3440,0
split_03,3,train,2754,2991,0
split_03,3,train,1393,1429,1
split_03,3,train,974,1001,1
split_03,3,train,634,651,1
split_03,3,train,2439,2622,0
split_03,3,train,1499,1536,1
split_03,3,train,2451,2636,0
split_03,3,train,2575,2779,0
split_03,3,train,337,346,1
split_03,3,train,1198,1233,1
split_03,3,train,1029,1057,1
split_03,3,train,903,926,1
split_03,3,train,2634,2853,0
split_03,3,train,2768,3009,0
split_03,3,train,2210,2360,0
split_03,3,train,2771,3012,0
split_03,3,train,979,1006,1
split_03,3,train,27,28,1
split_03,3,train,1542,1579,1
split_03,3,train,2255,2409,0
split_03,3,train,1954,2055,0
split_03,3,train,2215,2366,0
split_03,3,train,1082,1112,1
split_03,3,train,647,665,1
split_03,3,train,400,409,1
split_03,3,train,805,826,1
split_03,3,train,159,163,1
split_03,3,train,63,65,1
split_03,3,train,2212,2362,0
split_03,3,train,601,616,1
split_03,3,train,76,78,1
split_03,3,train,1188,1223,1
split_03,3,train,507,518,1
split_03,3,train,636,653,1
split_03,3,train,1419,1456,1
split_03,3,train,143,146,1
split_03,3,train,1170,1205,1
split_03,3,train,1596,1635,1
split_03,3,train,2284,2448,0
split_03,3,train,2280,2439,0
split_03,3,train,2778,3019,0
split_03,3,train,291,299,1
split_03,3,train,1572,1609,1
split_03,3,train,101,103,1
split_03,3,train,669,687,1
split_03,3,train,113,115,1
split_03,3,train,740,760,1
split_03,3,train,3109,3392,0
split_03,3,train,1761,1828,0
split_03,3,train,1574,1611,1
split_03,3,train,1602,1641,1
split_03,3,train,906,931,1
split_03,3,train,3126,3411,0
split_03,3,train,540,554,1
split_03,3,train,3070,3348,0
split_03,3,train,3079,3358,0
split_03,3,train,1052,1080,1
split_03,3,train,917,942,1
split_03,3,train,1803,1880,0
split_03,3,train,2190,2335,0
split_03,3,train,2896,3148,0
split_03,3,train,1323,1358,1
split_03,3,train,516,527,1
split_03,3,train,1872,1962,0
split_03,3,train,3014,3282,0
split_03,3,train,2531,2725,0
split_03,3,train,2993,3257,0
split_03,3,train,1129,1162,1
split_03,3,train,831,852,1
split_03,3,train,468,478,1
split_03,3,train,3168,3464,0
split_03,3,train,1741,1805,0
split_03,3,train,2676,2903,0
split_03,3,train,2891,3142,0
split_03,3,train,2966,3226,0
split_03,3,train,574,589,1
split_03,3,train,3041,3314,0
split_03,3,train,814,835,1
split_03,3,train,991,1018,1
split_03,3,train,2023,2146,0
split_03,3,train,2230,2381,0
split_03,3,train,2933,3190,0
split_03,3,train,2300,2468,0
split_03,3,train,2606,2819,0
split_03,3,train,280,287,1
split_03,3,train,1904,1999,0
split_03,3,train,2725,2958,0
split_03,3,train,305,313,1
split_03,3,train,2770,3011,0
split_03,3,train,1135,1169,1
split_03,3,train,590,605,1
split_03,3,train,2392,2568,0
split_03,3,train,13,14,1
split_03,3,train,2882,3133,0
split_03,3,train,1474,1511,1
split_03,3,train,1582,1621,1
split_03,3,train,983,1010,1
split_03,3,train,738,758,1
split_03,3,train,2105,2240,0
split_03,3,train,1893,1984,0
split_03,3,train,2420,2600,0
split_03,3,train,2594,2800,0
split_03,3,train,1137,1171,1
split_03,3,train,177,181,1
split_03,3,train,2318,2487,0
split_03,3,train,774,795,1
split_03,3,train,1734,1795,0
split_03,3,train,2718,2950,0
split_03,3,train,341,350,1
split_03,3,train,1398,1434,1
split_03,3,train,2740,2976,0
split_03,3,train,582,597,1
split_03,3,train,1860,1947,0
split_03,3,train,1934,2031,0
split_03,3,train,1598,1637,1
split_03,3,train,2600,2812,0
split_03,3,train,2769,3010,0
split_03,3,train,1147,1181,1
split_03,3,train,1107,1140,1
split_03,3,train,3169,3465,0
split_03,3,train,1303,1338,1
split_03,3,train,103,105,1
split_03,3,train,854,875,1
split_03,3,train,2738,2974,0
split_03,3,train,453,463,1
split_03,3,train,589,604,1
split_03,3,train,2459,2644,0
split_03,3,train,2315,2484,0
split_03,3,train,1168,1203,1
split_03,3,train,486,496,1
split_03,3,train,3095,3376,0
split_03,3,train,455,465,1
split_03,3,train,2236,2388,0
split_03,3,train,2854,3104,0
split_03,3,train,3055,3333,0
split_03,3,train,29,30,1
split_03,3,train,2731,2965,0
split_03,3,train,1417,1454,1
split_03,3,train,824,845,1
split_03,3,train,1746,1812,0
split_03,3,train,2403,2582,0
split_03,3,train,2821,3067,0
split_03,3,train,185,189,1
split_03,3,train,1026,1054,1
split_03,3,train,893,915,1
split_03,3,train,1440,1477,1
split_03,3,train,617,632,1
split_03,3,train,2782,3023,0
split_03,3,train,833,854,1
split_03,3,train,1687,1745,0
split_03,3,train,602,617,1
split_03,3,train,780,801,1
split_03,3,train,297,305,1
split_03,3,train,2797,3041,0
split_03,3,train,61,63,1
split_03,3,train,3081,3360,0
split_03,3,train,1888,1979,0
split_03,3,train,1364,1400,1
split_03,3,train,1974,2079,0
split_03,3,train,2418,2597,0
split_03,3,train,1412,1448,1
split_03,3,train,495,506,1
split_03,3,train,1293,1328,1
split_03,3,train,196,202,1
split_03,3,train,2033,2156,0
split_03,3,train,1486,1523,1
split_03,3,train,1021,1049,1
split_03,3,train,1469,1506,1
split_03,3,train,2886,3137,0
split_03,3,train,2296,2460,0
split_03,3,train,2393,2569,0
split_03,3,train,816,837,1
split_03,3,train,680,698,1
split_03,3,train,1922,2018,0
split_03,3,train,2644,2866,0
split_03,3,train,1301,1336,1
split_03,3,train,1186,1221,1
split_03,3,train,1123,1156,1
split_03,3,train,883,905,1
split_03,3,train,504,515,1
split_03,3,train,122,124,1
split_03,3,train,888,910,1
split_03,3,train,939,965,1
split_03,3,train,1968,2073,0
split_03,3,train,78,80,1
split_03,3,train,798,819,1
split_03,3,train,2972,3232,0
split_03,3,train,2086,2220,0
split_03,3,train,2521,2715,0
split_03,3,train,1292,1327,1
split_03,3,train,1478,1515,1
split_03,3,train,1318,1353,1
split_03,3,train,3068,3346,0
split_03,3,train,2305,2474,0
split_03,3,train,2703,2935,0
split_03,3,train,2015,2134,0
split_03,3,train,3099,3380,0
split_03,3,train,624,640,1
split_03,3,train,1005,1033,1
split_03,3,train,549,564,1
split_03,3,train,1940,2038,0
split_03,3,train,2944,3201,0
split_03,3,train,2186,2330,0
split_03,3,train,1322,1357,1
split_03,3,train,1850,1936,0
split_03,3,train,1336,1371,1
split_03,3,train,999,1026,1
split_03,3,train,1205,1240,1
split_03,3,train,2349,2520,0
split_03,3,train,921,947,1
split_03,3,train,260,266,1
split_03,3,train,641,658,1
split_03,3,train,2151,2290,0
split_03,3,train,1781,1854,0
split_03,3,train,2905,3157,0
split_03,3,train,2206,2356,0
split_03,3,train,1793,1868,0
split_03,3,train,2202,2349,0
split_03,3,train,2290,2454,0
split_03,3,train,1172,1207,1
split_03,3,train,1143,1177,1
split_03,3,train,1324,1359,1
split_03,3,train,2732,2966,0
split_03,3,train,2180,2324,0
split_03,3,train,1191,1226,1
split_03,3,train,1759,1826,0
split_03,3,train,2992,3256,0
split_03,3,train,2061,2188,0
split_03,3,train,2787,3031,0
split_03,3,train,796,817,1
split_03,3,train,2677,2904,0
split_03,3,train,2813,3058,0
split_03,3,train,281,288,1
split_03,3,train,2248,2401,0
split_03,3,train,1385,1421,1
split_03,3,train,721,740,1
split_03,3,train,1368,1404,1
split_03,3,train,524,536,1
split_03,3,train,1813,1892,0
split_03,3,train,531,544,1
split_03,3,train,2209,2359,0
split_03,3,train,2872,3123,0
split_03,3,train,828,849,1
split_03,3,train,920,945,1
split_03,3,train,1333,1368,1
split_03,3,train,1210,1245,1
split_03,3,train,3122,3405,0
split_03,3,train,1510,1547,1
split_03,3,train,10,11,1
split_03,3,train,2095,2230,0
split_03,3,train,1465,1502,1
split_03,3,train,1871,1961,0
split_03,3,train,581,596,1
split_03,3,train,542,556,1
split_03,3,train,1432,1469,1
split_03,3,train,737,757,1
split_03,3,train,1426,1463,1
split_03,3,train,1409,1445,1
split_03,3,train,1092,1124,1
split_03,3,train,987,1014,1
split_03,3,train,1216,1251,1
split_03,3,train,2837,3085,0
split_03,3,train,1018,1046,1
split_03,3,train,294,302,1
split_03,3,train,1520,1557,1
split_03,3,train,1330,1365,1
split_03,3,train,3088,3367,0
split_03,3,train,1122,1155,1
split_03,3,train,3131,3416,0
split_03,3,train,2508,2694,0
split_03,3,train,1034,1062,1
split_03,3,train,2734,2968,0
split_03,3,train,2848,3097,0
split_03,3,train,2565,2767,0
split_03,3,train,1358,1394,1
split_03,3,train,2492,2678,0
split_03,3,train,270,277,1
split_03,3,train,146,149,1
split_03,3,train,427,436,1
split_03,3,train,1371,1407,1
split_03,3,train,2436,2618,0
split_03,3,train,1522,1559,1
split_03,3,train,1193,1228,1
split_03,3,train,241,247,1
split_03,3,train,2686,2916,0
split_03,3,train,221,227,1
split_03,3,train,1982,2088,0
split_03,3,train,1015,1043,1
split_03,3,train,3036,3308,0
split_03,3,train,479,489,1
split_03,3,train,515,526,1
split_03,3,train,2462,2648,0
split_03,3,train,1694,1753,0
split_03,3,train,1586,1625,1
split_03,3,train,671,689,1
split_03,3,train,2308,2477,0
split_03,3,train,2304,2473,0
split_03,3,train,1688,1746,0
split_03,3,train,2862,3113,0
split_03,3,train,1403,1439,1
split_03,3,train,2385,2561,0
split_03,3,train,1490,1527,1
split_03,3,train,1124,1157,1
split_03,3,train,2189,2334,0
split_03,3,train,347,356,1
split_03,3,train,3117,3400,0
split_03,3,train,1731,1792,0
split_03,3,train,1804,1881,0
split_03,3,train,1359,1395,1
split_03,3,train,2424,2604,0
split_03,3,train,1118,1151,1
split_03,3,train,132,134,1
split_03,3,train,807,828,1
split_03,3,train,318,326,1
split_03,3,train,418,427,1
split_03,3,train,282,289,1
split_03,3,train,2249,2402,0
split_03,3,train,2660,2884,0
split_03,3,train,1341,1377,1
split_03,3,train,2134,2271,0
split_03,3,train,1338,1374,1
split_03,3,train,331,339,1
split_03,3,train,1150,1184,1
split_03,3,train,1133,1167,1
split_03,3,train,385,394,1
split_03,3,train,2920,3174,0
split_03,3,train,2846,3095,0
split_03,3,train,2314,2483,0
split_03,3,train,2631,2850,0
split_03,3,train,65,67,1
split_03,3,train,2276,2434,0
split_03,3,train,2552,2749,0
split_03,3,train,2117,2253,0
split_03,3,train,3096,3377,0
split_03,3,train,2926,3182,0
split_03,3,train,588,603,1
split_03,3,train,1311,1346,1
split_03,3,train,2244,2397,0
split_03,3,train,2759,2997,0
split_03,3,train,3026,3296,0
split_03,3,train,1435,1472,1
split_03,3,train,467,477,1
split_03,3,train,1227,1262,1
split_03,3,train,2148,2287,0
split_03,3,train,1148,1182,1
split_03,3,train,1554,1591,1
split_03,3,train,3059,3337,0
split_03,3,train,1449,1486,1
split_03,3,train,2383,2559,0
split_03,3,train,1351,1387,1
split_03,3,train,178,182,1
split_03,3,train,404,413,1
split_03,3,train,2143,2281,0
split_03,3,train,2784,3026,0
split_03,3,train,333,342,1
split_03,3,train,2749,2985,0
split_03,3,train,2946,3203,0
split_03,3,train,1956,2059,0
split_03,3,train,665,683,1
split_03,3,train,802,823,1
split_03,3,train,376,385,1
split_03,3,train,107,109,1
split_03,3,train,2043,2167,0
split_03,3,train,1161,1196,1
split_03,3,train,755,776,1
split_03,3,train,58,60,1
split_03,3,train,2916,3170,0
split_03,3,train,687,705,1
split_03,3,train,3007,3275,0
split_03,3,train,668,686,1
split_03,3,train,1454,1491,1
split_03,3,train,1042,1070,1
split_03,3,train,1402,1438,1
split_03,3,train,1843,1928,0
split_03,3,train,2185,2329,0
split_03,3,train,2804,3048,0
split_03,3,train,2484,2670,0
split_03,3,train,393,402,1
split_03,3,train,2474,2660,0
split_03,3,train,603,618,1
split_03,3,train,2154,2294,0
split_03,3,train,1233,1268,1
split_03,3,train,3004,3270,0
split_03,3,train,2481,2667,0
split_03,3,train,1312,1347,1
split_03,3,train,2410,2589,0
split_03,3,train,2507,2693,0
split_03,3,train,2270,2427,0
split_03,3,train,560,575,1
split_03,3,train,2025,2148,0
split_03,3,train,1649,1703,1
split_03,3,train,1264,1299,1
split_03,3,train,2374,2545,0
split_03,3,train,164,168,1
split_03,3,train,496,507,1
split_03,3,train,2876,3127,0
split_03,3,train,1053,1081,1
split_03,3,train,1811,1889,0
split_03,3,train,1771,1840,0
split_03,3,train,729,749,1
split_03,3,train,271,278,1
split_03,3,train,2880,3131,0
split_03,3,train,832,853,1
split_03,3,train,3119,3402,0
split_03,3,train,1925,2022,0
split_03,3,train,1697,1756,0
split_03,3,train,2532,2726,0
split_03,3,train,2902,3154,0
split_03,3,train,153,157,1
split_03,3,train,2138,2276,0
split_03,3,train,1989,2097,0
split_03,3,train,2360,2531,0
split_03,3,train,243,249,1
split_03,3,train,1927,2024,0
split_03,3,train,1397,1433,1
split_03,3,train,1375,1411,1
split_03,3,train,1599,1638,1
split_03,3,train,1725,1785,0
split_03,3,train,1041,1069,1
split_03,3,train,89,91,1
split_03,3,train,158,162,1
split_03,3,train,2168,2310,0
split_03,3,train,2963,3222,0
split_03,3,train,3042,3315,0
split_03,3,train,352,361,1
split_03,3,train,2549,2745,0
split_03,3,train,2701,2933,0
split_03,3,train,1367,1403,1
split_03,3,train,2039,2162,0
split_03,3,train,1755,1822,0
split_03,3,train,1001,1028,1
split_03,3,train,2254,2408,0
split_03,3,train,1897,1989,0
split_03,3,train,1507,1544,1
split_03,3,train,2019,2138,0
split_03,3,train,771,792,1
split_03,3,train,2584,2789,0
split_03,3,train,2473,2659,0
split_03,3,train,1054,1082,1
split_03,3,train,2586,2791,0
split_03,3,train,570,585,1
split_03,3,train,1038,1066,1
split_03,3,train,1601,1640,1
split_03,3,train,181,185,1
split_03,3,train,1919,2015,0
split_03,3,train,440,449,1
split_03,3,train,1633,1681,1
split_03,3,train,2050,2175,0
split_03,3,train,1772,1841,0
split_03,3,train,1230,1265,1
split_03,3,train,982,1009,1
split_03,3,train,788,809,1
split_03,3,train,535,548,1
split_03,3,train,2447,2632,0
split_03,3,train,1538,1575,1
split_03,3,train,244,250,1
split_03,3,train,87,89,1
split_03,3,train,2662,2886,0
split_03,3,train,661,679,1
split_03,3,train,417,426,1
split_03,3,train,1537,1574,1
split_03,3,train,97,99,1
split_03,3,train,553,568,1
split_03,3,train,289,297,1
split_03,3,train,1174,1209,1
split_03,3,train,2029,2152,0
split_03,3,train,718,737,1
split_03,3,train,1834,1915,0
split_03,3,train,1429,1466,1
split_03,3,train,2742,2978,0
split_03,3,train,1983,2089,0
split_03,3,train,1770,1839,0
split_03,3,train,2346,2517,0
split_03,3,train,3006,3272,0
split_03,3,train,790,811,1
split_03,3,train,840,861,1
split_03,3,train,119,121,1
split_03,3,train,1902,1997,0
split_03,3,train,663,681,1
split_03,3,train,3108,3391,0
split_03,3,train,125,127,1
split_03,3,train,2112,2247,0
split_03,3,train,1948,2048,0
split_03,3,train,936,962,1
split_03,3,train,702,721,1
split_03,3,train,3084,3363,0
split_03,3,train,2161,2301,0
split_03,3,train,2388,2564,0
split_03,3,train,2858,3108,0
split_03,3,train,51,53,1
split_03,3,train,3089,3368,0
split_03,3,train,2774,3015,0
split_03,3,train,218,224,1
split_03,3,train,892,914,1
split_03,3,train,3003,3269,0
split_03,3,train,325,333,1
split_03,3,train,2888,3139,0
split_03,3,train,583,598,1
split_03,3,train,1875,1965,0
split_03,3,train,1366,1402,1
split_03,3,train,1399,1435,1
split_03,3,train,1275,1310,1
split_03,3,train,2572,2775,0
split_03,3,train,340,349,1
split_03,3,train,80,82,1
split_03,3,train,2608,2821,0
split_03,3,train,405,414,1
split_03,3,train,2860,3111,0
split_03,3,train,643,660,1
split_03,3,train,1099,1131,1
split_03,3,train,1269,1304,1
split_03,3,train,408,417,1
split_03,3,train,2423,2603,0
split_03,3,train,2906,3159,0
split_03,3,train,2173,2315,0
split_03,3,train,1062,1091,1
split_03,3,train,409,418,1
split_03,3,train,2285,2449,0
split_03,3,train,3039,3311,0
split_03,3,train,1528,1565,1
split_03,3,test,324,332,1
split_03,3,test,2733,2967,0
split_03,3,test,3114,3397,0
split_03,3,test,1320,1355,1
split_03,3,test,2930,3186,0
split_03,3,test,290,298,1
split_03,3,test,2794,3038,0
split_03,3,test,1756,1823,0
split_03,3,test,3157,3447,0
split_03,3,test,2345,2516,0
split_03,3,test,1637,1687,1
split_03,3,test,1037,1065,1
split_03,3,test,1972,2077,0
split_03,3,test,555,570,1
split_03,3,test,552,567,1
split_03,3,test,2429,2610,0
split_03,3,test,1548,1585,1
split_03,3,test,556,571,1
split_03,3,test,2421,2601,0
split_03,3,test,1508,1545,1
split_03,3,test,2078,2210,0
split_03,3,test,17,18,1
split_03,3,test,1779,1852,0
split_03,3,test,2221,2372,0
split_03,3,test,614,629,1
split_03,3,test,919,944,1
split_03,3,test,1557,1594,1
split_03,3,test,251,257,1
split_03,3,test,449,459,1
split_03,3,test,1183,1218,1
split_03,3,test,2923,3177,0
split_03,3,test,490,500,1
split_03,3,test,830,851,1
split_03,3,test,1159,1194,1
split_03,3,test,1744,1810,0
split_03,3,test,2728,2962,0
split_03,3,test,2448,2633,0
split_03,3,test,1069,1098,1
split_03,3,test,550,565,1
split_03,3,test,1439,1476,1
split_03,3,test,1696,1755,0
split_03,3,test,1130,1163,1
split_03,3,test,2990,3254,0
split_03,3,test,2497,2683,0
split_03,3,test,2329,2498,0
split_03,3,test,3066,3344,0
split_03,3,test,2402,2580,0
split_03,3,test,1481,1518,1
split_03,3,test,792,813,1
split_03,3,test,1933,2030,0
split_03,3,test,2397,2574,0
split_03,3,test,2060,2187,0
split_03,3,test,2051,2176,0
split_03,3,test,1884,1974,0
split_03,3,test,1621,1666,1
split_03,3,test,2217,2368,0
split_03,3,test,3065,3343,0
split_03,3,test,2373,2544,0
split_03,3,test,1944,2042,0
split_03,3,test,539,553,1
split_03,3,test,1468,1505,1
split_03,3,test,1533,1570,1
split_03,3,test,1767,1836,0
split_03,3,test,480,490,1
split_03,3,test,448,458,1
split_03,3,test,2601,2814,0
split_03,3,test,1111,1144,1
split_03,3,test,263,269,1
split_03,3,test,2386,2562,0
split_03,3,test,2938,3195,0
split_03,3,test,319,327,1
split_03,3,test,2971,3231,0
split_03,3,test,2890,3141,0
split_03,3,test,1823,1903,0
split_03,3,test,2671,2898,0
split_03,3,test,1138,1172,1
split_03,3,test,310,318,1
split_03,3,test,2396,2572,0
split_03,3,test,2363,2534,0
split_03,3,test,2317,2486,0
split_03,3,test,145,148,1
split_03,3,test,2431,2613,0
split_03,3,test,441,450,1
split_03,3,test,1880,1970,0
split_03,3,test,1226,1261,1
split_03,3,test,169,173,1
split_03,3,test,1059,1088,1
split_03,3,test,1911,2007,0
split_03,3,test,1445,1482,1
split_03,3,test,927,953,1
split_03,3,test,2803,3047,0
split_03,3,test,1892,1983,0
split_03,3,test,970,997,1
split_03,3,test,2727,2961,0
split_03,3,test,2943,3200,0
split_03,3,test,2064,2192,0
split_03,3,test,1252,1287,1
split_03,3,test,2037,2160,0
split_03,3,test,15,16,1
split_03,3,test,2798,3042,0
split_03,3,test,346,355,1
split_03,3,test,829,850,1
split_03,3,test,867,889,1
split_03,3,test,855,876,1
split_03,3,test,481,491,1
split_03,3,test,1165,1200,1
split_03,3,test,1937,2035,0
split_03,3,test,2664,2888,0
split_03,3,test,2683,2913,0
split_03,3,test,470,480,1
split_03,3,test,1031,1059,1
split_03,3,test,2214,2365,0
split_03,3,test,1109,1142,1
split_03,3,test,472,482,1
split_03,3,test,2279,2438,0
split_03,3,test,1248,1283,1
split_03,3,test,168,172,1
split_03,3,test,2047,2171,0
split_03,3,test,1266,1301,1
split_03,3,test,598,613,1
split_03,3,test,2609,2822,0
split_03,3,test,1953,2054,0
split_03,3,test,2197,2344,0
split_03,3,test,419,428,1
split_03,3,test,2907,3161,0
split_03,3,test,1247,1282,1
split_03,3,test,2428,2609,0
split_03,3,test,1365,1401,1
split_03,3,test,303,311,1
split_03,3,test,2786,3030,0
split_03,3,test,2283,2442,0
split_03,3,test,2593,2799,0
split_03,3,test,2350,2521,0
split_03,3,test,2179,2321,0
split_03,3,test,633,650,1
split_03,3,test,2568,2770,0
split_03,3,test,2577,2782,0
split_03,3,test,2109,2244,0
split_03,3,test,3091,3370,0
split_03,3,test,2357,2528,0
split_03,3,test,795,816,1
split_03,3,test,1791,1866,0
split_03,3,test,1504,1541,1
split_03,3,test,435,444,1
split_03,3,test,918,943,1
split_03,3,test,2309,2478,0
split_03,3,test,810,831,1
split_03,3,test,575,590,1
split_03,3,test,204,210,1
split_03,3,test,1815,1894,0
split_03,3,test,1149,1183,1
split_03,3,test,929,955,1
split_03,3,test,3002,3268,0
split_03,3,test,1436,1473,1
split_03,3,test,3032,3302,0
split_03,3,test,1222,1257,1
split_03,3,test,2437,2619,0
split_03,3,test,1055,1083,1
split_03,3,test,1632,1680,1
split_03,3,test,3053,3330,0
split_03,3,test,1408,1444,1
split_03,3,test,2092,2227,0
split_03,3,test,1279,1314,1
split_03,3,test,1812,1890,0
split_03,3,test,2070,2201,0
split_03,3,test,858,879,1
split_03,3,test,2024,2147,0
split_03,3,test,332,340,1
split_03,3,test,3062,3340,0
split_03,3,test,1732,1793,0
split_03,3,test,1100,1132,1
split_03,3,test,730,750,1
split_03,3,test,2165,2307,0
split_03,3,test,2613,2827,0
split_03,3,test,3027,3297,0
split_03,3,test,2405,2584,0
split_03,3,test,1908,2004,0
split_03,3,test,2046,2170,0
split_03,3,test,1089,1120,1
split_03,3,test,1065,1094,1
split_03,3,test,3057,3335,0
split_03,3,test,3112,3395,0
split_03,3,test,2629,2848,0
split_03,3,test,1047,1075,1
split_03,3,test,11,12,1
split_03,3,test,2313,2482,0
split_03,3,test,608,623,1
split_03,3,test,902,925,1
split_03,3,test,1852,1938,0
split_03,3,test,454,464,1
split_03,3,test,1495,1532,1
split_03,3,test,2711,2943,0
split_03,3,test,2452,2637,0
split_03,3,test,3164,3460,0
split_03,3,test,55,57,1
split_03,3,test,649,667,1
split_03,3,test,2096,2231,0
split_03,3,test,2578,2783,0
split_03,3,test,2912,3166,0
split_03,3,test,510,521,1
split_03,3,test,195,201,1
split_03,3,test,566,581,1
split_03,3,test,397,406,1
split_03,3,test,414,423,1
split_03,3,test,1776,1848,0
split_03,3,test,727,747,1
split_03,3,test,933,959,1
split_03,3,test,2509,2695,0
split_03,3,test,2780,3021,0
split_03,3,test,1381,1417,1
split_03,3,test,2900,3152,0
split_03,3,test,884,906,1
split_03,3,test,163,167,1
split_03,3,test,1619,1664,1
split_03,3,test,631,648,1
split_03,3,test,2530,2724,0
split_03,3,test,2252,2405,0
split_03,3,test,323,331,1
split_03,3,test,1765,1832,0
split_03,3,test,2295,2459,0
split_03,3,test,2269,2426,0
split_03,3,test,2562,2763,0
split_03,3,test,1943,2041,0
split_03,3,test,2750,2987,0
split_03,3,test,1308,1343,1
split_03,3,test,123,125,1
split_03,3,test,2741,2977,0
split_03,3,test,1752,1819,0
split_03,3,test,674,692,1
split_03,3,test,1114,1147,1
split_03,3,test,1101,1133,1
split_03,3,test,3097,3378,0
split_03,3,test,273,280,1
split_03,3,test,561,576,1
split_03,3,test,1591,1630,1
split_03,3,test,2895,3147,0
split_03,3,test,879,901,1
split_03,3,test,1672,1726,1
split_03,3,test,1125,1158,1
split_03,3,test,1721,1781,0
split_03,3,test,2307,2476,0
split_03,3,test,2980,3243,0
split_03,3,test,3051,3327,0
split_03,3,test,110,112,1
split_03,3,test,1913,2009,0
split_03,3,test,478,488,1
split_03,3,test,2755,2992,0
split_03,3,test,1571,1608,1
split_03,3,test,2695,2927,0
split_03,3,test,306,314,1
split_03,3,test,565,580,1
split_03,3,test,1181,1216,1
split_03,3,test,895,917,1
split_03,3,test,264,270,1
split_03,3,test,1246,1281,1
split_03,3,test,374,383,1
split_03,3,test,834,855,1
split_03,3,test,1225,1260,1
split_03,3,test,25,26,1
split_03,3,test,355,364,1
split_03,3,test,3092,3371,0
split_03,3,test,786,807,1
split_03,3,test,1493,1530,1
split_03,3,test,2815,3060,0
split_03,3,test,1822,1902,0
split_03,3,test,1044,1072,1
split_03,3,test,1304,1339,1
split_03,3,test,327,335,1
split_03,3,test,1141,1175,1
split_03,3,test,2241,2393,0
split_03,3,test,1782,1855,0
split_03,3,test,1023,1051,1
split_03,3,test,2412,2591,0
split_03,3,test,2326,2495,0
split_03,3,test,1783,1856,0
split_03,3,test,53,55,1
split_03,3,test,1242,1277,1
split_03,3,test,1386,1422,1
split_03,3,test,1729,1790,0
split_03,3,test,2303,2472,0
split_03,3,test,923,949,1
split_03,3,test,845,866,1
split_03,3,test,1017,1045,1
split_03,3,test,1901,1996,0
split_03,3,test,1199,1234,1
split_03,3,test,1057,1086,1
split_03,3,test,1305,1340,1
split_03,3,test,847,868,1
split_03,3,test,1665,1719,1
split_03,3,test,1491,1528,1
split_03,3,test,2814,3059,0
split_03,3,test,2800,3044,0
split_03,3,test,1712,1772,0
split_03,3,test,953,979,1
split_03,3,test,384,393,1
split_03,3,test,2332,2502,0
split_03,3,test,799,820,1
split_03,3,test,2048,2172,0
split_03,3,test,2517,2709,0
split_03,3,test,75,77,1
split_03,3,test,2950,3207,0
split_03,3,test,226,232,1
split_03,3,test,1806,1883,0
split_03,3,test,769,790,1
split_03,3,test,2444,2629,0
split_03,3,test,3118,3401,0
split_03,3,test,900,923,1
split_03,3,test,2633,2852,0
split_03,3,test,2781,3022,0
split_03,3,test,1004,1031,1
split_03,3,test,1630,1678,1
split_03,3,test,1423,1460,1
split_03,3,test,2983,3246,0
split_03,3,test,2831,3079,0
split_03,3,test,2917,3171,0
split_03,3,test,223,229,1
split_03,3,test,420,429,1
split_03,3,test,629,645,1
split_03,3,test,357,366,1
split_03,3,test,768,789,1
split_03,3,test,3074,3353,0
split_03,3,test,875,897,1
split_03,3,test,1268,1303,1
split_03,3,test,1951,2052,0
split_03,3,test,2959,3217,0
split_03,3,test,1952,2053,0
split_03,3,test,2979,3242,0
split_03,3,test,609,624,1
split_03,3,test,1690,1748,0
split_03,3,test,2378,2553,0
split_03,3,test,2511,2698,0
split_03,3,test,1680,1734,0
split_03,3,test,1595,1634,1
split_03,3,test,1418,1455,1
split_03,3,test,2191,2336,0
split_03,3,test,2723,2956,0
split_03,3,test,2359,2530,0
split_03,3,test,963,989,1
split_03,3,test,2924,3178,0
split_03,3,test,2987,3251,0
split_03,3,test,446,455,1
split_03,3,test,2101,2236,0
split_03,3,test,739,759,1
split_03,3,test,1064,1093,1
split_03,3,test,2391,2567,0
split_03,3,test,1184,1219,1
split_03,3,test,2588,2793,0
split_03,3,test,2123,2259,0
split_03,3,test,2128,2264,0
split_03,3,test,1033,1061,1
split_03,3,test,2982,3245,0
split_03,3,test,272,279,1
split_03,3,test,709,728,1
split_03,3,test,1076,1105,1
split_03,3,test,2195,2341,0
split_03,3,test,151,155,1
split_03,3,test,2461,2646,0
split_03,3,test,733,753,1
split_03,3,test,2260,2416,0
split_03,3,test,2627,2846,0
split_03,3,test,509,520,1
split_03,3,test,1443,1480,1
split_03,3,test,1805,1882,0
split_03,3,test,3030,3300,0
split_03,3,test,964,990,1
split_03,3,test,2062,2190,0
split_03,3,test,2100,2235,0
split_03,3,test,944,970,1
split_03,3,test,105,107,1
split_03,3,test,1828,1908,0
split_03,3,test,1839,1921,0
split_03,3,test,2256,2410,0
split_03,3,test,1818,1898,0
split_03,3,test,1410,1446,1
split_03,3,test,885,907,1
split_03,3,test,1914,2010,0
split_03,3,test,1809,1887,0
split_03,3,test,1895,1987,0
split_03,3,test,381,390,1
split_03,3,test,764,785,1
split_03,3,test,1332,1367,1
split_03,3,test,314,322,1
split_03,3,test,907,932,1
split_03,3,test,3024,3293,0
split_03,3,test,2680,2908,0
split_03,3,test,744,764,1
split_03,3,test,1327,1362,1
split_03,3,test,2103,2238,0
split_03,3,test,937,963,1
split_03,3,test,513,524,1
split_03,3,test,2188,2333,0
split_03,3,test,1614,1657,1
split_03,3,test,2961,3219,0
split_03,3,test,2026,2149,0
split_03,3,test,2194,2340,0
split_03,3,test,198,204,1
split_03,3,test,2425,2606,0
split_03,3,test,2438,2621,0
split_03,3,test,1176,1211,1
split_03,3,test,2080,2212,0
split_03,3,test,328,336,1
split_03,3,test,135,138,1
split_03,3,test,534,547,1
split_03,3,test,1166,1201,1
split_03,3,test,2141,2279,0
split_03,3,test,2340,2511,0
split_03,3,test,391,400,1
split_03,3,test,2320,2489,0
split_03,3,test,851,872,1
split_03,3,test,1169,1204,1
split_03,3,test,1215,1250,1
split_03,3,test,1581,1620,1
split_03,3,test,1957,2060,0
split_03,3,test,657,675,1
split_03,3,test,363,372,1
split_03,3,test,1868,1957,0
split_03,3,test,1453,1490,1
split_03,3,test,1620,1665,1
split_03,3,test,870,892,1
split_03,3,test,2670,2897,0
split_03,3,test,2059,2186,0
split_03,3,test,2637,2857,0
split_03,3,test,1090,1122,1
split_03,3,test,2268,2425,0
split_03,3,test,2344,2515,0
split_03,3,test,254,260,1
split_03,3,test,650,668,1
split_03,3,test,2146,2285,0
split_03,3,test,571,586,1
split_03,3,test,567,582,1
split_03,3,test,546,561,1
split_03,3,test,224,230,1
split_03,3,test,2071,2202,0
split_03,3,test,2426,2607,0
split_03,3,test,2441,2626,0
split_03,3,test,57,59,1
split_03,3,test,3107,3390,0
split_03,3,test,1016,1044,1
split_03,3,test,2628,2847,0
split_03,3,test,386,395,1
split_03,3,test,2259,2414,0
split_03,3,test,160,164,1
split_03,3,test,2240,2392,0
split_03,3,test,728,748,1
split_03,3,test,2785,3027,0
split_03,3,test,1517,1554,1
split_03,3,test,67,69,1
split_03,3,test,758,779,1
split_03,3,test,2082,2214,0
split_03,3,test,2506,2692,0
split_03,3,test,3123,3406,0
split_03,3,test,2341,2512,0
split_03,3,test,1704,1763,0
split_03,3,test,1220,1255,1
split_03,3,test,864,886,1
split_03,3,test,752,773,1
split_03,3,test,1098,1130,1
split_03,3,test,1431,1468,1
split_03,3,test,1643,1693,1
split_03,3,test,2823,3069,0
split_03,3,test,1428,1465,1
split_03,3,test,2404,2583,0
split_03,3,test,2761,3001,0
split_03,3,test,2485,2671,0
split_03,3,test,2514,2702,0
split_03,3,test,2377,2552,0
split_03,3,test,1606,1645,1
split_03,3,test,438,447,1
split_03,3,test,2470,2656,0
split_03,3,test,1780,1853,0
split_03,3,test,2132,2268,0
split_03,3,test,2222,2373,0
split_03,3,test,2001,2111,0
split_03,3,test,1720,1780,0
split_03,3,test,1427,1464,1
split_03,3,test,2503,2689,0
split_03,3,test,359,368,1
split_03,3,test,594,609,1
split_03,3,test,1899,1991,0
split_03,3,test,2466,2652,0
split_03,3,test,1669,1723,1
split_03,3,test,213,219,1
split_03,3,test,604,619,1
split_03,3,test,2806,3050,0
split_03,3,test,2783,3024,0
split_03,3,test,1134,1168,1
split_03,3,test,316,324,1
split_03,3,test,1912,2008,0
split_03,3,test,1212,1247,1
split_03,3,test,382,391,1
split_03,3,test,941,967,1
split_03,3,test,584,599,1
split_03,3,test,1568,1605,1
split_03,3,test,662,680,1
split_03,3,test,1097,1129,1
split_03,3,test,2809,3054,0
split_03,3,test,754,775,1
split_03,3,test,1577,1614,1
split_03,3,test,202,208,1
split_03,3,test,2793,3037,0
split_03,3,test,2643,2865,0
split_03,3,test,1058,1087,1
split_03,3,test,2617,2833,0
split_03,3,test,2160,2300,0
split_03,3,test,2281,2440,0
split_03,3,test,12,13,1
split_03,3,test,2125,2261,0
split_03,3,test,2713,2945,0
split_03,3,test,2884,3135,0
split_03,3,test,2251,2404,0
split_03,3,test,2717,2949,0
split_03,3,test,1392,1428,1
split_03,3,test,1456,1493,1
split_03,3,test,3170,3466,0
split_03,3,test,3017,3286,0
split_03,3,test,1223,1258,1
split_03,3,test,2498,2684,0
split_03,3,test,3063,3341,0
split_03,3,test,993,1020,1
split_03,3,test,1256,1291,1
split_03,3,test,1189,1224,1
split_03,3,test,1213,1248,1
split_03,3,test,207,213,1
split_03,3,test,1513,1550,1
split_03,3,test,1377,1413,1
split_03,3,test,1617,1660,1
split_03,3,test,2364,2535,0
split_03,3,test,693,711,1
split_03,3,test,2449,2634,0
split_03,3,test,1575,1612,1
split_03,3,test,2838,3086,0
split_03,3,test,1236,1271,1
split_03,3,test,1342,1378,1
split_03,3,test,1492,1529,1
split_03,3,test,3012,3280,0
split_03,3,test,2337,2507,0
split_03,3,test,1869,1958,0
split_03,3,test,1400,1436,1
split_03,3,test,3121,3404,0
split_03,3,test,1156,1190,1
split_03,3,test,364,373,1
split_03,3,test,1766,1833,0
split_03,3,test,9,10,1
split_03,3,test,704,723,1
split_03,3,test,538,552,1
split_03,3,test,1425,1462,1
split_03,3,test,1641,1691,1
split_03,3,test,1891,1982,0
split_03,3,test,2434,2616,0
split_03,3,test,124,126,1
split_03,3,test,1647,1697,1
split_03,3,test,2137,2274,0
split_03,3,test,1958,2061,0
split_03,3,test,2635,2854,0
split_03,3,test,3093,3373,0
split_03,3,test,505,516,1
split_03,3,test,672,690,1
split_03,3,test,2849,3098,0
split_03,3,test,766,787,1
split_03,3,test,2615,2830,0
split_03,3,test,1040,1068,1
split_03,3,test,1290,1325,1
split_03,3,test,793,814,1
split_03,3,test,1288,1323,1
split_03,3,test,155,159,1
split_03,3,test,2647,2869,0
split_03,3,test,402,411,1
split_03,3,test,969,996,1
split_03,3,test,1369,1405,1
split_03,3,test,1207,1242,1
split_03,3,test,1627,1675,1
split_03,3,test,379,388,1
split_03,3,test,300,308,1
split_03,3,test,1894,1986,0
split_03,3,test,677,695,1
split_03,3,test,1976,2081,0
split_03,3,test,1243,1278,1
split_03,3,test,2604,2817,0
split_03,3,test,1689,1747,0
split_03,3,test,896,918,1
split_03,3,test,71,73,1
split_03,3,test,172,176,1
split_03,3,test,803,824,1
split_03,3,test,117,119,1
split_03,3,test,984,1011,1
split_03,3,test,2962,3221,0
split_03,3,test,274,281,1
split_03,3,test,138,141,1
split_03,3,test,1390,1426,1
split_03,3,test,2177,2319,0
split_03,3,test,1450,1487,1
split_03,3,test,0,1,1
split_03,3,test,238,244,1
split_03,3,test,1684,1741,0
split_03,3,test,2107,2242,0
split_03,3,test,2655,2879,0
split_03,3,test,2743,2979,0
split_03,3,test,1077,1106,1
split_03,3,test,928,954,1
split_03,3,test,2772,3013,0
split_03,3,test,277,284,1
split_03,3,test,2864,3115,0
split_03,3,test,1739,1801,0
split_03,3,test,2311,2480,0
split_03,3,test,1254,1289,1
split_03,3,test,639,656,1
split_03,3,test,102,104,1
split_03,3,test,1472,1509,1
split_03,3,test,1642,1692,1
split_03,3,test,2865,3116,0
split_03,3,test,913,938,1
split_03,3,test,1136,1170,1
split_03,3,test,74,76,1
split_03,3,test,2262,2418,0
split_03,3,test,2558,2758,0
split_03,3,test,746,767,1
split_03,3,test,2580,2785,0
split_03,3,test,2058,2184,0
split_03,3,test,901,924,1
split_03,3,test,2097,2232,0
split_03,3,test,2224,2375,0
split_03,3,test,203,209,1
split_03,3,test,1849,1935,0
split_03,3,test,965,991,1
split_03,3,test,846,867,1
split_03,3,test,2792,3036,0
split_03,3,test,1300,1335,1
split_03,3,test,2663,2887,0
split_03,3,test,2760,2998,0
split_03,3,test,1497,1534,1
split_03,3,test,908,933,1
split_03,3,test,1708,1767,0
split_03,3,test,358,367,1
split_03,3,test,498,509,1
split_03,3,test,1874,1964,0
split_04,4,train,2288,2452,0
split_04,4,train,994,1021,1
split_04,4,train,693,711,1
split_04,4,train,474,484,1
split_04,4,train,386,395,1
split_04,4,train,3007,3275,0
split_04,4,train,1961,2065,0
split_04,4,train,2357,2528,0
split_04,4,train,596,611,1
split_04,4,train,2617,2833,0
split_04,4,train,1394,1430,1
split_04,4,train,186,190,1
split_04,4,train,1844,1929,0
split_04,4,train,136,139,1
split_04,4,train,947,973,1
split_04,4,train,1276,1311,1
split_04,4,train,1949,2049,0
split_04,4,train,1910,2006,0
split_04,4,train,1455,1492,1
split_04,4,train,2248,2401,0
split_04,4,train,409,418,1
split_04,4,train,3042,3315,0
split_04,4,train,753,774,1
split_04,4,train,3102,3383,0
split_04,4,train,2839,3087,0
split_04,4,train,1178,1213,1
split_04,4,train,1637,1687,1
split_04,4,train,371,380,1
split_04,4,train,487,497,1
split_04,4,train,2396,2572,0
split_04,4,train,2391,2567,0
split_04,4,train,2538,2733,0
split_04,4,train,1481,1518,1
split_04,4,train,2186,2330,0
split_04,4,train,1399,1435,1
split_04,4,train,920,945,1
split_04,4,train,1898,1990,0
split_04,4,train,1155,1189,1
split_04,4,train,1678,1732,1
split_04,4,train,2676,2903,0
split_04,4,train,443,452,1
split_04,4,train,1510,1547,1
split_04,4,train,431,440,1
split_04,4,train,740,760,1
split_04,4,train,1254,1289,1
split_04,4,train,1026,1054,1
split_04,4,train,2734,2968,0
split_04,4,train,3163,3459,0
split_04,4,train,643,660,1
split_04,4,train,621,637,1
split_04,4,train,53,55,1
split_04,4,train,2813,3058,0
split_04,4,train,2777,3018,0
split_04,4,train,1185,1220,1
split_04,4,train,977,1004,1
split_04,4,train,2518,2712,0
split_04,4,train,1287,1322,1
split_04,4,train,269,276,1
split_04,4,train,2872,3123,0
split_04,4,train,3085,3364,0
split_04,4,train,2880,3131,0
split_04,4,train,1579,1616,1
split_04,4,train,2404,2583,0
split_04,4,train,2787,3031,0
split_04,4,train,1015,1043,1
split_04,4,train,480,490,1
split_04,4,train,1956,2059,0
split_04,4,train,1536,1573,1
split_04,4,train,2618,2834,0
split_04,4,train,154,158,1
split_04,4,train,1950,2050,0
split_04,4,train,318,326,1
split_04,4,train,2912,3166,0
split_04,4,train,1191,1226,1
split_04,4,train,135,138,1
split_04,4,train,2705,2937,0
split_04,4,train,1176,1211,1
split_04,4,train,340,349,1
split_04,4,train,2137,2274,0
split_04,4,train,1997,2107,0
split_04,4,train,259,265,1
split_04,4,train,44,46,1
split_04,4,train,1635,1683,1
split_04,4,train,811,832,1
split_04,4,train,732,752,1
split_04,4,train,3110,3393,0
split_04,4,train,447,456,1
split_04,4,train,2320,2489,0
split_04,4,train,830,851,1
split_04,4,train,223,229,1
split_04,4,train,1716,1776,0
split_04,4,train,1604,1643,1
split_04,4,train,1512,1549,1
split_04,4,train,3037,3309,0
split_04,4,train,3113,3396,0
split_04,4,train,2856,3106,0
split_04,4,train,1467,1504,1
split_04,4,train,2504,2690,0
split_04,4,train,3114,3397,0
split_04,4,train,1728,1788,0
split_04,4,train,1319,1354,1
split_04,4,train,406,415,1
split_04,4,train,90,92,1
split_04,4,train,2497,2683,0
split_04,4,train,2501,2687,0
split_04,4,train,2507,2693,0
split_04,4,train,1685,1742,0
split_04,4,train,1005,1033,1
split_04,4,train,240,246,1
split_04,4,train,131,133,1
split_04,4,train,1480,1517,1
split_04,4,train,1224,1259,1
split_04,4,train,2836,3084,0
split_04,4,train,1930,2027,0
split_04,4,train,158,162,1
split_04,4,train,2738,2974,0
split_04,4,train,1704,1763,0
split_04,4,train,2506,2692,0
split_04,4,train,1321,1356,1
split_04,4,train,2222,2373,0
split_04,4,train,304,312,1
split_04,4,train,2941,3198,0
split_04,4,train,1262,1297,1
split_04,4,train,2455,2640,0
split_04,4,train,1313,1348,1
split_04,4,train,1460,1497,1
split_04,4,train,842,863,1
split_04,4,train,46,48,1
split_04,4,train,548,563,1
split_04,4,train,2239,2391,0
split_04,4,train,2785,3027,0
split_04,4,train,550,565,1
split_04,4,train,1372,1408,1
split_04,4,train,1506,1543,1
split_04,4,train,2892,3144,0
split_04,4,train,1488,1525,1
split_04,4,train,2467,2653,0
split_04,4,train,2866,3117,0
split_04,4,train,61,63,1
split_04,4,train,54,56,1
split_04,4,train,1964,2068,0
split_04,4,train,2863,3114,0
split_04,4,train,2387,2563,0
split_04,4,train,92,94,1
split_04,4,train,725,745,1
split_04,4,train,1784,1857,0
split_04,4,train,2838,3086,0
split_04,4,train,234,240,1
split_04,4,train,109,111,1
split_04,4,train,2215,2366,0
split_04,4,train,2106,2241,0
split_04,4,train,56,58,1
split_04,4,train,224,230,1
split_04,4,train,1295,1330,1
split_04,4,train,1790,1865,0
split_04,4,train,927,953,1
split_04,4,train,599,614,1
split_04,4,train,145,148,1
split_04,4,train,1877,1967,0
split_04,4,train,843,864,1
split_04,4,train,2064,2192,0
split_04,4,train,2234,2385,0
split_04,4,train,2745,2981,0
split_04,4,train,2458,2643,0
split_04,4,train,1343,1379,1
split_04,4,train,2221,2372,0
split_04,4,train,2921,3175,0
split_04,4,train,2094,2229,0
split_04,4,train,35,36,1
split_04,4,train,1854,1940,0
split_04,4,train,627,643,1
split_04,4,train,1872,1962,0
split_04,4,train,3010,3278,0
split_04,4,train,1954,2055,0
split_04,4,train,292,300,1
split_04,4,train,452,462,1
split_04,4,train,2929,3185,0
split_04,4,train,730,750,1
split_04,4,train,997,1024,1
split_04,4,train,1171,1206,1
split_04,4,train,622,638,1
split_04,4,train,1189,1224,1
split_04,4,train,24,25,1
split_04,4,train,572,587,1
split_04,4,train,2554,2753,0
split_04,4,train,1250,1285,1
split_04,4,train,1599,1638,1
split_04,4,train,79,81,1
split_04,4,train,1541,1578,1
split_04,4,train,395,404,1
split_04,4,train,2874,3125,0
split_04,4,train,297,305,1
split_04,4,train,2474,2660,0
split_04,4,train,2344,2515,0
split_04,4,train,2449,2634,0
split_04,4,train,877,899,1
split_04,4,train,499,510,1
split_04,4,train,2005,2116,0
split_04,4,train,2464,2650,0
split_04,4,train,244,250,1
split_04,4,train,476,486,1
split_04,4,train,2602,2815,0
split_04,4,train,1641,1691,1
split_04,4,train,2108,2243,0
split_04,4,train,1707,1766,0
split_04,4,train,2681,2910,0
split_04,4,train,2190,2335,0
split_04,4,train,2157,2297,0
split_04,4,train,1991,2100,0
split_04,4,train,1947,2047,0
split_04,4,train,1735,1796,0
split_04,4,train,2751,2988,0
split_04,4,train,2524,2718,0
split_04,4,train,2490,2676,0
split_04,4,train,883,905,1
split_04,4,train,1292,1327,1
split_04,4,train,515,526,1
split_04,4,train,1442,1479,1
split_04,4,train,2970,3230,0
split_04,4,train,2388,2564,0
split_04,4,train,425,434,1
split_04,4,train,2509,2695,0
split_04,4,train,1318,1353,1
split_04,4,train,1543,1580,1
split_04,4,train,3104,3387,0
split_04,4,train,2308,2477,0
split_04,4,train,1131,1165,1
split_04,4,train,2957,3214,0
split_04,4,train,55,57,1
split_04,4,train,2135,2272,0
split_04,4,train,1920,2016,0
split_04,4,train,2095,2230,0
split_04,4,train,1110,1143,1
split_04,4,train,1661,1715,1
split_04,4,train,2498,2684,0
split_04,4,train,1763,1830,0
split_04,4,train,1278,1313,1
split_04,4,train,1691,1749,0
split_04,4,train,2986,3250,0
split_04,4,train,1337,1373,1
split_04,4,train,426,435,1
split_04,4,train,1094,1126,1
split_04,4,train,1413,1449,1
split_04,4,train,1996,2106,0
split_04,4,train,535,548,1
split_04,4,train,110,112,1
split_04,4,train,3077,3356,0
split_04,4,train,2961,3219,0
split_04,4,train,2947,3204,0
split_04,4,train,766,787,1
split_04,4,train,1693,1751,0
split_04,4,train,1629,1677,1
split_04,4,train,704,723,1
split_04,4,train,375,384,1
split_04,4,train,2954,3211,0
split_04,4,train,831,852,1
split_04,4,train,1875,1965,0
split_04,4,train,302,310,1
split_04,4,train,2714,2946,0
split_04,4,train,91,93,1
split_04,4,train,2588,2793,0
split_04,4,train,479,489,1
split_04,4,train,2470,2656,0
split_04,4,train,2016,2135,0
split_04,4,train,2799,3043,0
split_04,4,train,1630,1678,1
split_04,4,train,2445,2630,0
split_04,4,train,586,601,1
split_04,4,train,2593,2799,0
split_04,4,train,2559,2759,0
split_04,4,train,1378,1414,1
split_04,4,train,671,689,1
split_04,4,train,170,174,1
split_04,4,train,940,966,1
split_04,4,train,125,127,1
split_04,4,train,211,217,1
split_04,4,train,1546,1583,1
split_04,4,train,98,100,1
split_04,4,train,303,311,1
split_04,4,train,818,839,1
split_04,4,train,1012,1040,1
split_04,4,train,1900,1992,0
split_04,4,train,11,12,1
split_04,4,train,36,37,1
split_04,4,train,2632,2851,0
split_04,4,train,1347,1383,1
split_04,4,train,1874,1964,0
split_04,4,train,3169,3465,0
split_04,4,train,931,957,1
split_04,4,train,1811,1889,0
split_04,4,train,328,336,1
split_04,4,train,1454,1491,1
split_04,4,train,2539,2734,0
split_04,4,train,829,850,1
split_04,4,train,134,137,1
split_04,4,train,1417,1454,1
split_04,4,train,1019,1047,1
split_04,4,train,1781,1854,0
split_04,4,train,769,790,1
split_04,4,train,1360,1396,1
split_04,4,train,2870,3121,0
split_04,4,train,441,450,1
split_04,4,train,190,195,1
split_04,4,train,94,96,1
split_04,4,train,2758,2996,0
split_04,4,train,1868,1957,0
split_04,4,train,2013,2132,0
split_04,4,train,1697,1756,0
split_04,4,train,2087,2221,0
split_04,4,train,1104,1137,1
split_04,4,train,3039,3311,0
split_04,4,train,2781,3022,0
split_04,4,train,378,387,1
split_04,4,train,1589,1628,1
split_04,4,train,2435,2617,0
split_04,4,train,1077,1106,1
split_04,4,train,2491,2677,0
split_04,4,train,944,970,1
split_04,4,train,2009,2125,0
split_04,4,train,2269,2426,0
split_04,4,train,1982,2088,0
split_04,4,train,3063,3341,0
split_04,4,train,3018,3287,0
split_04,4,train,1525,1562,1
split_04,4,train,2267,2423,0
split_04,4,train,2656,2880,0
split_04,4,train,1978,2083,0
split_04,4,train,1563,1600,1
split_04,4,train,2401,2578,0
split_04,4,train,652,670,1
split_04,4,train,315,323,1
split_04,4,train,2897,3149,0
split_04,4,train,1333,1368,1
split_04,4,train,2493,2679,0
split_04,4,train,890,912,1
split_04,4,train,1021,1049,1
split_04,4,train,2657,2881,0
split_04,4,train,946,972,1
split_04,4,train,592,607,1
split_04,4,train,595,610,1
split_04,4,train,768,789,1
split_04,4,train,1973,2078,0
split_04,4,train,508,519,1
split_04,4,train,2584,2789,0
split_04,4,train,1038,1066,1
split_04,4,train,1219,1254,1
split_04,4,train,673,691,1
split_04,4,train,2270,2427,0
split_04,4,train,2702,2934,0
split_04,4,train,2117,2253,0
split_04,4,train,2195,2341,0
split_04,4,train,1424,1461,1
split_04,4,train,2688,2918,0
split_04,4,train,500,511,1
split_04,4,train,669,687,1
split_04,4,train,2020,2139,0
split_04,4,train,3108,3391,0
split_04,4,train,2154,2294,0
split_04,4,train,1040,1068,1
split_04,4,train,2689,2919,0
split_04,4,train,2772,3013,0
split_04,4,train,899,922,1
split_04,4,train,1377,1413,1
split_04,4,train,553,568,1
split_04,4,train,1338,1374,1
split_04,4,train,60,62,1
split_04,4,train,30,31,1
split_04,4,train,207,213,1
split_04,4,train,1364,1400,1
split_04,4,train,1643,1693,1
split_04,4,train,734,754,1
split_04,4,train,316,324,1
split_04,4,train,351,360,1
split_04,4,train,2979,3242,0
split_04,4,train,332,340,1
split_04,4,train,1846,1931,0
split_04,4,train,289,297,1
split_04,4,train,2022,2145,0
split_04,4,train,305,313,1
split_04,4,train,2225,2376,0
split_04,4,train,1435,1472,1
split_04,4,train,1533,1570,1
split_04,4,train,983,1010,1
split_04,4,train,132,134,1
split_04,4,train,1051,1079,1
split_04,4,train,1486,1523,1
split_04,4,train,1400,1436,1
split_04,4,train,665,683,1
split_04,4,train,2546,2742,0
split_04,4,train,3062,3340,0
split_04,4,train,1915,2011,0
split_04,4,train,2837,3085,0
split_04,4,train,1416,1453,1
split_04,4,train,2096,2231,0
split_04,4,train,2220,2371,0
split_04,4,train,1860,1947,0
split_04,4,train,2237,2389,0
split_04,4,train,2112,2247,0
split_04,4,train,2575,2779,0
split_04,4,train,848,869,1
split_04,4,train,1859,1946,0
split_04,4,train,2085,2218,0
split_04,4,train,1791,1866,0
split_04,4,train,2980,3243,0
split_04,4,train,2296,2460,0
split_04,4,train,1474,1511,1
split_04,4,train,718,737,1
split_04,4,train,2204,2353,0
split_04,4,train,436,445,1
split_04,4,train,1286,1321,1
split_04,4,train,403,412,1
split_04,4,train,2059,2186,0
split_04,4,train,1983,2089,0
split_04,4,train,1000,1027,1
split_04,4,train,540,554,1
split_04,4,train,623,639,1
split_04,4,train,1851,1937,0
split_04,4,train,2260,2416,0
split_04,4,train,1921,2017,0
split_04,4,train,2196,2343,0
split_04,4,train,1052,1080,1
split_04,4,train,2859,3109,0
split_04,4,train,942,968,1
split_04,4,train,764,785,1
split_04,4,train,681,699,1
split_04,4,train,849,870,1
split_04,4,train,2119,2255,0
split_04,4,train,1708,1767,0
split_04,4,train,756,777,1
split_04,4,train,2595,2803,0
split_04,4,train,2245,2398,0
split_04,4,train,34,35,1
split_04,4,train,2314,2483,0
split_04,4,train,728,748,1
split_04,4,train,875,897,1
split_04,4,train,2093,2228,0
split_04,4,train,675,693,1
split_04,4,train,3068,3346,0
split_04,4,train,2360,2531,0
split_04,4,train,417,426,1
split_04,4,train,1100,1132,1
split_04,4,train,2577,2782,0
split_04,4,train,825,846,1
split_04,4,train,1370,1406,1
split_04,4,train,1919,2015,0
split_04,4,train,1984,2090,0
split_04,4,train,603,618,1
split_04,4,train,2128,2264,0
split_04,4,train,172,176,1
split_04,4,train,1683,1740,0
split_04,4,train,491,501,1
split_04,4,train,2271,2428,0
split_04,4,train,2672,2899,0
split_04,4,train,1598,1637,1
split_04,4,train,852,873,1
split_04,4,train,1773,1842,0
split_04,4,train,935,961,1
split_04,4,train,385,394,1
split_04,4,train,1401,1437,1
split_04,4,train,1169,1204,1
split_04,4,train,2115,2250,0
split_04,4,train,2744,2980,0
split_04,4,train,231,237,1
split_04,4,train,217,223,1
split_04,4,train,1732,1793,0
split_04,4,train,40,42,1
split_04,4,train,1459,1496,1
split_04,4,train,2684,2914,0
split_04,4,train,2032,2155,0
split_04,4,train,949,975,1
split_04,4,train,381,390,1
split_04,4,train,1277,1312,1
split_04,4,train,2898,3150,0
split_04,4,train,2142,2280,0
split_04,4,train,2920,3174,0
split_04,4,train,2262,2418,0
split_04,4,train,1738,1800,0
split_04,4,train,1308,1343,1
split_04,4,train,1567,1604,1
split_04,4,train,1864,1951,0
split_04,4,train,898,920,1
split_04,4,train,2660,2884,0
split_04,4,train,2365,2536,0
split_04,4,train,1396,1432,1
split_04,4,train,3040,3312,0
split_04,4,train,1819,1899,0
split_04,4,train,175,179,1
split_04,4,train,2105,2240,0
split_04,4,train,2685,2915,0
split_04,4,train,1256,1291,1
split_04,4,train,2729,2963,0
split_04,4,train,2261,2417,0
split_04,4,train,2141,2279,0
split_04,4,train,2311,2480,0
split_04,4,train,1556,1593,1
split_04,4,train,840,861,1
split_04,4,train,352,361,1
split_04,4,train,1212,1247,1
split_04,4,train,945,971,1
split_04,4,train,531,544,1
split_04,4,train,1966,2070,0
split_04,4,train,2181,2325,0
split_04,4,train,2130,2266,0
split_04,4,train,2283,2442,0
split_04,4,train,2075,2207,0
split_04,4,train,932,958,1
split_04,4,train,457,467,1
split_04,4,train,1229,1264,1
split_04,4,train,3133,3418,0
split_04,4,train,2508,2694,0
split_04,4,train,1449,1486,1
split_04,4,train,2463,2649,0
split_04,4,train,2643,2865,0
split_04,4,train,906,931,1
split_04,4,train,2452,2637,0
split_04,4,train,1853,1939,0
split_04,4,train,1897,1989,0
split_04,4,train,458,468,1
split_04,4,train,387,396,1
split_04,4,train,1638,1688,1
split_04,4,train,291,299,1
split_04,4,train,1386,1422,1
split_04,4,train,193,198,1
split_04,4,train,2318,2487,0
split_04,4,train,2176,2318,0
split_04,4,train,2334,2504,0
split_04,4,train,679,697,1
split_04,4,train,3090,3369,0
split_04,4,train,1237,1272,1
split_04,4,train,1153,1187,1
split_04,4,train,1434,1471,1
split_04,4,train,1332,1367,1
split_04,4,train,273,280,1
split_04,4,train,2397,2574,0
split_04,4,train,1369,1405,1
split_04,4,train,446,455,1
split_04,4,train,2496,2682,0
split_04,4,train,2644,2866,0
split_04,4,train,2614,2829,0
split_04,4,train,2879,3130,0
split_04,4,train,2424,2604,0
split_04,4,train,1122,1155,1
split_04,4,train,2795,3039,0
split_04,4,train,1970,2075,0
split_04,4,train,2231,2382,0
split_04,4,train,2949,3206,0
split_04,4,train,103,105,1
split_04,4,train,267,274,1
split_04,4,train,345,354,1
split_04,4,train,272,279,1
split_04,4,train,483,493,1
split_04,4,train,2910,3164,0
split_04,4,train,590,605,1
split_04,4,train,2259,2414,0
split_04,4,train,1627,1675,1
split_04,4,train,151,155,1
split_04,4,train,3116,3399,0
split_04,4,train,3150,3436,0
split_04,4,train,1329,1364,1
split_04,4,train,1531,1568,1
split_04,4,train,2943,3200,0
split_04,4,train,985,1012,1
split_04,4,train,1793,1868,0
split_04,4,train,1325,1360,1
split_04,4,train,1780,1853,0
split_04,4,train,2582,2787,0
split_04,4,train,2973,3233,0
split_04,4,train,833,854,1
split_04,4,train,245,251,1
split_04,4,train,1147,1181,1
split_04,4,train,2274,2432,0
split_04,4,train,578,593,1
split_04,4,train,870,892,1
split_04,4,train,1211,1246,1
split_04,4,train,1717,1777,0
split_04,4,train,780,801,1
split_04,4,train,2366,2537,0
split_04,4,train,625,641,1
split_04,4,train,1330,1365,1
split_04,4,train,2456,2641,0
split_04,4,train,975,1002,1
split_04,4,train,377,386,1
split_04,4,train,105,107,1
split_04,4,train,2014,2133,0
split_04,4,train,2193,2339,0
split_04,4,train,1743,1808,0
split_04,4,train,1663,1717,1
split_04,4,train,258,264,1
split_04,4,train,1918,2014,0
split_04,4,train,1423,1460,1
split_04,4,train,2419,2598,0
split_04,4,train,130,132,1
split_04,4,train,2531,2725,0
split_04,4,train,1603,1642,1
split_04,4,train,1470,1507,1
split_04,4,train,571,586,1
split_04,4,train,2993,3257,0
split_04,4,train,2249,2402,0
split_04,4,train,1751,1818,0
split_04,4,train,1114,1147,1
split_04,4,train,2936,3193,0
split_04,4,train,2322,2491,0
split_04,4,train,2340,2511,0
split_04,4,train,2548,2744,0
split_04,4,train,84,86,1
split_04,4,train,2138,2276,0
split_04,4,train,568,583,1
split_04,4,train,2327,2496,0
split_04,4,train,1446,1483,1
split_04,4,train,979,1006,1
split_04,4,train,1258,1293,1
split_04,4,train,2065,2193,0
split_04,4,train,1549,1586,1
split_04,4,train,3069,3347,0
split_04,4,train,1744,1810,0
split_04,4,train,699,718,1
split_04,4,train,1578,1615,1
split_04,4,train,1509,1546,1
split_04,4,train,1128,1161,1
split_04,4,train,1133,1167,1
split_04,4,train,2639,2859,0
split_04,4,train,2540,2735,0
split_04,4,train,1634,1682,1
split_04,4,train,2385,2561,0
split_04,4,train,1507,1544,1
split_04,4,train,2011,2130,0
split_04,4,train,1986,2092,0
split_04,4,train,3016,3284,0
split_04,4,train,661,679,1
split_04,4,train,249,255,1
split_04,4,train,2931,3187,0
split_04,4,train,2071,2202,0
split_04,4,train,545,560,1
split_04,4,train,1484,1521,1
split_04,4,train,1626,1674,1
split_04,4,train,144,147,1
split_04,4,train,999,1026,1
split_04,4,train,2302,2471,0
split_04,4,train,1615,1658,1
split_04,4,train,2995,3260,0
split_04,4,train,633,650,1
split_04,4,train,1420,1457,1
split_04,4,train,187,191,1
split_04,4,train,419,428,1
split_04,4,train,1522,1559,1
split_04,4,train,1427,1464,1
split_04,4,train,138,141,1
split_04,4,train,1648,1698,1
split_04,4,train,837,858,1
split_04,4,train,72,74,1
split_04,4,train,429,438,1
split_04,4,train,1609,1650,1
split_04,4,train,751,772,1
split_04,4,train,1138,1172,1
split_04,4,train,2369,2540,0
split_04,4,train,615,630,1
split_04,4,train,2049,2174,0
split_04,4,train,70,72,1
split_04,4,train,2906,3159,0
split_04,4,train,3106,3389,0
split_04,4,train,359,368,1
split_04,4,train,2529,2723,0
split_04,4,train,140,143,1
split_04,4,train,2479,2665,0
split_04,4,train,847,868,1
split_04,4,train,3156,3446,0
split_04,4,train,1799,1876,0
split_04,4,train,955,981,1
split_04,4,train,2722,2955,0
split_04,4,train,585,600,1
split_04,4,train,1339,1375,1
split_04,4,train,2783,3024,0
split_04,4,train,1815,1894,0
split_04,4,train,2541,2736,0
split_04,4,train,835,856,1
split_04,4,train,2031,2154,0
split_04,4,train,1239,1274,1
split_04,4,train,1979,2084,0
split_04,4,train,184,188,1
split_04,4,train,2913,3167,0
split_04,4,train,2692,2923,0
split_04,4,train,3145,3430,0
split_04,4,train,1320,1355,1
split_04,4,train,1120,1153,1
split_04,4,train,1414,1450,1
split_04,4,train,876,898,1
split_04,4,train,2553,2752,0
split_04,4,train,2374,2545,0
split_04,4,train,411,420,1
split_04,4,train,613,628,1
split_04,4,train,314,322,1
split_04,4,train,1328,1363,1
split_04,4,train,2629,2848,0
split_04,4,train,1103,1136,1
split_04,4,train,364,373,1
split_04,4,train,2960,3218,0
split_04,4,train,752,773,1
split_04,4,train,644,661,1
split_04,4,train,2336,2506,0
split_04,4,train,2727,2961,0
split_04,4,train,2552,2749,0
split_04,4,train,2023,2146,0
split_04,4,train,2710,2942,0
split_04,4,train,914,939,1
split_04,4,train,1642,1692,1
split_04,4,train,1593,1632,1
split_04,4,train,2489,2675,0
split_04,4,train,2264,2420,0
split_04,4,train,2820,3066,0
split_04,4,train,1365,1401,1
split_04,4,train,2021,2140,0
split_04,4,train,2356,2527,0
split_04,4,train,943,969,1
split_04,4,train,2522,2716,0
split_04,4,train,526,538,1
split_04,4,train,155,159,1
split_04,4,train,1049,1077,1
split_04,4,train,3027,3297,0
split_04,4,train,3127,3412,0
split_04,4,train,1433,1470,1
split_04,4,train,1587,1626,1
split_04,4,train,432,441,1
split_04,4,train,1244,1279,1
split_04,4,train,784,805,1
split_04,4,train,1108,1141,1
split_04,4,train,2145,2283,0
split_04,4,train,2934,3191,0
split_04,4,train,788,809,1
split_04,4,train,2989,3253,0
split_04,4,train,462,472,1
split_04,4,train,1030,1058,1
split_04,4,train,118,120,1
split_04,4,train,2077,2209,0
split_04,4,train,393,402,1
split_04,4,train,2835,3083,0
split_04,4,train,1410,1446,1
split_04,4,train,1102,1134,1
split_04,4,train,1706,1765,0
split_04,4,train,1802,1879,0
split_04,4,train,2873,3124,0
split_04,4,train,1073,1102,1
split_04,4,train,3130,3415,0
split_04,4,train,2882,3133,0
split_04,4,train,2903,3155,0
split_04,4,train,1514,1551,1
split_04,4,train,2165,2307,0
split_04,4,train,1430,1467,1
split_04,4,train,969,996,1
split_04,4,train,1281,1316,1
split_04,4,train,808,829,1
split_04,4,train,749,770,1
split_04,4,train,1856,1942,0
split_04,4,train,1838,1920,0
split_04,4,train,3126,3411,0
split_04,4,train,2007,2119,0
split_04,4,train,2169,2311,0
split_04,4,train,2057,2182,0
split_04,4,train,1652,1706,1
split_04,4,train,485,495,1
split_04,4,train,1477,1514,1
split_04,4,train,1946,2046,0
split_04,4,train,2555,2754,0
split_04,4,train,532,545,1
split_04,4,train,1712,1772,0
split_04,4,train,3084,3363,0
split_04,4,train,358,367,1
split_04,4,train,2798,3042,0
split_04,4,train,2806,3050,0
split_04,4,train,1112,1145,1
split_04,4,train,2438,2621,0
split_04,4,train,2605,2818,0
split_04,4,train,1291,1326,1
split_04,4,train,1951,2052,0
split_04,4,train,1061,1090,1
split_04,4,train,1795,1871,0
split_04,4,train,2721,2954,0
split_04,4,train,311,319,1
split_04,4,train,1121,1154,1
split_04,4,train,2981,3244,0
split_04,4,train,2381,2557,0
split_04,4,train,2177,2319,0
split_04,4,train,2070,2201,0
split_04,4,train,2207,2357,0
split_04,4,train,1461,1498,1
split_04,4,train,1833,1914,0
split_04,4,train,1105,1138,1
split_04,4,train,2346,2517,0
split_04,4,train,294,302,1
split_04,4,train,1885,1975,0
split_04,4,train,1608,1647,1
split_04,4,train,104,106,1
split_04,4,train,1520,1557,1
split_04,4,train,662,680,1
split_04,4,train,1826,1906,0
split_04,4,train,1091,1123,1
split_04,4,train,2946,3203,0
split_04,4,train,112,114,1
split_04,4,train,851,872,1
split_04,4,train,2116,2252,0
split_04,4,train,1162,1197,1
split_04,4,train,3005,3271,0
split_04,4,train,287,295,1
split_04,4,train,1755,1822,0
split_04,4,train,1613,1656,1
split_04,4,train,810,831,1
split_04,4,train,577,592,1
split_04,4,train,250,256,1
split_04,4,train,2316,2485,0
split_04,4,train,238,244,1
split_04,4,train,1023,1051,1
split_04,4,train,934,960,1
split_04,4,train,1034,1062,1
split_04,4,train,912,937,1
split_04,4,train,2505,2691,0
split_04,4,train,2769,3010,0
split_04,4,train,2146,2285,0
split_04,4,train,1505,1542,1
split_04,4,train,466,476,1
split_04,4,train,2265,2421,0
split_04,4,train,2028,2151,0
split_04,4,train,1479,1516,1
split_04,4,train,1253,1288,1
split_04,4,train,2140,2278,0
split_04,4,train,1376,1412,1
split_04,4,train,2619,2835,0
split_04,4,train,2299,2467,0
split_04,4,train,619,634,1
split_04,4,train,888,910,1
split_04,4,train,1867,1955,0
split_04,4,train,1550,1587,1
split_04,4,train,2345,2516,0
split_04,4,train,39,41,1
split_04,4,train,1249,1284,1
split_04,4,train,488,498,1
split_04,4,train,1588,1627,1
split_04,4,train,697,716,1
split_04,4,train,368,377,1
split_04,4,train,938,964,1
split_04,4,train,2965,3225,0
split_04,4,train,2675,2902,0
split_04,4,train,1045,1073,1
split_04,4,train,2759,2997,0
split_04,4,train,17,18,1
split_04,4,train,967,993,1
split_04,4,train,2867,3118,0
split_04,4,train,2361,2532,0
split_04,4,train,2367,2538,0
split_04,4,train,1388,1424,1
split_04,4,train,129,131,1
split_04,4,train,2728,2962,0
split_04,4,train,2762,3002,0
split_04,4,train,1664,1718,1
split_04,4,train,2735,2971,0
split_04,4,train,3146,3431,0
split_04,4,train,1196,1231,1
split_04,4,train,2328,2497,0
split_04,4,train,1227,1262,1
split_04,4,train,3025,3295,0
split_04,4,train,998,1025,1
split_04,4,train,251,257,1
split_04,4,train,2214,2365,0
split_04,4,train,1711,1771,0
split_04,4,train,2589,2795,0
split_04,4,train,2767,3008,0
split_04,4,train,2091,2225,0
split_04,4,train,2824,3070,0
split_04,4,train,2472,2658,0
split_04,4,train,2436,2618,0
split_04,4,train,823,844,1
split_04,4,train,1931,2028,0
split_04,4,train,1709,1768,0
split_04,4,train,3072,3350,0
split_04,4,train,2642,2864,0
split_04,4,train,2268,2425,0
split_04,4,train,1785,1858,0
split_04,4,train,2899,3151,0
split_04,4,train,918,943,1
split_04,4,train,1136,1170,1
split_04,4,train,1082,1112,1
split_04,4,train,1233,1268,1
split_04,4,train,1741,1805,0
split_04,4,train,2349,2520,0
split_04,4,train,790,811,1
split_04,4,train,509,520,1
split_04,4,train,507,518,1
split_04,4,train,3065,3343,0
split_04,4,train,1007,1035,1
split_04,4,train,2124,2260,0
split_04,4,train,2604,2817,0
split_04,4,train,689,707,1
split_04,4,train,2805,3049,0
split_04,4,train,1022,1050,1
split_04,4,train,1069,1098,1
split_04,4,train,989,1016,1
split_04,4,train,2935,3192,0
split_04,4,train,3061,3339,0
split_04,4,train,1804,1881,0
split_04,4,train,1381,1417,1
split_04,4,train,475,485,1
split_04,4,train,1639,1689,1
split_04,4,train,470,480,1
split_04,4,train,2996,3261,0
split_04,4,train,410,419,1
split_04,4,train,241,247,1
split_04,4,train,3029,3299,0
split_04,4,train,2843,3092,0
split_04,4,train,1036,1064,1
split_04,4,train,1324,1359,1
split_04,4,train,31,32,1
split_04,4,train,1922,2018,0
split_04,4,train,2718,2950,0
split_04,4,train,1447,1484,1
split_04,4,train,2533,2727,0
split_04,4,train,2564,2765,0
split_04,4,train,1198,1233,1
split_04,4,train,2132,2268,0
split_04,4,train,1059,1088,1
split_04,4,train,1519,1556,1
split_04,4,train,122,124,1
split_04,4,train,108,110,1
split_04,4,train,601,616,1
split_04,4,train,1340,1376,1
split_04,4,train,2612,2826,0
split_04,4,train,2460,2645,0
split_04,4,train,861,883,1
split_04,4,train,492,503,1
split_04,4,train,323,331,1
split_04,4,train,2072,2203,0
split_04,4,train,1296,1331,1
split_04,4,train,437,446,1
split_04,4,train,271,278,1
split_04,4,train,2434,2616,0
split_04,4,train,2753,2990,0
split_04,4,train,1871,1961,0
split_04,4,train,1248,1283,1
split_04,4,train,2232,2383,0
split_04,4,train,1395,1431,1
split_04,4,train,522,534,1
split_04,4,train,2487,2673,0
split_04,4,train,1980,2085,0
split_04,4,train,2079,2211,0
split_04,4,train,313,321,1
split_04,4,train,2625,2843,0
split_04,4,train,708,727,1
split_04,4,train,2907,3161,0
split_04,4,train,1088,1119,1
split_04,4,train,1517,1554,1
split_04,4,train,1796,1872,0
split_04,4,train,442,451,1
split_04,4,train,1048,1076,1
split_04,4,train,1469,1506,1
split_04,4,train,1938,2036,0
split_04,4,train,2406,2585,0
split_04,4,train,3024,3293,0
split_04,4,train,1736,1798,0
split_04,4,train,2854,3104,0
split_04,4,train,1653,1707,1
split_04,4,train,165,169,1
split_04,4,train,1597,1636,1
split_04,4,train,59,61,1
split_04,4,train,2354,2525,0
split_04,4,train,326,334,1
split_04,4,train,958,984,1
split_04,4,train,2914,3168,0
split_04,4,train,1084,1114,1
split_04,4,train,1260,1295,1
split_04,4,train,1968,2073,0
split_04,4,train,1145,1179,1
split_04,4,train,2203,2352,0
split_04,4,train,3064,3342,0
split_04,4,train,2139,2277,0
split_04,4,train,635,652,1
split_04,4,train,1235,1270,1
split_04,4,train,1904,1999,0
split_04,4,train,2775,3016,0
split_04,4,train,339,348,1
split_04,4,train,604,619,1
split_04,4,train,228,234,1
split_04,4,train,3165,3461,0
split_04,4,train,2378,2553,0
split_04,4,train,194,199,1
split_04,4,train,2459,2644,0
split_04,4,train,278,285,1
split_04,4,train,864,886,1
split_04,4,train,1441,1478,1
split_04,4,train,1200,1235,1
split_04,4,train,2790,3034,0
split_04,4,train,73,75,1
split_04,4,train,816,837,1
split_04,4,train,954,980,1
split_04,4,train,1269,1304,1
split_04,4,train,3002,3268,0
split_04,4,train,1740,1803,0
split_04,4,train,558,573,1
split_04,4,train,3009,3277,0
split_04,4,train,2219,2370,0
split_04,4,train,1167,1202,1
split_04,4,train,2881,3132,0
split_04,4,train,546,561,1
split_04,4,train,319,327,1
split_04,4,train,2466,2652,0
split_04,4,train,2571,2774,0
split_04,4,train,1555,1592,1
split_04,4,train,162,166,1
split_04,4,train,408,417,1
split_04,4,train,2691,2922,0
split_04,4,train,3166,3462,0
split_04,4,train,63,65,1
split_04,4,train,4,5,1
split_04,4,train,1990,2099,0
split_04,4,train,1500,1537,1
split_04,4,train,1432,1469,1
split_04,4,train,456,466,1
split_04,4,train,3103,3385,0
split_04,4,train,2786,3030,0
split_04,4,train,1149,1183,1
split_04,4,train,45,47,1
split_04,4,train,951,977,1
split_04,4,train,2475,2661,0
split_04,4,train,3137,3422,0
split_04,4,train,242,248,1
split_04,4,train,2205,2355,0
split_04,4,train,2774,3015,0
split_04,4,train,2990,3254,0
split_04,4,train,270,277,1
split_04,4,train,1758,1825,0
split_04,4,train,1565,1602,1
split_04,4,train,365,374,1
split_04,4,train,1673,1727,1
split_04,4,train,2645,2867,0
split_04,4,train,1448,1485,1
split_04,4,train,2168,2310,0
split_04,4,train,933,959,1
split_04,4,train,2922,3176,0
split_04,4,train,2224,2375,0
split_04,4,train,813,834,1
split_04,4,train,399,408,1
split_04,4,train,1157,1192,1
split_04,4,train,256,262,1
split_04,4,train,1294,1329,1
split_04,4,train,787,808,1
split_04,4,train,1257,1292,1
split_04,4,train,2652,2875,0
split_04,4,train,1024,1052,1
split_04,4,train,2229,2380,0
split_04,4,train,1283,1318,1
split_04,4,train,2383,2559,0
split_04,4,train,973,1000,1
split_04,4,train,839,860,1
split_04,4,train,2603,2816,0
split_04,4,train,3001,3266,0
split_04,4,train,2560,2761,0
split_04,4,train,874,896,1
split_04,4,train,781,802,1
split_04,4,train,738,758,1
split_04,4,train,2481,2667,0
split_04,4,train,1305,1340,1
split_04,4,train,2202,2349,0
split_04,4,train,2306,2475,0
split_04,4,train,2175,2317,0
split_04,4,train,2668,2894,0
split_04,4,train,1201,1236,1
split_04,4,train,542,556,1
split_04,4,train,405,414,1
split_04,4,train,1824,1904,0
split_04,4,train,2319,2488,0
split_04,4,train,1772,1841,0
split_04,4,train,1476,1513,1
split_04,4,train,321,329,1
split_04,4,train,1935,2032,0
split_04,4,train,1363,1399,1
split_04,4,train,521,533,1
split_04,4,train,3099,3380,0
split_04,4,train,247,253,1
split_04,4,train,579,594,1
split_04,4,train,2763,3004,0
split_04,4,train,2789,3033,0
split_04,4,train,101,103,1
split_04,4,train,2060,2187,0
split_04,4,train,660,678,1
split_04,4,train,2395,2571,0
split_04,4,train,1314,1349,1
split_04,4,train,640,657,1
split_04,4,train,354,363,1
split_04,4,train,1624,1670,1
split_04,4,train,274,281,1
split_04,4,train,706,725,1
split_04,4,train,612,627,1
split_04,4,train,2399,2576,0
split_04,4,train,1452,1489,1
split_04,4,train,2780,3021,0
split_04,4,train,493,504,1
split_04,4,train,1622,1667,1
split_04,4,train,3014,3282,0
split_04,4,train,1713,1773,0
split_04,4,train,2286,2450,0
split_04,4,train,1952,2053,0
split_04,4,train,859,880,1
split_04,4,train,770,791,1
split_04,4,train,710,729,1
split_04,4,train,3135,3420,0
split_04,4,train,1204,1239,1
split_04,4,train,570,585,1
split_04,4,train,2301,2470,0
split_04,4,train,1172,1207,1
split_04,4,train,2218,2369,0
split_04,4,train,1425,1462,1
split_04,4,train,453,463,1
split_04,4,train,3128,3413,0
split_04,4,train,2757,2995,0
split_04,4,train,913,938,1
split_04,4,train,1768,1837,0
split_04,4,train,1064,1093,1
split_04,4,train,167,171,1
split_04,4,train,1331,1366,1
split_04,4,train,1107,1140,1
split_04,4,train,3036,3308,0
split_04,4,train,2851,3100,0
split_04,4,train,1299,1334,1
split_04,4,train,1611,1652,1
split_04,4,train,3082,3361,0
split_04,4,train,3117,3400,0
split_04,4,train,1840,1923,0
split_04,4,train,2158,2298,0
split_04,4,train,1933,2030,0
split_04,4,train,236,242,1
split_04,4,train,3167,3463,0
split_04,4,train,3041,3314,0
split_04,4,train,1362,1398,1
split_04,4,train,3170,3466,0
split_04,4,train,1471,1508,1
split_04,4,train,2952,3209,0
split_04,4,train,2566,2768,0
split_04,4,train,3134,3419,0
split_04,4,train,2499,2685,0
split_04,4,train,1197,1232,1
split_04,4,train,2275,2433,0
split_04,4,train,1496,1533,1
split_04,4,train,370,379,1
split_04,4,train,901,924,1
split_04,4,train,1710,1770,0
split_04,4,train,415,424,1
split_04,4,train,815,836,1
split_04,4,train,2889,3140,0
split_04,4,train,23,24,1
split_04,4,train,844,865,1
split_04,4,train,252,258,1
split_04,4,train,200,206,1
split_04,4,train,866,888,1
split_04,4,train,2389,2565,0
split_04,4,train,142,145,1
split_04,4,train,1113,1146,1
split_04,4,train,329,337,1
split_04,4,train,2542,2737,0
split_04,4,train,3092,3371,0
split_04,4,train,654,672,1
split_04,4,train,1311,1346,1
split_04,4,train,2932,3188,0
split_04,4,train,1959,2063,0
split_04,4,train,1379,1415,1
split_04,4,train,1575,1612,1
split_04,4,train,2557,2757,0
split_04,4,train,1822,1902,0
split_04,4,train,1890,1981,0
split_04,4,train,1548,1585,1
split_04,4,train,793,814,1
split_04,4,train,649,667,1
split_04,4,train,2243,2396,0
split_04,4,train,709,728,1
split_04,4,train,422,431,1
split_04,4,train,1466,1503,1
split_04,4,train,2118,2254,0
split_04,4,train,2683,2913,0
split_04,4,train,584,599,1
split_04,4,train,3054,3331,0
split_04,4,train,1649,1703,1
split_04,4,train,691,709,1
split_04,4,train,724,743,1
split_04,4,train,826,847,1
split_04,4,train,1532,1569,1
split_04,4,train,67,69,1
split_04,4,train,1366,1402,1
split_04,4,train,2998,3263,0
split_04,4,train,3056,3334,0
split_04,4,train,133,136,1
split_04,4,train,821,842,1
split_04,4,train,2811,3056,0
split_04,4,train,1646,1696,1
split_04,4,train,2650,2872,0
split_04,4,train,2720,2952,0
split_04,4,train,334,343,1
split_04,4,train,1723,1783,0
split_04,4,train,1619,1664,1
split_04,4,train,1017,1045,1
split_04,4,train,512,523,1
split_04,4,train,1617,1660,1
split_04,4,train,2701,2933,0
split_04,4,train,966,992,1
split_04,4,train,3100,3381,0
split_04,4,train,1106,1139,1
split_04,4,train,1463,1500,1
split_04,4,train,2893,3145,0
split_04,4,train,3139,3424,0
split_04,4,train,349,358,1
split_04,4,train,107,109,1
split_04,4,train,1006,1034,1
split_04,4,train,624,640,1
split_04,4,train,1231,1266,1
split_04,4,train,1179,1214,1
split_04,4,train,1226,1261,1
split_04,4,train,536,549,1
split_04,4,train,1895,1987,0
split_04,4,train,149,152,1
split_04,4,train,2386,2562,0
split_04,4,train,423,432,1
split_04,4,train,1163,1198,1
split_04,4,train,722,741,1
split_04,4,train,64,66,1
split_04,4,train,2576,2781,0
split_04,4,train,1375,1411,1
split_04,4,train,2997,3262,0
split_04,4,train,3094,3375,0
split_04,4,train,2309,2478,0
split_04,4,train,1759,1826,0
split_04,4,train,1830,1910,0
split_04,4,train,1797,1874,0
split_04,4,train,347,356,1
split_04,4,train,1692,1750,0
split_04,4,train,953,979,1
split_04,4,train,1568,1605,1
split_04,4,train,1192,1227,1
split_04,4,train,3148,3433,0
split_04,4,train,2748,2984,0
split_04,4,train,424,433,1
split_04,4,train,2042,2166,0
split_04,4,train,255,261,1
split_04,4,train,2666,2891,0
split_04,4,train,2723,2956,0
split_04,4,train,1727,1787,0
split_04,4,train,1581,1620,1
split_04,4,train,2740,2976,0
split_04,4,train,1972,2077,0
split_04,4,train,2030,2153,0
split_04,4,train,49,51,1
split_04,4,train,2228,2379,0
split_04,4,train,1494,1531,1
split_04,4,train,197,203,1
split_04,4,train,2665,2889,0
split_04,4,train,841,862,1
split_04,4,train,189,194,1
split_04,4,train,2592,2798,0
split_04,4,train,3161,3457,0
split_04,4,train,1412,1448,1
split_04,4,train,921,947,1
split_04,4,train,937,963,1
split_04,4,train,1666,1720,1
split_04,4,train,392,401,1
split_04,4,train,266,272,1
split_04,4,train,2510,2696,0
split_04,4,train,1143,1177,1
split_04,4,train,2562,2763,0
split_04,4,train,494,505,1
split_04,4,train,3022,3291,0
split_04,4,train,2739,2975,0
split_04,4,train,1828,1908,0
split_04,4,train,1675,1729,1
split_04,4,train,2711,2943,0
split_04,4,train,2431,2613,0
split_04,4,train,1521,1558,1
split_04,4,train,1495,1532,1
split_04,4,train,2400,2577,0
split_04,4,train,583,598,1
split_04,4,train,2471,2657,0
split_04,4,train,18,19,1
split_04,4,train,747,768,1
split_04,4,train,827,848,1
split_04,4,train,853,874,1
split_04,4,train,2586,2791,0
split_04,4,train,2842,3091,0
split_04,4,train,520,532,1
split_04,4,train,1554,1591,1
split_04,4,train,3129,3414,0
split_04,4,train,2323,2492,0
split_04,4,train,212,218,1
split_04,4,train,2250,2403,0
split_04,4,train,871,893,1
split_04,4,train,1862,1949,0
split_04,4,train,164,168,1
split_04,4,train,763,784,1
split_04,4,train,2596,2805,0
split_04,4,train,1144,1178,1
split_04,4,train,1879,1969,0
split_04,4,train,2558,2758,0
split_04,4,train,1431,1468,1
split_04,4,train,2055,2180,0
split_04,4,train,754,775,1
split_04,4,train,1164,1199,1
split_04,4,train,557,572,1
split_04,4,train,2192,2338,0
split_04,4,train,2363,2534,0
split_04,4,train,2394,2570,0
split_04,4,train,519,531,1
split_04,4,train,1504,1541,1
split_04,4,train,498,509,1
split_04,4,train,374,383,1
split_04,4,train,2428,2609,0
split_04,4,train,2565,2767,0
split_04,4,train,373,382,1
split_04,4,train,741,761,1
split_04,4,train,467,477,1
split_04,4,train,2868,3119,0
split_04,4,train,208,214,1
split_04,4,train,1636,1686,1
split_04,4,train,1942,2040,0
split_04,4,train,2766,3007,0
split_04,4,train,322,330,1
split_04,4,train,2587,2792,0
split_04,4,train,1726,1786,0
split_04,4,train,137,140,1
split_04,4,train,559,574,1
split_04,4,train,606,621,1
split_04,4,train,2658,2882,0
split_04,4,train,1932,2029,0
split_04,4,train,3073,3352,0
split_04,4,train,2448,2633,0
split_04,4,train,2817,3063,0
split_04,4,train,2750,2987,0
split_04,4,train,396,405,1
split_04,4,train,2663,2887,0
split_04,4,train,513,524,1
split_04,4,train,2379,2554,0
split_04,4,train,2944,3201,0
split_04,4,train,2544,2740,0
split_04,4,train,2153,2293,0
split_04,4,train,3023,3292,0
split_04,4,train,3047,3321,0
split_04,4,train,2708,2940,0
split_04,4,train,2287,2451,0
split_04,4,train,497,508,1
split_04,4,train,3044,3318,0
split_04,4,train,337,346,1
split_04,4,train,800,821,1
split_04,4,train,1747,1813,0
split_04,4,train,2236,2388,0
split_04,4,train,1428,1465,1
split_04,4,train,567,582,1
split_04,4,train,1134,1168,1
split_04,4,train,400,409,1
split_04,4,train,1037,1065,1
split_04,4,train,2572,2775,0
split_04,4,train,2712,2944,0
split_04,4,train,2161,2301,0
split_04,4,train,1557,1594,1
split_04,4,train,2325,2494,0
split_04,4,train,1501,1538,1
split_04,4,train,1071,1100,1
split_04,4,train,1289,1324,1
split_04,4,train,1222,1257,1
split_04,4,train,2858,3108,0
split_04,4,train,1181,1216,1
split_04,4,train,2425,2606,0
split_04,4,train,143,146,1
split_04,4,train,600,615,1
split_04,4,train,233,239,1
split_04,4,train,344,353,1
split_04,4,train,1304,1339,1
split_04,4,train,889,911,1
split_04,4,train,171,175,1
split_04,4,train,2971,3231,0
split_04,4,train,2047,2171,0
split_04,4,train,2123,2259,0
split_04,4,train,472,482,1
split_04,4,train,2278,2437,0
split_04,4,train,2532,2726,0
split_04,4,train,636,653,1
split_04,4,train,2150,2289,0
split_04,4,train,2041,2165,0
split_04,4,train,248,254,1
split_04,4,train,438,447,1
split_04,4,train,78,80,1
split_04,4,train,3153,3440,0
split_04,4,train,1456,1493,1
split_04,4,train,3152,3439,0
split_04,4,train,367,376,1
split_04,4,train,510,521,1
split_04,4,train,2828,3075,0
split_04,4,train,713,732,1
split_04,4,train,1384,1420,1
split_04,4,train,594,609,1
split_04,4,train,1535,1572,1
split_04,4,train,1132,1166,1
split_04,4,train,2015,2134,0
split_04,4,train,1288,1323,1
split_04,4,train,554,569,1
split_04,4,train,1066,1095,1
split_04,4,train,948,974,1
split_04,4,train,1390,1426,1
split_04,4,train,714,733,1
split_04,4,train,1241,1276,1
split_04,4,train,2348,2519,0
split_04,4,train,1945,2043,0
split_04,4,train,2788,3032,0
split_04,4,train,1831,1912,0
split_04,4,train,1537,1574,1
split_04,4,train,1571,1608,1
split_04,4,train,1858,1945,0
split_04,4,train,828,849,1
split_04,4,train,1225,1260,1
split_04,4,train,900,923,1
split_04,4,train,924,950,1
split_04,4,train,2253,2407,0
split_04,4,train,1975,2080,0
split_04,4,train,858,879,1
split_04,4,train,221,227,1
split_04,4,train,2814,3059,0
split_04,4,train,1995,2105,0
split_04,4,train,1814,1893,0
split_04,4,train,3149,3435,0
split_04,4,train,772,793,1
split_04,4,train,1043,1071,1
split_04,4,train,1823,1903,0
split_04,4,train,939,965,1
split_04,4,train,2429,2610,0
split_04,4,train,1760,1827,0
split_04,4,train,2765,3006,0
split_04,4,train,2704,2936,0
split_04,4,train,3032,3302,0
split_04,4,train,3088,3367,0
split_04,4,train,2127,2263,0
split_04,4,train,1127,1160,1
split_04,4,train,582,597,1
split_04,4,train,3107,3390,0
split_04,4,train,2978,3238,0
split_04,4,train,1489,1526,1
split_04,4,train,1848,1933,0
split_04,4,train,1586,1625,1
split_04,4,train,2034,2157,0
split_04,4,train,1680,1734,0
split_04,4,train,2849,3098,0
split_04,4,train,2791,3035,0
split_04,4,train,173,177,1
split_04,4,train,2343,2514,0
split_04,4,train,712,731,1
split_04,4,train,1645,1695,1
split_04,4,train,1842,1925,0
split_04,4,train,917,942,1
split_04,4,train,2162,2304,0
split_04,4,train,2338,2508,0
split_04,4,train,2754,2991,0
split_04,4,train,418,427,1
split_04,4,train,1540,1577,1
split_04,4,train,1749,1816,0
split_04,4,train,361,370,1
split_04,4,train,984,1011,1
split_04,4,train,1020,1048,1
split_04,4,train,2511,2698,0
split_04,4,train,2102,2237,0
split_04,4,train,357,366,1
split_04,4,train,454,464,1
split_04,4,train,3058,3336,0
split_04,4,train,1702,1761,0
split_04,4,train,832,853,1
split_04,4,train,1992,2101,0
split_04,4,train,1989,2097,0
split_04,4,train,1336,1371,1
split_04,4,train,2585,2790,0
split_04,4,train,2731,2965,0
split_04,4,train,206,212,1
split_04,4,train,3154,3441,0
split_04,4,train,1651,1705,1
split_04,4,train,2183,2327,0
split_04,4,train,235,241,1
split_04,4,train,2693,2924,0
split_04,4,train,2390,2566,0
split_04,4,train,239,245,1
split_04,4,train,1994,2104,0
split_04,4,train,1074,1103,1
split_04,4,train,1903,1998,0
split_04,4,train,3079,3358,0
split_04,4,train,2864,3115,0
split_04,4,train,2149,2288,0
split_04,4,train,1492,1529,1
split_04,4,train,407,416,1
split_04,4,train,1011,1039,1
split_04,4,train,3093,3373,0
split_04,4,train,3020,3289,0
split_04,4,train,57,59,1
split_04,4,train,2871,3122,0
split_04,4,train,2074,2206,0
split_04,4,train,1701,1760,0
split_04,4,train,2974,3234,0
split_04,4,train,978,1005,1
split_04,4,train,963,989,1
split_04,4,train,634,651,1
split_04,4,train,2537,2732,0
split_04,4,train,2809,3054,0
split_04,4,train,1255,1290,1
split_04,4,train,1937,2035,0
split_04,4,train,1358,1394,1
split_04,4,train,1955,2056,0
split_04,4,train,2621,2837,0
split_04,4,train,2669,2896,0
split_04,4,train,2724,2957,0
split_04,4,train,1002,1029,1
split_04,4,train,2840,3089,0
split_04,4,train,51,53,1
split_04,4,train,1029,1057,1
split_04,4,train,1387,1423,1
split_04,4,train,1623,1668,1
split_04,4,train,990,1017,1
split_04,4,train,414,423,1
split_04,4,train,3006,3272,0
split_04,4,train,296,304,1
split_04,4,train,2699,2931,0
split_04,4,train,3098,3379,0
split_04,4,train,1592,1631,1
split_04,4,train,2792,3036,0
split_04,4,train,1205,1240,1
split_04,4,train,1081,1111,1
split_04,4,train,1265,1300,1
split_04,4,train,183,187,1
split_04,4,train,1806,1883,0
split_04,4,train,2900,3152,0
split_04,4,train,786,807,1
split_04,4,train,2924,3178,0
split_04,4,train,404,413,1
split_04,4,train,794,815,1
split_04,4,train,2129,2265,0
split_04,4,train,1056,1085,1
split_04,4,train,1650,1704,1
split_04,4,train,735,755,1
split_04,4,train,2114,2249,0
split_04,4,train,775,796,1
split_04,4,train,2696,2928,0
split_04,4,train,2375,2548,0
split_04,4,train,2180,2324,0
split_04,4,train,805,826,1
split_04,4,train,1057,1086,1
split_04,4,train,1847,1932,0
split_04,4,train,1180,1215,1
split_04,4,train,1971,2076,0
split_04,4,train,2173,2315,0
split_04,4,train,1889,1980,0
split_04,4,train,850,871,1
split_04,4,train,1969,2074,0
split_04,4,train,1671,1725,1
split_04,4,train,2486,2672,0
split_04,4,train,2797,3041,0
split_04,4,train,1444,1481,1
split_04,4,train,2304,2473,0
split_04,4,train,1126,1159,1
split_04,4,train,2832,3080,0
split_04,4,train,1602,1641,1
split_04,4,train,2940,3197,0
split_04,4,train,1912,2008,0
split_04,4,train,801,822,1
split_04,4,train,651,669,1
split_04,4,train,2512,2699,0
split_04,4,train,2266,2422,0
split_04,4,train,2402,2580,0
split_04,4,train,1301,1336,1
split_04,4,train,372,381,1
split_04,4,train,680,698,1
split_04,4,train,2526,2720,0
split_04,4,train,1268,1303,1
split_04,4,train,2197,2344,0
split_04,4,train,1247,1282,1
split_04,4,train,762,783,1
split_04,4,train,1326,1361,1
split_04,4,train,965,991,1
split_04,4,train,1218,1253,1
split_04,4,train,2556,2756,0
split_04,4,train,645,663,1
split_04,4,train,907,932,1
split_04,4,train,2417,2596,0
split_04,4,train,1857,1944,0
split_04,4,train,2368,2539,0
split_04,4,train,1655,1709,1
split_04,4,train,1118,1151,1
split_04,4,train,1215,1250,1
split_04,4,train,2226,2377,0
split_04,4,train,523,535,1
split_04,4,train,2285,2449,0
split_04,4,train,1669,1723,1
split_04,4,train,230,236,1
split_04,4,train,1111,1144,1
split_04,4,train,139,142,1
split_04,4,train,2680,2908,0
split_04,4,train,620,635,1
split_04,4,train,2850,3099,0
split_04,4,train,1737,1799,0
split_04,4,train,2930,3186,0
split_04,4,train,3120,3403,0
split_04,4,train,802,823,1
split_04,4,train,956,982,1
split_04,4,train,2516,2708,0
split_04,4,train,1483,1520,1
split_04,4,train,555,570,1
split_04,4,train,1962,2066,0
split_04,4,train,2687,2917,0
split_04,4,train,2351,2522,0
split_04,4,train,715,734,1
split_04,4,train,2037,2160,0
split_04,4,train,1801,1878,0
split_04,4,train,926,952,1
split_04,4,train,3158,3448,0
split_04,4,train,1590,1629,1
split_04,4,train,276,283,1
split_04,4,train,1499,1536,1
split_04,4,train,863,885,1
split_04,4,train,757,778,1
split_04,4,train,2545,2741,0
split_04,4,train,2355,2526,0
split_04,4,train,783,804,1
split_04,4,train,157,161,1
split_04,4,train,2359,2530,0
split_04,4,train,2073,2205,0
split_04,4,train,42,44,1
split_04,4,train,1764,1831,0
split_04,4,train,2038,2161,0
split_04,4,train,176,180,1
split_04,4,train,1719,1779,0
split_04,4,train,327,335,1
split_04,4,train,3070,3348,0
split_04,4,train,160,164,1
split_04,4,train,925,951,1
split_04,4,train,1350,1386,1
split_04,4,train,3046,3320,0
split_04,4,train,1263,1298,1
split_04,4,train,928,954,1
split_04,4,train,1285,1320,1
split_04,4,train,630,646,1
split_04,4,train,312,320,1
split_04,4,train,1562,1599,1
split_04,4,train,2002,2112,0
split_04,4,train,2131,2267,0
split_04,4,train,3011,3279,0
split_04,4,train,83,85,1
split_04,4,train,1742,1807,0
split_04,4,train,2084,2216,0
split_04,4,train,1261,1296,1
split_04,4,train,301,309,1
split_04,4,train,2802,3046,0
split_04,4,train,1293,1328,1
split_04,4,train,812,833,1
split_04,4,train,75,77,1
split_04,4,train,2908,3162,0
split_04,4,train,986,1013,1
split_04,4,train,733,753,1
split_04,4,train,213,219,1
split_04,4,train,459,469,1
split_04,4,train,126,128,1
split_04,4,train,1382,1418,1
split_04,4,train,2454,2639,0
split_04,4,train,3097,3378,0
split_04,4,train,1297,1332,1
split_04,4,train,1264,1299,1
split_04,4,train,1208,1243,1
split_04,4,train,2188,2333,0
split_04,4,train,729,749,1
split_04,4,train,254,260,1
split_04,4,train,1534,1571,1
split_04,4,train,1618,1661,1
split_04,4,train,2297,2461,0
split_04,4,train,736,756,1
split_04,4,train,2530,2724,0
split_04,4,train,2624,2842,0
split_04,4,train,1829,1909,0
split_04,4,train,2246,2399,0
split_04,4,train,1817,1897,0
split_04,4,train,2370,2541,0
split_04,4,train,1109,1142,1
split_04,4,train,1807,1884,0
split_04,4,train,834,855,1
split_04,4,train,1610,1651,1
split_04,4,train,580,595,1
split_04,4,train,478,488,1
split_04,4,train,1327,1362,1
split_04,4,train,1359,1395,1
split_04,4,train,525,537,1
split_04,4,train,1130,1163,1
split_04,4,train,2216,2367,0
split_04,4,train,610,625,1
split_04,4,train,2994,3259,0
split_04,4,train,1004,1031,1
split_04,4,train,1214,1249,1
split_04,4,train,1116,1149,1
split_04,4,train,690,708,1
split_04,4,train,1497,1534,1
split_04,4,train,2543,2739,0
split_04,4,train,463,473,1
split_04,4,train,2174,2316,0
split_04,4,train,2770,3011,0
split_04,4,train,346,355,1
split_04,4,train,448,458,1
split_04,4,train,1914,2010,0
split_04,4,train,2469,2655,0
split_04,4,train,1676,1730,1
split_04,4,train,310,318,1
split_04,4,train,69,71,1
split_04,4,train,744,764,1
split_04,4,train,2256,2410,0
split_04,4,train,93,95,1
split_04,4,train,2187,2331,0
split_04,4,train,1526,1563,1
split_04,4,train,1117,1150,1
split_04,4,train,2875,3126,0
split_04,4,train,1658,1712,1
split_04,4,train,2121,2257,0
split_04,4,train,2911,3165,0
split_04,4,train,551,566,1
split_04,4,train,1409,1445,1
split_04,4,train,473,483,1
split_04,4,train,3086,3365,0
split_04,4,train,862,884,1
split_04,4,train,1953,2054,0
split_04,4,train,66,68,1
split_04,4,train,1067,1096,1
split_04,4,train,1183,1218,1
split_04,4,train,127,129,1
split_04,4,train,1473,1510,1
split_04,4,train,283,290,1
split_04,4,train,705,724,1
split_04,4,train,1290,1325,1
split_04,4,train,41,43,1
split_04,4,train,2853,3102,0
split_04,4,train,1632,1680,1
split_04,4,train,3105,3388,0
split_04,4,train,338,347,1
split_04,4,train,2945,3202,0
split_04,4,train,229,235,1
split_04,4,train,3095,3376,0
split_04,4,train,2453,2638,0
split_04,4,train,2,3,1
split_04,4,train,1072,1101,1
split_04,4,train,1614,1657,1
split_04,4,train,2726,2959,0
split_04,4,train,96,98,1
split_04,4,train,720,739,1
split_04,4,train,814,835,1
split_04,4,train,28,29,1
split_04,4,train,369,378,1
split_04,4,train,982,1009,1
split_04,4,train,3003,3269,0
split_04,4,train,181,185,1
split_04,4,train,3000,3265,0
split_04,4,train,1161,1196,1
split_04,4,train,1733,1794,0
split_04,4,train,2736,2972,0
split_04,4,train,2686,2916,0
split_04,4,train,10,11,1
split_04,4,train,1046,1074,1
split_04,4,train,1894,1986,0
split_04,4,train,2043,2167,0
split_04,4,train,2217,2368,0
split_04,4,train,2598,2807,0
split_04,4,train,1124,1157,1
split_04,4,train,434,443,1
split_04,4,train,1146,1180,1
split_04,4,train,115,117,1
split_04,4,train,702,721,1
split_04,4,train,382,391,1
split_04,4,train,3028,3298,0
split_04,4,train,285,293,1
split_04,4,train,163,167,1
split_04,4,train,1899,1991,0
split_04,4,train,391,400,1
split_04,4,train,2819,3065,0
split_04,4,train,2159,2299,0
split_04,4,train,2776,3017,0
split_04,4,train,2755,2992,0
split_04,4,train,119,121,1
split_04,4,train,1686,1743,0
split_04,4,train,1232,1267,1
split_04,4,train,1924,2020,0
split_04,4,train,2670,2897,0
split_04,4,train,2719,2951,0
split_04,4,train,591,606,1
split_04,4,train,433,442,1
split_04,4,train,6,7,1
split_04,4,train,561,576,1
split_04,4,train,1929,2026,0
split_04,4,train,2709,2941,0
split_04,4,train,1092,1124,1
split_04,4,train,2290,2454,0
split_04,4,train,1943,2041,0
split_04,4,train,1013,1041,1
split_04,4,train,1458,1495,1
split_04,4,train,1078,1107,1
split_04,4,train,703,722,1
split_04,4,train,2500,2686,0
split_04,4,train,1411,1447,1
split_04,4,train,573,588,1
split_04,4,train,2101,2236,0
split_04,4,train,1769,1838,0
split_04,4,train,2752,2989,0
split_04,4,train,19,20,1
split_04,4,train,2627,2846,0
split_04,4,train,516,527,1
split_04,4,train,355,364,1
split_04,4,train,1101,1133,1
split_04,4,train,1558,1595,1
split_04,4,train,1515,1552,1
split_04,4,train,1677,1731,1
split_04,4,train,1887,1978,0
split_04,4,train,1246,1281,1
split_04,4,train,1186,1221,1
split_04,4,train,2251,2404,0
split_04,4,train,21,22,1
split_04,4,train,388,397,1
split_04,4,train,2492,2678,0
split_04,4,train,2925,3179,0
split_04,4,train,647,665,1
split_04,4,train,755,776,1
split_04,4,train,2233,2384,0
split_04,4,train,2403,2582,0
split_04,4,train,2210,2360,0
split_04,4,train,1729,1790,0
split_04,4,train,1087,1117,1
split_04,4,train,742,762,1
split_04,4,train,2107,2242,0
split_04,4,train,698,717,1
split_04,4,train,2003,2113,0
split_04,4,train,2241,2393,0
split_04,4,train,1577,1614,1
split_04,4,train,3142,3427,0
split_04,4,train,1475,1512,1
split_04,4,train,2090,2224,0
split_04,4,train,1298,1333,1
split_04,4,train,38,40,1
split_04,4,train,1911,2007,0
split_04,4,train,1559,1596,1
split_04,4,train,502,513,1
split_04,4,train,3157,3447,0
split_04,4,train,205,211,1
split_04,4,train,2761,3001,0
split_04,4,train,776,797,1
split_04,4,train,1518,1555,1
split_04,4,train,1184,1219,1
split_04,4,train,785,806,1
split_04,4,train,530,543,1
split_04,4,train,2823,3069,0
split_04,4,train,2527,2721,0
split_04,4,train,275,282,1
split_04,4,train,1987,2094,0
split_04,4,train,128,130,1
split_04,4,train,1527,1564,1
split_04,4,train,362,371,1
split_04,4,train,1243,1278,1
split_04,4,train,745,765,1
split_04,4,train,1528,1565,1
split_04,4,train,1213,1248,1
split_04,4,train,2147,2286,0
split_04,4,train,721,740,1
split_04,4,train,609,624,1
split_04,4,train,3051,3327,0
split_04,4,train,2446,2631,0
split_04,4,train,637,654,1
split_04,4,train,2503,2689,0
split_04,4,train,1876,1966,0
split_04,4,train,2655,2879,0
split_04,4,train,2172,2314,0
split_04,4,train,2857,3107,0
split_04,4,train,1203,1238,1
split_04,4,train,3101,3382,0
split_04,4,train,987,1014,1
split_04,4,train,2909,3163,0
split_04,4,train,444,453,1
split_04,4,train,74,76,1
split_04,4,train,1787,1860,0
split_04,4,train,2975,3235,0
split_04,4,train,2152,2291,0
split_04,4,train,552,567,1
split_04,4,train,2574,2778,0
split_04,4,train,1035,1063,1
split_04,4,train,541,555,1
split_04,4,train,2305,2474,0
split_04,4,train,1137,1171,1
split_04,4,train,3,4,1
split_04,4,train,857,878,1
split_04,4,train,905,929,1
split_04,4,train,2679,2907,0
split_04,4,train,2019,2138,0
split_04,4,train,2143,2281,0
split_04,4,train,1794,1870,0
split_04,4,train,971,998,1
split_04,4,train,2742,2978,0
split_04,4,train,1775,1847,0
split_04,4,train,1688,1746,0
split_04,4,train,89,91,1
split_04,4,train,114,116,1
split_04,4,train,2695,2927,0
split_04,4,train,2337,2507,0
split_04,4,train,1883,1973,0
split_04,4,train,3045,3319,0
split_04,4,train,2339,2510,0
split_04,4,train,2573,2777,0
split_04,4,train,653,671,1
split_04,4,train,2861,3112,0
split_04,4,train,58,60,1
split_04,4,train,1129,1162,1
split_04,4,train,95,97,1
split_04,4,train,2992,3256,0
split_04,4,train,894,916,1
split_04,4,train,2280,2439,0
split_04,4,train,147,150,1
split_04,4,train,215,221,1
split_04,4,train,2808,3053,0
split_04,4,train,3121,3404,0
split_04,4,train,2804,3048,0
split_04,4,train,2635,2854,0
split_04,4,train,3050,3325,0
split_04,4,train,2089,2223,0
split_04,4,train,919,944,1
split_04,4,train,950,976,1
split_04,4,train,2025,2148,0
split_04,4,train,219,225,1
split_04,4,train,2768,3009,0
split_04,4,train,2671,2898,0
split_04,4,train,1594,1633,1
split_04,4,train,1503,1540,1
split_04,4,train,723,742,1
split_04,4,train,1694,1753,0
split_04,4,train,2818,3064,0
split_04,4,train,1115,1148,1
split_04,4,train,286,294,1
split_04,4,train,439,448,1
split_04,4,train,961,987,1
split_04,4,train,2468,2654,0
split_04,4,train,1612,1653,1
split_04,4,train,795,816,1
split_04,4,train,2743,2979,0
split_04,4,train,284,291,1
split_04,4,train,1786,1859,0
split_04,4,train,2238,2390,0
split_04,4,train,2080,2212,0
split_04,4,train,746,767,1
split_04,4,train,1600,1639,1
split_04,4,train,2151,2290,0
split_04,4,train,1093,1125,1
split_04,4,train,2213,2364,0
split_04,4,train,102,104,1
split_04,4,train,1601,1640,1
split_04,4,train,1380,1416,1
split_04,4,train,1836,1917,0
split_04,4,train,2206,2356,0
split_04,4,train,1808,1886,0
split_04,4,train,2513,2700,0
split_04,4,train,1631,1679,1
split_04,4,train,1816,1895,0
split_04,4,train,2580,2785,0
split_04,4,train,243,249,1
split_04,4,train,1913,2009,0
split_04,4,train,2427,2608,0
split_04,4,train,1523,1560,1
split_04,4,train,2581,2786,0
split_04,4,train,2008,2124,0
split_04,4,train,490,500,1
split_04,4,train,43,45,1
split_04,4,train,1752,1819,0
split_04,4,train,3013,3281,0
split_04,4,train,2426,2607,0
split_04,4,train,1761,1828,0
split_04,4,train,1845,1930,0
split_04,4,train,2313,2482,0
split_04,4,train,1529,1566,1
split_04,4,train,2794,3038,0
split_04,4,train,2852,3101,0
split_04,4,train,576,591,1
split_04,4,train,2098,2233,0
split_04,4,train,2609,2822,0
split_04,4,train,2631,2850,0
split_04,4,train,2678,2906,0
split_04,4,train,2408,2587,0
split_04,4,train,2126,2262,0
split_04,4,train,360,369,1
split_04,4,train,2664,2888,0
split_04,4,train,2414,2593,0
split_04,4,train,1595,1634,1
split_04,4,train,2444,2629,0
split_04,4,train,3109,3392,0
split_04,4,train,1999,2109,0
split_04,4,train,2517,2709,0
split_04,4,train,2869,3120,0
split_04,4,train,688,706,1
split_04,4,train,976,1003,1
split_04,4,train,3119,3402,0
split_04,4,train,401,410,1
split_04,4,train,1406,1442,1
split_04,4,train,2570,2773,0
split_04,4,train,2640,2860,0
split_04,4,train,1908,2004,0
split_04,4,train,1356,1392,1
split_04,4,train,1407,1443,1
split_04,4,train,2717,2949,0
split_04,4,train,2825,3071,0
split_04,4,train,1960,2064,0
split_04,4,train,1778,1851,0
split_04,4,train,178,182,1
split_04,4,train,908,933,1
split_04,4,train,180,184,1
split_04,4,train,537,550,1
split_04,4,train,2461,2646,0
split_04,4,train,2371,2542,0
split_04,4,train,2958,3215,0
split_04,4,train,1538,1575,1
split_04,4,train,2420,2600,0
split_04,4,train,3059,3337,0
split_04,4,train,761,782,1
split_04,4,train,2999,3264,0
split_04,4,train,2407,2586,0
split_04,4,train,81,83,1
split_04,4,train,2010,2129,0
split_04,4,train,1154,1188,1
split_04,4,train,2917,3171,0
split_04,4,train,996,1023,1
split_04,4,train,777,798,1
split_04,4,train,903,926,1
split_04,4,train,1168,1203,1
split_04,4,train,1681,1737,0
split_04,4,train,2703,2935,0
split_04,4,train,1493,1530,1
split_04,4,train,2473,2659,0
split_04,4,train,1779,1852,0
split_04,4,train,1273,1308,1
split_04,4,train,2476,2662,0
split_04,4,train,1561,1598,1
split_04,4,train,1647,1697,1
split_04,4,train,1353,1389,1
split_04,4,train,2307,2476,0
split_04,4,train,684,702,1
split_04,4,train,2848,3097,0
split_04,4,train,1905,2000,0
split_04,4,train,2447,2632,0
split_04,4,train,257,263,1
split_04,4,train,237,243,1
split_04,4,train,598,613,1
split_04,4,train,1272,1307,1
split_04,4,train,922,948,1
split_04,4,train,2039,2162,0
split_04,4,train,1373,1409,1
split_04,4,train,2136,2273,0
split_04,4,train,872,894,1
split_04,4,train,174,178,1
split_04,4,train,2289,2453,0
split_04,4,train,232,238,1
split_04,4,train,2063,2191,0
split_04,4,train,1958,2061,0
split_04,4,train,2622,2838,0
split_04,4,train,1583,1622,1
split_04,4,train,2488,2674,0
split_04,4,train,3055,3333,0
split_04,4,train,3060,3338,0
split_04,4,train,1852,1938,0
split_04,4,train,878,900,1
split_04,4,train,1584,1623,1
split_04,4,train,3075,3354,0
split_04,4,train,2987,3251,0
split_04,4,train,1141,1175,1
split_04,4,train,1001,1028,1
split_04,4,train,809,830,1
split_04,4,train,2667,2893,0
split_04,4,train,2939,3196,0
split_04,4,train,504,515,1
split_04,4,train,455,465,1
split_04,4,train,1657,1711,1
split_04,4,train,288,296,1
split_04,4,train,2834,3082,0
split_04,4,train,514,525,1
split_04,4,train,1881,1971,0
split_04,4,train,1097,1129,1
split_04,4,train,743,763,1
split_04,4,train,1202,1237,1
split_04,4,train,1402,1438,1
split_04,4,train,148,151,1
split_04,4,train,544,559,1
split_04,4,train,2321,2490,0
split_04,4,train,87,89,1
split_04,4,train,1374,1410,1
split_04,4,train,1724,1784,0
split_04,4,train,1820,1900,0
split_04,4,train,2412,2591,0
split_04,4,train,1440,1477,1
split_04,4,train,574,589,1
split_04,4,train,2017,2136,0
split_04,4,train,1739,1801,0
split_04,4,train,3111,3394,0
split_04,4,train,2410,2589,0
split_04,4,train,2567,2769,0
split_04,4,train,3140,3425,0
split_04,4,train,880,902,1
split_04,4,train,299,307,1
split_04,4,train,511,522,1
split_04,4,train,2983,3246,0
split_04,4,train,2006,2118,0
split_04,4,train,1041,1069,1
split_04,4,train,1689,1747,0
split_04,4,train,2310,2479,0
split_04,4,train,2862,3113,0
split_04,4,train,2465,2651,0
split_04,4,train,1940,2038,0
split_04,4,train,719,738,1
split_04,4,train,2841,3090,0
split_04,4,train,1805,1882,0
split_04,4,train,1542,1579,1
split_04,4,train,1033,1061,1
split_04,4,train,2457,2642,0
split_04,4,train,2648,2870,0
split_04,4,train,1259,1294,1
split_04,4,train,1316,1351,1
split_04,4,train,3038,3310,0
split_04,4,train,1721,1781,0
split_04,4,train,2051,2176,0
split_04,4,train,716,735,1
split_04,4,train,1835,1916,0
split_04,4,train,2061,2188,0
split_04,4,train,543,558,1
split_04,4,train,2569,2772,0
split_04,4,train,1640,1690,1
split_04,4,train,3160,3450,0
split_04,4,train,2189,2334,0
split_04,4,train,2563,2764,0
split_04,4,train,264,270,1
split_04,4,train,2829,3076,0
split_04,4,train,1216,1251,1
split_04,4,train,191,196,1
split_04,4,train,152,156,1
split_04,4,train,2276,2434,0
split_04,4,train,2883,3134,0
split_04,4,train,2985,3249,0
split_04,4,train,343,352,1
split_04,4,train,2756,2993,0
split_04,4,train,2637,2857,0
split_04,4,train,2976,3236,0
split_04,4,train,1570,1607,1
split_04,4,train,2895,3147,0
split_04,4,train,616,631,1
split_04,4,train,1193,1228,1
split_04,4,train,1909,2005,0
split_04,4,train,85,87,1
split_04,4,train,3125,3409,0
split_04,4,train,641,658,1
split_04,4,train,402,411,1
split_04,4,train,960,986,1
split_04,4,train,803,824,1
split_04,4,train,2520,2714,0
split_04,4,train,1482,1519,1
split_04,4,train,282,289,1
split_04,4,train,2004,2115,0
split_04,4,train,209,215,1
split_04,4,train,2078,2210,0
split_04,4,train,1039,1067,1
split_04,4,train,1352,1388,1
split_04,4,train,2905,3157,0
split_04,4,train,626,642,1
split_04,4,train,2536,2731,0
split_04,4,train,1628,1676,1
split_04,4,train,836,857,1
split_04,4,train,611,626,1
split_04,4,train,2001,2111,0
split_04,4,train,1080,1110,1
split_04,4,train,884,906,1
split_04,4,train,765,786,1
split_04,4,train,2442,2627,0
split_04,4,train,855,876,1
split_04,4,train,860,881,1
split_04,4,train,2393,2569,0
split_04,4,train,1662,1716,1
split_04,4,train,1591,1630,1
split_04,4,train,1810,1888,0
split_04,4,train,2633,2852,0
split_04,4,train,1917,2013,0
split_04,4,train,461,471,1
split_04,4,train,1468,1505,1
split_04,4,train,2211,2361,0
split_04,4,train,648,666,1
split_04,4,train,2876,3127,0
split_04,4,train,1754,1821,0
split_04,4,train,1926,2023,0
split_04,4,train,1730,1791,0
split_04,4,train,2610,2824,0
split_04,4,train,3118,3401,0
split_04,4,train,2201,2348,0
split_04,4,train,2069,2200,0
split_04,4,train,1478,1515,1
split_04,4,train,2977,3237,0
split_04,4,train,2927,3183,0
split_04,4,train,1270,1305,1
split_04,4,train,941,967,1
split_04,4,train,3017,3286,0
split_04,4,train,2018,2137,0
split_04,4,train,2058,2184,0
split_04,4,train,5,6,1
split_04,4,train,2521,2715,0
split_04,4,train,1812,1890,0
split_04,4,train,1873,1963,0
split_04,4,train,468,478,1
split_04,4,train,892,914,1
split_04,4,train,1234,1269,1
split_04,4,train,2662,2886,0
split_04,4,train,2423,2603,0
split_04,4,train,1674,1728,1
split_04,4,train,1644,1694,1
split_04,4,train,1070,1099,1
split_04,4,train,2281,2440,0
split_04,4,train,547,562,1
split_04,4,train,489,499,1
split_04,4,train,1245,1280,1
split_04,4,train,562,577,1
split_04,4,train,1927,2024,0
split_04,4,train,1344,1380,1
split_04,4,train,440,449,1
split_04,4,train,771,792,1
split_04,4,train,1880,1970,0
split_04,4,train,2244,2397,0
split_04,4,train,868,890,1
split_04,4,train,1508,1545,1
split_04,4,train,2918,3172,0
split_04,4,train,632,649,1
split_04,4,train,2606,2819,0
split_04,4,train,2707,2939,0
split_04,4,train,2199,2346,0
split_04,4,train,915,940,1
split_04,4,train,1941,2039,0
split_04,4,train,1839,1921,0
split_04,4,train,1545,1582,1
split_04,4,train,3071,3349,0
split_04,4,train,1580,1617,1
split_04,4,train,2376,2550,0
split_04,4,train,2968,3228,0
split_04,4,train,113,115,1
split_04,4,train,1832,1913,0
split_04,4,train,3076,3355,0
split_04,4,train,1734,1795,0
split_04,4,train,153,157,1
split_04,4,train,356,365,1
split_04,4,train,2896,3148,0
split_04,4,train,2185,2329,0
split_04,4,train,597,612,1
split_04,4,train,216,222,1
split_04,4,train,2409,2588,0
split_04,4,train,588,603,1
split_04,4,train,3136,3421,0
split_04,4,train,1158,1193,1
split_04,4,train,2377,2552,0
split_04,4,train,970,997,1
split_04,4,train,867,889,1
split_04,4,train,196,202,1
split_04,4,train,1098,1130,1
split_04,4,train,1242,1277,1
split_04,4,train,1151,1185,1
split_04,4,train,1957,2060,0
split_04,4,train,1090,1122,1
split_04,4,train,1834,1915,0
split_04,4,train,726,746,1
split_04,4,train,2024,2147,0
split_04,4,train,1974,2079,0
split_04,4,train,916,941,1
split_04,4,train,2163,2305,0
split_04,4,train,2441,2626,0
split_04,4,train,560,575,1
split_04,4,train,2223,2374,0
split_04,4,train,1892,1983,0
split_04,4,train,936,962,1
split_04,4,train,668,686,1
split_04,4,train,62,64,1
split_04,4,train,819,840,1
split_04,4,train,682,700,1
split_04,4,train,2641,2863,0
split_04,4,train,2886,3137,0
split_04,4,train,2171,2313,0
split_04,4,train,694,712,1
split_04,4,train,1684,1741,0
split_04,4,train,1564,1601,1
split_04,4,train,1670,1724,1
split_04,4,train,1028,1056,1
split_04,4,train,909,934,1
split_04,4,train,1159,1194,1
split_04,4,train,1095,1127,1
split_04,4,train,629,645,1
split_04,4,train,2111,2246,0
split_04,4,train,265,271,1
split_04,4,train,2373,2544,0
split_04,4,train,227,233,1
split_04,4,train,2578,2783,0
split_04,4,train,3141,3426,0
split_04,4,train,617,632,1
split_04,4,train,1195,1230,1
split_04,4,train,1714,1774,0
split_04,4,train,1354,1390,1
split_04,4,train,1240,1275,1
split_04,4,train,685,703,1
split_04,4,train,1223,1258,1
split_04,4,train,696,714,1
split_04,4,train,974,1001,1
split_04,4,train,2877,3128,0
split_04,4,train,1553,1590,1
split_04,4,train,1465,1502,1
split_04,4,train,1511,1548,1
split_04,4,train,2352,2523,0
split_04,4,train,3019,3288,0
split_04,4,train,1210,1245,1
split_04,4,train,445,454,1
split_04,4,train,2097,2232,0
split_04,4,train,2698,2930,0
split_04,4,train,2972,3232,0
split_04,4,train,1422,1459,1
split_04,4,train,2329,2498,0
split_04,4,train,2418,2597,0
split_04,4,train,650,668,1
split_04,4,train,1267,1302,1
split_04,4,train,204,210,1
split_04,4,train,2382,2558,0
split_04,4,train,1985,2091,0
split_04,4,train,607,622,1
split_04,4,train,2659,2883,0
split_04,4,train,348,357,1
split_04,4,train,1585,1624,1
split_04,4,train,486,496,1
split_04,4,train,2807,3052,0
split_04,4,train,2528,2722,0
split_04,4,train,664,682,1
split_04,4,train,2293,2457,0
split_04,4,train,2451,2636,0
split_04,4,train,1633,1681,1
split_04,4,train,1582,1621,1
split_04,4,train,1886,1977,0
split_04,4,train,1705,1764,0
split_04,4,train,2594,2800,0
split_04,4,train,2926,3182,0
split_04,4,train,1303,1338,1
split_04,4,train,366,375,1
split_04,4,train,2086,2220,0
split_04,4,train,838,859,1
split_04,4,train,298,306,1
split_04,4,train,2919,3173,0
split_04,4,train,1566,1603,1
split_04,4,train,1008,1036,1
split_04,4,train,683,701,1
split_04,4,train,2331,2501,0
split_04,4,train,2133,2269,0
split_04,4,train,2535,2730,0
split_04,4,train,995,1022,1
split_04,4,train,1944,2042,0
split_04,4,train,2741,2977,0
split_04,4,train,2413,2592,0
split_04,4,train,1251,1286,1
split_04,4,train,1357,1393,1
split_04,4,train,886,908,1
split_04,4,train,3132,3417,0
split_04,4,train,952,978,1
split_04,4,train,817,838,1
split_04,4,train,1209,1244,1
split_04,4,train,2247,2400,0
split_04,4,train,2803,3047,0
split_04,4,train,666,684,1
split_04,4,train,2816,3061,0
split_04,4,train,1190,1225,1
split_04,4,train,383,392,1
split_04,4,train,293,301,1
split_04,4,train,2125,2261,0
split_04,4,train,2982,3245,0
split_04,4,train,2110,2245,0
split_04,4,train,380,389,1
split_04,4,train,325,333,1
split_04,4,train,3162,3458,0
split_04,4,train,2991,3255,0
split_04,4,train,731,751,1
split_04,4,train,1745,1811,0
split_04,4,train,1,2,1
split_04,4,train,556,571,1
split_04,4,train,2191,2336,0
split_04,4,train,1620,1665,1
split_04,4,train,2100,2235,0
split_04,4,train,3115,3398,0
split_04,4,train,279,286,1
split_04,4,train,2324,2493,0
split_04,4,train,2969,3229,0
split_04,4,train,2273,2430,0
split_04,4,train,2443,2628,0
split_04,4,train,1065,1094,1
split_04,4,train,1367,1403,1
split_04,4,train,962,988,1
split_04,4,train,2103,2238,0
split_04,4,train,2415,2594,0
split_04,4,train,428,437,1
split_04,4,train,1345,1381,1
split_04,4,train,192,197,1
split_04,4,train,2613,2827,0
split_04,4,train,1827,1907,0
split_04,4,train,1800,1877,0
split_04,4,train,3087,3366,0
split_04,4,train,2782,3023,0
split_04,4,train,2964,3223,0
split_04,4,train,177,181,1
split_04,4,train,2815,3060,0
split_04,4,train,1135,1169,1
split_04,4,train,268,275,1
split_04,4,train,1490,1527,1
split_04,4,train,1438,1475,1
split_04,4,train,295,303,1
split_04,4,train,1850,1936,0
split_04,4,train,1199,1234,1
split_04,4,train,2333,2503,0
split_04,4,train,2933,3190,0
split_04,4,train,1863,1950,0
split_04,4,train,1371,1407,1
split_04,4,train,2950,3207,0
split_04,4,train,1150,1184,1
split_04,4,train,1923,2019,0
split_04,4,train,1062,1091,1
split_04,4,train,2315,2484,0
split_04,4,train,397,406,1
split_04,4,train,2904,3156,0
split_04,4,train,1843,1928,0
split_04,4,train,2730,2964,0
split_04,4,train,1173,1208,1
split_04,4,train,335,344,1
split_04,4,train,3031,3301,0
split_04,4,train,1054,1082,1
split_04,4,train,1699,1758,0
split_04,4,train,638,655,1
split_04,4,train,2350,2521,0
split_04,4,train,306,314,1
split_04,4,train,2347,2518,0
split_04,4,train,1803,1880,0
split_04,4,train,29,30,1
split_04,4,train,1068,1097,1
split_04,4,train,2433,2615,0
split_04,4,train,2732,2966,0
split_04,4,train,1323,1358,1
split_04,4,train,2421,2601,0
split_04,4,train,2549,2745,0
split_04,4,train,778,799,1
split_04,4,train,2263,2419,0
split_04,4,train,1148,1182,1
split_04,4,train,896,918,1
split_04,4,train,1032,1060,1
split_04,4,train,2437,2619,0
split_04,4,train,182,186,1
split_04,4,train,1096,1128,1
split_04,4,train,846,867,1
split_04,4,train,353,362,1
split_04,4,train,8,9,1
split_04,4,train,1187,1222,1
split_04,4,train,2937,3194,0
split_04,4,train,2046,2170,0
split_04,4,train,427,436,1
split_04,4,train,2257,2412,0
split_04,4,train,767,788,1
split_04,4,train,2715,2947,0
split_04,4,train,1928,2025,0
split_04,4,train,929,955,1
split_04,4,train,1765,1832,0
split_04,4,train,1866,1954,0
split_04,4,train,711,730,1
split_04,4,train,3033,3304,0
split_04,4,train,477,487,1
split_04,4,train,2160,2300,0
split_04,4,train,538,552,1
split_04,4,train,3074,3353,0
split_04,4,train,150,154,1
split_04,4,train,76,78,1
split_04,4,train,1228,1263,1
split_04,4,train,146,149,1
split_04,4,train,923,949,1
split_04,4,train,3066,3344,0
split_04,4,train,672,690,1
split_04,4,train,3015,3283,0
split_04,4,train,277,284,1
split_04,4,train,218,224,1
split_04,4,train,2590,2796,0
split_04,4,train,464,474,1
split_04,4,train,1166,1201,1
split_04,4,train,2066,2195,0
split_04,4,train,2254,2408,0
split_04,4,train,2733,2967,0
split_04,4,train,1939,2037,0
split_04,4,train,824,845,1
split_04,4,train,1551,1588,1
split_04,4,train,225,231,1
split_04,4,train,3089,3368,0
split_04,4,train,2956,3213,0
split_04,4,train,1383,1419,1
split_04,4,train,1275,1310,1
split_04,4,train,2515,2707,0
split_04,4,train,1317,1352,1
split_04,4,train,3091,3370,0
split_04,4,train,750,771,1
split_04,4,train,1010,1038,1
split_04,4,train,123,125,1
split_04,4,train,2694,2925,0
split_04,4,train,2901,3153,0
split_04,4,train,1654,1708,1
split_04,4,train,188,192,1
split_04,4,train,2067,2196,0
split_04,4,train,214,220,1
split_04,4,train,1351,1387,1
split_04,4,train,1818,1898,0
split_04,4,train,2938,3195,0
split_04,4,train,450,460,1
split_04,4,train,2534,2728,0
split_04,4,train,3053,3330,0
split_04,4,train,1976,2081,0
split_04,4,train,1748,1814,0
split_04,4,train,336,345,1
split_04,4,train,569,584,1
split_04,4,train,2295,2459,0
split_04,4,train,993,1020,1
split_04,4,train,281,288,1
split_04,4,train,2597,2806,0
split_04,4,train,658,676,1
split_04,4,train,1236,1271,1
split_04,4,train,1884,1974,0
split_04,4,train,3144,3429,0
split_04,4,train,389,398,1
split_04,4,train,1725,1785,0
split_04,4,train,1695,1754,0
split_04,4,train,2865,3116,0
split_04,4,train,2855,3105,0
split_04,4,train,481,491,1
split_04,4,train,2200,2347,0
split_04,4,train,1498,1535,1
split_04,4,train,376,385,1
split_04,4,train,320,328,1
split_04,4,train,3147,3432,0
split_04,4,train,1472,1509,1
split_04,4,train,1703,1762,0
split_04,4,train,2056,2181,0
split_04,4,train,707,726,1
split_04,4,train,2779,3020,0
split_04,4,train,782,803,1
split_04,4,train,759,780,1
split_04,4,train,1445,1482,1
split_04,4,train,330,338,1
split_04,4,train,169,173,1
split_04,4,test,1302,1337,1
split_04,4,test,1160,1195,1
split_04,4,test,1782,1855,0
split_04,4,test,97,99,1
split_04,4,test,1403,1439,1
split_04,4,test,2784,3026,0
split_04,4,test,1086,1116,1
split_04,4,test,988,1015,1
split_04,4,test,1075,1104,1
split_04,4,test,646,664,1
split_04,4,test,2364,2535,0
split_04,4,test,2082,2214,0
split_04,4,test,2384,2560,0
split_04,4,test,1906,2002,0
split_04,4,test,1063,1092,1
split_04,4,test,2827,3074,0
split_04,4,test,1896,1988,0
split_04,4,test,1665,1719,1
split_04,4,test,1753,1820,0
split_04,4,test,1003,1030,1
split_04,4,test,1220,1255,1
split_04,4,test,50,52,1
split_04,4,test,1182,1217,1
split_04,4,test,1415,1451,1
split_04,4,test,2800,3044,0
split_04,4,test,26,27,1
split_04,4,test,1315,1350,1
split_04,4,test,2737,2973,0
split_04,4,test,677,695,1
split_04,4,test,1925,2022,0
split_04,4,test,2081,2213,0
split_04,4,test,1306,1341,1
split_04,4,test,1798,1875,0
split_04,4,test,1050,1078,1
split_04,4,test,2416,2595,0
split_04,4,test,581,596,1
split_04,4,test,1746,1812,0
split_04,4,test,201,207,1
split_04,4,test,15,16,1
split_04,4,test,1174,1209,1
split_04,4,test,1524,1561,1
split_04,4,test,3131,3416,0
split_04,4,test,1607,1646,1
split_04,4,test,195,201,1
split_04,4,test,2713,2945,0
split_04,4,test,1660,1714,1
split_04,4,test,2749,2985,0
split_04,4,test,2294,2458,0
split_04,4,test,1825,1905,0
split_04,4,test,1274,1309,1
split_04,4,test,2342,2513,0
split_04,4,test,1849,1935,0
split_04,4,test,1076,1105,1
split_04,4,test,773,794,1
split_04,4,test,1690,1748,0
split_04,4,test,676,694,1
split_04,4,test,1993,2102,0
split_04,4,test,308,316,1
split_04,4,test,1865,1953,0
split_04,4,test,363,372,1
split_04,4,test,589,604,1
split_04,4,test,692,710,1
split_04,4,test,1981,2087,0
split_04,4,test,1437,1474,1
split_04,4,test,1777,1849,0
split_04,4,test,2623,2841,0
split_04,4,test,2052,2177,0
split_04,4,test,663,681,1
split_04,4,test,2846,3095,0
split_04,4,test,1771,1840,0
split_04,4,test,1788,1861,0
split_04,4,test,379,388,1
split_04,4,test,2651,2873,0
split_04,4,test,887,909,1
split_04,4,test,2747,2983,0
split_04,4,test,263,269,1
split_04,4,test,1044,1072,1
split_04,4,test,2353,2524,0
split_04,4,test,2525,2719,0
split_04,4,test,695,713,1
split_04,4,test,2888,3139,0
split_04,4,test,1750,1817,0
split_04,4,test,2482,2668,0
split_04,4,test,168,172,1
split_04,4,test,910,935,1
split_04,4,test,2227,2378,0
split_04,4,test,2040,2164,0
split_04,4,test,1405,1441,1
split_04,4,test,2164,2306,0
split_04,4,test,3083,3362,0
split_04,4,test,1841,1924,0
split_04,4,test,1165,1200,1
split_04,4,test,1335,1370,1
split_04,4,test,1252,1287,1
split_04,4,test,1099,1131,1
split_04,4,test,739,759,1
split_04,4,test,82,84,1
split_04,4,test,2626,2845,0
split_04,4,test,2579,2784,0
split_04,4,test,2928,3184,0
split_04,4,test,253,259,1
split_04,4,test,1715,1775,0
split_04,4,test,1606,1645,1
split_04,4,test,1659,1713,1
split_04,4,test,2255,2409,0
split_04,4,test,2048,2172,0
split_04,4,test,384,393,1
split_04,4,test,3048,3322,0
split_04,4,test,1334,1369,1
split_04,4,test,1869,1958,0
split_04,4,test,3030,3300,0
split_04,4,test,760,781,1
split_04,4,test,394,403,1
split_04,4,test,435,444,1
split_04,4,test,1576,1613,1
split_04,4,test,727,747,1
split_04,4,test,416,425,1
split_04,4,test,1429,1466,1
split_04,4,test,120,122,1
split_04,4,test,2484,2670,0
split_04,4,test,856,877,1
split_04,4,test,111,113,1
split_04,4,test,659,677,1
split_04,4,test,1547,1584,1
split_04,4,test,2654,2878,0
split_04,4,test,37,38,1
split_04,4,test,3008,3276,0
split_04,4,test,2279,2438,0
split_04,4,test,2194,2340,0
split_04,4,test,992,1019,1
split_04,4,test,2242,2395,0
split_04,4,test,1389,1425,1
split_04,4,test,1792,1867,0
split_04,4,test,12,13,1
split_04,4,test,2291,2455,0
split_04,4,test,628,644,1
split_04,4,test,667,685,1
split_04,4,test,1230,1265,1
split_04,4,test,2677,2904,0
split_04,4,test,2878,3129,0
split_04,4,test,3034,3305,0
split_04,4,test,1687,1745,0
split_04,4,test,657,675,1
split_04,4,test,2822,3068,0
split_04,4,test,1031,1059,1
split_04,4,test,2547,2743,0
split_04,4,test,2155,2295,0
split_04,4,test,1698,1757,0
split_04,4,test,2083,2215,0
split_04,4,test,1206,1241,1
split_04,4,test,290,298,1
split_04,4,test,2362,2533,0
split_04,4,test,3043,3317,0
split_04,4,test,1552,1589,1
split_04,4,test,528,540,1
split_04,4,test,593,608,1
split_04,4,test,1809,1887,0
split_04,4,test,2661,2885,0
split_04,4,test,465,475,1
split_04,4,test,2167,2309,0
split_04,4,test,2099,2234,0
split_04,4,test,642,659,1
split_04,4,test,2120,2256,0
split_04,4,test,501,512,1
split_04,4,test,2068,2197,0
split_04,4,test,210,216,1
split_04,4,test,1502,1539,1
split_04,4,test,2638,2858,0
split_04,4,test,2682,2912,0
split_04,4,test,2036,2159,0
split_04,4,test,2252,2405,0
split_04,4,test,798,819,1
split_04,4,test,261,267,1
split_04,4,test,1667,1721,1
split_04,4,test,539,553,1
split_04,4,test,47,49,1
split_04,4,test,1125,1158,1
split_04,4,test,420,429,1
split_04,4,test,686,704,1
split_04,4,test,86,88,1
split_04,4,test,1491,1528,1
split_04,4,test,2035,2158,0
split_04,4,test,3159,3449,0
split_04,4,test,121,123,1
split_04,4,test,2600,2812,0
split_04,4,test,758,779,1
split_04,4,test,1485,1522,1
split_04,4,test,1089,1120,1
split_04,4,test,2277,2435,0
split_04,4,test,1936,2034,0
split_04,4,test,390,399,1
split_04,4,test,2812,3057,0
split_04,4,test,88,90,1
split_04,4,test,2166,2308,0
split_04,4,test,2422,2602,0
split_04,4,test,2778,3019,0
split_04,4,test,895,917,1
split_04,4,test,2483,2669,0
split_04,4,test,48,50,1
split_04,4,test,317,325,1
split_04,4,test,972,999,1
split_04,4,test,2697,2929,0
split_04,4,test,2523,2717,0
split_04,4,test,1774,1846,0
split_04,4,test,3026,3296,0
split_04,4,test,1284,1319,1
split_04,4,test,1083,1113,1
split_04,4,test,1948,2048,0
split_04,4,test,1569,1606,1
split_04,4,test,1988,2096,0
split_04,4,test,2833,3081,0
split_04,4,test,605,620,1
split_04,4,test,2026,2149,0
split_04,4,test,2033,2156,0
split_04,4,test,2298,2466,0
split_04,4,test,1207,1242,1
split_04,4,test,2725,2958,0
split_04,4,test,774,795,1
split_04,4,test,1404,1440,1
split_04,4,test,1672,1726,1
split_04,4,test,2502,2688,0
split_04,4,test,587,602,1
split_04,4,test,1266,1301,1
split_04,4,test,1175,1210,1
split_04,4,test,1870,1960,0
split_04,4,test,2884,3135,0
split_04,4,test,2706,2938,0
split_04,4,test,1907,2003,0
split_04,4,test,2208,2358,0
split_04,4,test,2887,3138,0
split_04,4,test,300,308,1
split_04,4,test,106,108,1
split_04,4,test,1544,1581,1
split_04,4,test,2630,2849,0
split_04,4,test,1397,1433,1
split_04,4,test,1516,1553,1
split_04,4,test,2148,2287,0
split_04,4,test,2844,3093,0
split_04,4,test,2392,2568,0
split_04,4,test,865,887,1
split_04,4,test,2959,3217,0
split_04,4,test,717,736,1
split_04,4,test,1018,1046,1
split_04,4,test,1963,2067,0
split_04,4,test,564,579,1
split_04,4,test,1813,1892,0
split_04,4,test,1621,1666,1
split_04,4,test,1965,2069,0
split_04,4,test,911,936,1
split_04,4,test,873,895,1
split_04,4,test,2716,2948,0
split_04,4,test,1349,1385,1
split_04,4,test,7,8,1
split_04,4,test,2647,2869,0
split_04,4,test,1530,1567,1
split_04,4,test,2796,3040,0
split_04,4,test,1891,1982,0
split_04,4,test,2601,2814,0
split_04,4,test,1310,1345,1
split_04,4,test,1055,1083,1
split_04,4,test,575,590,1
split_04,4,test,506,517,1
split_04,4,test,496,507,1
split_04,4,test,1901,1996,0
split_04,4,test,2885,3136,0
split_04,4,test,2300,2468,0
split_04,4,test,2272,2429,0
split_04,4,test,2674,2901,0
split_04,4,test,159,163,1
split_04,4,test,20,21,1
split_04,4,test,1731,1792,0
split_04,4,test,220,226,1
split_04,4,test,2821,3067,0
split_04,4,test,602,617,1
split_04,4,test,2230,2381,0
split_04,4,test,1916,2012,0
split_04,4,test,670,688,1
split_04,4,test,99,101,1
split_04,4,test,3096,3377,0
split_04,4,test,701,720,1
split_04,4,test,14,15,1
split_04,4,test,2411,2590,0
split_04,4,test,32,33,1
split_04,4,test,2122,2258,0
split_04,4,test,3151,3438,0
split_04,4,test,2514,2702,0
split_04,4,test,737,757,1
split_04,4,test,1393,1429,1
split_04,4,test,2984,3248,0
split_04,4,test,1047,1075,1
split_04,4,test,2951,3208,0
split_04,4,test,156,160,1
split_04,4,test,1574,1611,1
split_04,4,test,222,228,1
split_04,4,test,1450,1487,1
split_04,4,test,2212,2362,0
split_04,4,test,2282,2441,0
split_04,4,test,3035,3306,0
split_04,4,test,1757,1824,0
split_04,4,test,2054,2179,0
split_04,4,test,1821,1901,0
split_04,4,test,2634,2853,0
split_04,4,test,674,692,1
split_04,4,test,1279,1314,1
split_04,4,test,1679,1733,1
split_04,4,test,1457,1494,1
split_04,4,test,2847,3096,0
split_04,4,test,1439,1476,1
split_04,4,test,1722,1782,0
split_04,4,test,1419,1456,1
split_04,4,test,2611,2825,0
split_04,4,test,16,17,1
split_04,4,test,331,339,1
split_04,4,test,1392,1428,1
split_04,4,test,2628,2847,0
split_04,4,test,1878,1968,0
split_04,4,test,1998,2108,0
split_04,4,test,246,252,1
split_04,4,test,2053,2178,0
split_04,4,test,1776,1848,0
split_04,4,test,350,359,1
split_04,4,test,2209,2359,0
split_04,4,test,260,266,1
split_04,4,test,413,422,1
split_04,4,test,2430,2611,0
split_04,4,test,25,26,1
split_04,4,test,2494,2680,0
split_04,4,test,3067,3345,0
split_04,4,test,2341,2512,0
split_04,4,test,3143,3428,0
split_04,4,test,2027,2150,0
split_04,4,test,1027,1055,1
split_04,4,test,117,119,1
split_04,4,test,639,656,1
split_04,4,test,2955,3212,0
split_04,4,test,2380,2555,0
split_04,4,test,789,810,1
split_04,4,test,1573,1610,1
split_04,4,test,2029,2152,0
split_04,4,test,1142,1176,1
split_04,4,test,2519,2713,0
split_04,4,test,2607,2820,0
split_04,4,test,324,332,1
split_04,4,test,280,287,1
split_04,4,test,930,956,1
split_04,4,test,549,564,1
split_04,4,test,3138,3423,0
split_04,4,test,2942,3199,0
split_04,4,test,534,547,1
split_04,4,test,904,928,1
split_04,4,test,2462,2648,0
split_04,4,test,1079,1108,1
split_04,4,test,460,470,1
split_04,4,test,1443,1480,1
split_04,4,test,1217,1252,1
split_04,4,test,1487,1524,1
split_04,4,test,3124,3407,0
split_04,4,test,991,1018,1
split_04,4,test,2156,2296,0
split_04,4,test,1967,2071,0
split_04,4,test,1861,1948,0
split_04,4,test,2568,2770,0
split_04,4,test,2616,2831,0
split_04,4,test,262,268,1
split_04,4,test,307,315,1
split_04,4,test,981,1008,1
split_04,4,test,2303,2472,0
split_04,4,test,2178,2320,0
split_04,4,test,2700,2932,0
split_04,4,test,309,317,1
split_04,4,test,2591,2797,0
split_04,4,test,608,623,1
split_04,4,test,9,10,1
split_04,4,test,2830,3077,0
split_04,4,test,1855,1941,0
split_04,4,test,2240,2392,0
split_04,4,test,1616,1659,1
split_04,4,test,1572,1609,1
split_04,4,test,2439,2622,0
split_04,4,test,529,542,1
split_04,4,test,1053,1081,1
split_04,4,test,2963,3222,0
split_04,4,test,1656,1710,1
split_04,4,test,881,903,1
split_04,4,test,1762,1829,0
split_04,4,test,1596,1635,1
split_04,4,test,618,633,1
split_04,4,test,1009,1037,1
split_04,4,test,807,828,1
split_04,4,test,2179,2321,0
split_04,4,test,1977,2082,0
split_04,4,test,2760,2998,0
split_04,4,test,2620,2836,0
split_04,4,test,1280,1315,1
split_04,4,test,1398,1434,1
split_04,4,test,2182,2326,0
split_04,4,test,885,907,1
split_04,4,test,2916,3170,0
split_04,4,test,1462,1499,1
split_04,4,test,1464,1501,1
split_04,4,test,2915,3169,0
split_04,4,test,185,189,1
split_04,4,test,33,34,1
split_04,4,test,3057,3335,0
split_04,4,test,202,208,1
split_04,4,test,2615,2830,0
split_04,4,test,2649,2871,0
split_04,4,test,1770,1839,0
split_04,4,test,964,990,1
split_04,4,test,1426,1463,1
split_04,4,test,2104,2239,0
split_04,4,test,2860,3111,0
split_04,4,test,2092,2227,0
split_04,4,test,1882,1972,0
split_04,4,test,1539,1576,1
split_04,4,test,141,144,1
split_04,4,test,1418,1455,1
split_04,4,test,333,342,1
split_04,4,test,199,205,1
split_04,4,test,902,925,1
split_04,4,test,1513,1550,1
split_04,4,test,957,983,1
split_04,4,test,430,439,1
split_04,4,test,3123,3406,0
split_04,4,test,1756,1823,0
split_04,4,test,1042,1070,1
split_04,4,test,484,494,1
split_04,4,test,2636,2856,0
split_04,4,test,1718,1778,0
split_04,4,test,2312,2481,0
split_04,4,test,2477,2663,0
split_04,4,test,2948,3205,0
split_04,4,test,3004,3270,0
split_04,4,test,1139,1173,1
split_04,4,test,2144,2282,0
split_04,4,test,471,481,1
split_04,4,test,3078,3357,0
split_04,4,test,1016,1044,1
split_04,4,test,804,825,1
split_04,4,test,2258,2413,0
split_04,4,test,3122,3405,0
split_04,4,test,533,546,1
split_04,4,test,80,82,1
split_04,4,test,799,820,1
split_04,4,test,1342,1378,1
split_04,4,test,1014,1042,1
split_04,4,test,2134,2271,0
split_04,4,test,2831,3079,0
split_04,4,test,1888,1979,0
split_04,4,test,2480,2666,0
split_04,4,test,748,769,1
split_04,4,test,124,126,1
split_04,4,test,1307,1342,1
split_04,4,test,2923,3177,0
split_04,4,test,2012,2131,0
split_04,4,test,527,539,1
split_04,4,test,2894,3146,0
split_04,4,test,2771,3012,0
split_04,4,test,893,915,1
split_04,4,test,2050,2175,0
split_04,4,test,1893,1984,0
split_04,4,test,1025,1053,1
split_04,4,test,854,875,1
split_04,4,test,2184,2328,0
split_04,4,test,2845,3094,0
split_04,4,test,1282,1317,1
split_04,4,test,2801,3045,0
split_04,4,test,116,118,1
split_04,4,test,2988,3252,0
split_04,4,test,2583,2788,0
split_04,4,test,1341,1377,1
split_04,4,test,1385,1421,1
split_04,4,test,1346,1382,1
split_04,4,test,2478,2664,0
split_04,4,test,1058,1087,1
split_04,4,test,1451,1488,1
split_04,4,test,2653,2877,0
split_04,4,test,1119,1152,1
split_04,4,test,1177,1212,1
split_04,4,test,203,209,1
split_04,4,test,1934,2031,0
split_04,4,test,2198,2345,0
split_04,4,test,779,800,1
split_04,4,test,482,492,1
split_04,4,test,806,827,1
split_04,4,test,503,514,1
split_04,4,test,882,904,1
split_04,4,test,1720,1780,0
split_04,4,test,1312,1347,1
split_04,4,test,563,578,1
split_04,4,test,1605,1644,1
split_04,4,test,678,696,1
split_04,4,test,1309,1344,1
split_04,4,test,1271,1306,1
split_04,4,test,52,54,1
split_04,4,test,879,901,1
split_04,4,test,1453,1490,1
split_04,4,test,3012,3280,0
split_04,4,test,700,719,1
split_04,4,test,1421,1458,1
split_04,4,test,791,812,1
split_04,4,test,2332,2502,0
split_04,4,test,2317,2486,0
split_04,4,test,3049,3324,0
split_04,4,test,65,67,1
split_04,4,test,820,841,1
split_04,4,test,2495,2681,0
split_04,4,test,566,581,1
split_04,4,test,1783,1856,0
split_04,4,test,2284,2448,0
split_04,4,test,2810,3055,0
split_04,4,test,161,165,1
split_04,4,test,2440,2623,0
split_04,4,test,1060,1089,1
split_04,4,test,505,516,1
split_04,4,test,1152,1186,1
split_04,4,test,226,232,1
split_04,4,test,1682,1739,0
split_04,4,test,1123,1156,1
split_04,4,test,27,28,1
split_04,4,test,2485,2671,0
split_04,4,test,1668,1722,1
split_04,4,test,3080,3359,0
split_04,4,test,100,102,1
split_04,4,test,2076,2208,0
split_04,4,test,2599,2808,0
split_04,4,test,2335,2505,0
split_04,4,test,1322,1357,1
split_04,4,test,449,459,1
split_04,4,test,2235,2386,0
split_04,4,test,2891,3142,0
split_04,4,test,792,813,1
split_04,4,test,3052,3328,0
split_04,4,test,1766,1833,0
split_04,4,test,3112,3395,0
split_04,4,test,451,461,1
split_04,4,test,2000,2110,0
split_04,4,test,77,79,1
split_04,4,test,2890,3141,0
split_04,4,test,1355,1391,1
split_04,4,test,398,407,1
split_04,4,test,2550,2747,0
split_04,4,test,179,183,1
split_04,4,test,1300,1335,1
split_04,4,test,3021,3290,0
split_04,4,test,897,919,1
split_04,4,test,412,421,1
split_04,4,test,0,1,1
split_04,4,test,687,705,1
split_04,4,test,495,506,1
split_04,4,test,421,430,1
split_04,4,test,2953,3210,0
split_04,4,test,1560,1597,1
split_04,4,test,1789,1864,0
split_04,4,test,845,866,1
split_04,4,test,959,985,1
split_04,4,test,565,580,1
split_04,4,test,1391,1427,1
split_04,4,test,2902,3154,0
split_04,4,test,1238,1273,1
split_04,4,test,1902,1997,0
split_04,4,test,198,204,1
split_04,4,test,3081,3360,0
split_04,4,test,13,14,1
split_04,4,test,2062,2190,0
split_04,4,test,2326,2495,0
split_04,4,test,1221,1256,1
split_04,4,test,3168,3464,0
split_04,4,test,891,913,1
split_04,4,test,2646,2868,0
split_04,4,test,2690,2920,0
split_04,4,test,2551,2748,0
split_04,4,test,1700,1759,0
split_04,4,test,3164,3460,0
split_04,4,test,1767,1836,0
split_04,4,test,2561,2762,0
split_04,4,test,2330,2500,0
split_04,4,test,869,891,1
split_04,4,test,1348,1384,1
split_04,4,test,2088,2222,0
split_04,4,test,2966,3226,0
split_04,4,test,2044,2168,0
split_04,4,test,2113,2248,0
split_04,4,test,2608,2821,0
split_04,4,test,968,994,1
split_04,4,test,822,843,1
split_04,4,test,1625,1673,1
split_04,4,test,2773,3014,0
split_04,4,test,2292,2456,0
split_04,4,test,1408,1444,1
split_04,4,test,2967,3227,0
split_04,4,test,166,170,1
split_04,4,test,2826,3073,0
split_04,4,test,1188,1223,1
split_04,4,test,2358,2529,0
split_04,4,test,2746,2982,0
split_04,4,test,22,23,1
split_04,4,test,2109,2244,0
split_04,4,test,797,818,1
split_04,4,test,1696,1755,0
split_04,4,test,2170,2312,0
split_04,4,test,1368,1404,1
split_04,4,test,796,817,1
split_04,4,test,1085,1115,1
split_04,4,test,2405,2584,0
split_04,4,test,2793,3037,0
split_04,4,test,614,629,1
split_04,4,test,342,351,1
split_04,4,test,631,648,1
split_04,4,test,341,350,1
split_04,4,test,980,1007,1
split_04,4,test,1170,1205,1
split_04,4,test,1140,1174,1
split_04,4,test,1837,1918,0
split_04,4,test,1156,1190,1
split_04,4,test,469,479,1
split_04,4,test,71,73,1
split_04,4,test,2450,2635,0
split_04,4,test,1436,1473,1
split_04,4,test,68,70,1
split_04,4,test,2398,2575,0
split_04,4,test,655,673,1
split_04,4,test,3155,3444,0
split_04,4,test,2962,3221,0
split_04,4,test,1361,1397,1
split_04,4,test,656,674,1
split_04,4,test,2045,2169,0
split_04,4,test,2372,2543,0
split_04,4,test,2673,2900,0
split_04,4,test,2764,3005,0
split_04,4,test,517,528,1
split_04,4,test,2432,2614,0
split_04,4,test,518,529,1
split_04,4,test,524,536,1
split_04,4,test,1194,1229,1
split_05,5,train,1147,1181,1
split_05,5,train,1724,1784,0
split_05,5,train,1937,2035,0
split_05,5,train,355,364,1
split_05,5,train,1984,2090,0
split_05,5,train,437,446,1
split_05,5,train,2099,2234,0
split_05,5,train,1700,1759,0
split_05,5,train,1896,1988,0
split_05,5,train,2058,2184,0
split_05,5,train,2270,2427,0
split_05,5,train,28,29,1
split_05,5,train,713,732,1
split_05,5,train,3032,3302,0
split_05,5,train,1346,1382,1
split_05,5,train,1300,1335,1
split_05,5,train,2779,3020,0
split_05,5,train,2175,2317,0
split_05,5,train,782,803,1
split_05,5,train,1392,1428,1
split_05,5,train,1372,1408,1
split_05,5,train,2461,2646,0
split_05,5,train,1233,1268,1
split_05,5,train,826,847,1
split_05,5,train,2776,3017,0
split_05,5,train,1679,1733,1
split_05,5,train,874,896,1
split_05,5,train,1895,1987,0
split_05,5,train,2011,2130,0
split_05,5,train,1075,1104,1
split_05,5,train,2430,2611,0
split_05,5,train,93,95,1
split_05,5,train,142,145,1
split_05,5,train,712,731,1
split_05,5,train,2327,2496,0
split_05,5,train,979,1006,1
split_05,5,train,1353,1389,1
split_05,5,train,2416,2595,0
split_05,5,train,2199,2346,0
split_05,5,train,1916,2012,0
split_05,5,train,2247,2400,0
split_05,5,train,3144,3429,0
split_05,5,train,2389,2565,0
split_05,5,train,222,228,1
split_05,5,train,1025,1053,1
split_05,5,train,83,85,1
split_05,5,train,1376,1412,1
split_05,5,train,2632,2851,0
split_05,5,train,1415,1451,1
split_05,5,train,1758,1825,0
split_05,5,train,33,34,1
split_05,5,train,1859,1946,0
split_05,5,train,1945,2043,0
split_05,5,train,823,844,1
split_05,5,train,2399,2576,0
split_05,5,train,1844,1929,0
split_05,5,train,2193,2339,0
split_05,5,train,3152,3439,0
split_05,5,train,305,313,1
split_05,5,train,2248,2401,0
split_05,5,train,1940,2038,0
split_05,5,train,473,483,1
split_05,5,train,1405,1441,1
split_05,5,train,2553,2752,0
split_05,5,train,2622,2838,0
split_05,5,train,52,54,1
split_05,5,train,2877,3128,0
split_05,5,train,698,717,1
split_05,5,train,752,773,1
split_05,5,train,2664,2888,0
split_05,5,train,1222,1257,1
split_05,5,train,452,462,1
split_05,5,train,87,89,1
split_05,5,train,2072,2203,0
split_05,5,train,1388,1424,1
split_05,5,train,2154,2294,0
split_05,5,train,3094,3375,0
split_05,5,train,933,959,1
split_05,5,train,322,330,1
split_05,5,train,2876,3127,0
split_05,5,train,286,294,1
split_05,5,train,325,333,1
split_05,5,train,2438,2621,0
split_05,5,train,755,776,1
split_05,5,train,1184,1219,1
split_05,5,train,291,299,1
split_05,5,train,1713,1773,0
split_05,5,train,2249,2402,0
split_05,5,train,79,81,1
split_05,5,train,1033,1061,1
split_05,5,train,2305,2474,0
split_05,5,train,591,606,1
split_05,5,train,2062,2190,0
split_05,5,train,1991,2100,0
split_05,5,train,2672,2899,0
split_05,5,train,3081,3360,0
split_05,5,train,2979,3242,0
split_05,5,train,2874,3125,0
split_05,5,train,2075,2207,0
split_05,5,train,2653,2877,0
split_05,5,train,248,254,1
split_05,5,train,1923,2019,0
split_05,5,train,650,668,1
split_05,5,train,164,168,1
split_05,5,train,1703,1762,0
split_05,5,train,2880,3131,0
split_05,5,train,3107,3390,0
split_05,5,train,2796,3040,0
split_05,5,train,61,63,1
split_05,5,train,894,916,1
split_05,5,train,157,161,1
split_05,5,train,1470,1507,1
split_05,5,train,65,67,1
split_05,5,train,2578,2783,0
split_05,5,train,3104,3387,0
split_05,5,train,76,78,1
split_05,5,train,644,661,1
split_05,5,train,1864,1951,0
split_05,5,train,2032,2155,0
split_05,5,train,321,329,1
split_05,5,train,320,328,1
split_05,5,train,1657,1711,1
split_05,5,train,1876,1966,0
split_05,5,train,3005,3271,0
split_05,5,train,897,919,1
split_05,5,train,150,154,1
split_05,5,train,282,289,1
split_05,5,train,1770,1839,0
split_05,5,train,1620,1665,1
split_05,5,train,1641,1691,1
split_05,5,train,2152,2291,0
split_05,5,train,2184,2328,0
split_05,5,train,851,872,1
split_05,5,train,1792,1867,0
split_05,5,train,2348,2519,0
split_05,5,train,15,16,1
split_05,5,train,397,406,1
split_05,5,train,1185,1220,1
split_05,5,train,992,1019,1
split_05,5,train,2173,2315,0
split_05,5,train,2063,2191,0
split_05,5,train,2439,2622,0
split_05,5,train,1466,1503,1
split_05,5,train,802,823,1
split_05,5,train,801,822,1
split_05,5,train,244,250,1
split_05,5,train,1462,1499,1
split_05,5,train,2524,2718,0
split_05,5,train,195,201,1
split_05,5,train,458,468,1
split_05,5,train,444,453,1
split_05,5,train,3096,3377,0
split_05,5,train,1449,1486,1
split_05,5,train,2848,3097,0
split_05,5,train,1382,1418,1
split_05,5,train,3158,3448,0
split_05,5,train,2283,2442,0
split_05,5,train,2318,2487,0
split_05,5,train,2783,3024,0
split_05,5,train,692,710,1
split_05,5,train,2428,2609,0
split_05,5,train,3043,3317,0
split_05,5,train,2981,3244,0
split_05,5,train,2365,2536,0
split_05,5,train,2520,2714,0
split_05,5,train,30,31,1
split_05,5,train,234,240,1
split_05,5,train,235,241,1
split_05,5,train,2828,3075,0
split_05,5,train,450,460,1
split_05,5,train,1430,1467,1
split_05,5,train,2552,2749,0
split_05,5,train,2196,2343,0
split_05,5,train,307,315,1
split_05,5,train,2658,2882,0
split_05,5,train,722,741,1
split_05,5,train,1860,1947,0
split_05,5,train,289,297,1
split_05,5,train,1568,1605,1
split_05,5,train,1798,1875,0
split_05,5,train,2747,2983,0
split_05,5,train,2665,2889,0
split_05,5,train,1225,1260,1
split_05,5,train,2924,3178,0
split_05,5,train,2455,2640,0
split_05,5,train,2230,2381,0
split_05,5,train,1708,1767,0
split_05,5,train,2906,3159,0
split_05,5,train,270,277,1
split_05,5,train,1808,1886,0
split_05,5,train,1262,1297,1
split_05,5,train,1124,1157,1
split_05,5,train,828,849,1
split_05,5,train,2492,2678,0
split_05,5,train,2964,3223,0
split_05,5,train,2569,2772,0
split_05,5,train,1497,1534,1
split_05,5,train,2570,2773,0
split_05,5,train,700,719,1
split_05,5,train,262,268,1
split_05,5,train,1633,1681,1
split_05,5,train,85,87,1
split_05,5,train,2865,3116,0
split_05,5,train,1404,1440,1
split_05,5,train,734,754,1
split_05,5,train,1777,1849,0
split_05,5,train,781,802,1
split_05,5,train,534,547,1
split_05,5,train,1825,1905,0
split_05,5,train,736,756,1
split_05,5,train,317,325,1
split_05,5,train,586,601,1
split_05,5,train,3007,3275,0
split_05,5,train,2083,2215,0
split_05,5,train,1013,1041,1
split_05,5,train,2506,2692,0
split_05,5,train,2857,3107,0
split_05,5,train,975,1002,1
split_05,5,train,3157,3447,0
split_05,5,train,3030,3300,0
split_05,5,train,742,762,1
split_05,5,train,2646,2868,0
split_05,5,train,2952,3209,0
split_05,5,train,2359,2530,0
split_05,5,train,2264,2420,0
split_05,5,train,2733,2967,0
split_05,5,train,2725,2958,0
split_05,5,train,137,140,1
split_05,5,train,1412,1448,1
split_05,5,train,1249,1284,1
split_05,5,train,2846,3095,0
split_05,5,train,1452,1489,1
split_05,5,train,1273,1308,1
split_05,5,train,1323,1358,1
split_05,5,train,883,905,1
split_05,5,train,1971,2076,0
split_05,5,train,1120,1153,1
split_05,5,train,2436,2618,0
split_05,5,train,285,293,1
split_05,5,train,1804,1881,0
split_05,5,train,163,167,1
split_05,5,train,2667,2893,0
split_05,5,train,811,832,1
split_05,5,train,824,845,1
split_05,5,train,416,425,1
split_05,5,train,757,778,1
split_05,5,train,1015,1043,1
split_05,5,train,2085,2218,0
split_05,5,train,711,730,1
split_05,5,train,2121,2257,0
split_05,5,train,1163,1198,1
split_05,5,train,1514,1551,1
split_05,5,train,215,221,1
split_05,5,train,2710,2942,0
split_05,5,train,2901,3153,0
split_05,5,train,806,827,1
split_05,5,train,1730,1791,0
split_05,5,train,920,945,1
split_05,5,train,2357,2528,0
split_05,5,train,513,524,1
split_05,5,train,456,466,1
split_05,5,train,2557,2757,0
split_05,5,train,1925,2022,0
split_05,5,train,1084,1114,1
split_05,5,train,582,597,1
split_05,5,train,327,335,1
split_05,5,train,471,481,1
split_05,5,train,2805,3049,0
split_05,5,train,723,742,1
split_05,5,train,925,951,1
split_05,5,train,2617,2833,0
split_05,5,train,708,727,1
split_05,5,train,237,243,1
split_05,5,train,2912,3166,0
split_05,5,train,153,157,1
split_05,5,train,2427,2608,0
split_05,5,train,1619,1664,1
split_05,5,train,468,478,1
split_05,5,train,2680,2908,0
split_05,5,train,1668,1722,1
split_05,5,train,1993,2102,0
split_05,5,train,803,824,1
split_05,5,train,819,840,1
split_05,5,train,1328,1363,1
split_05,5,train,396,405,1
split_05,5,train,2086,2220,0
split_05,5,train,623,639,1
split_05,5,train,2671,2898,0
split_05,5,train,2744,2980,0
split_05,5,train,547,562,1
split_05,5,train,2407,2586,0
split_05,5,train,1597,1636,1
split_05,5,train,1989,2097,0
split_05,5,train,170,174,1
split_05,5,train,1069,1098,1
split_05,5,train,2666,2891,0
split_05,5,train,1696,1755,0
split_05,5,train,3015,3283,0
split_05,5,train,1775,1847,0
split_05,5,train,1680,1734,0
split_05,5,train,2385,2561,0
split_05,5,train,1904,1999,0
split_05,5,train,1735,1796,0
split_05,5,train,1139,1173,1
split_05,5,train,263,269,1
split_05,5,train,2234,2385,0
split_05,5,train,1659,1713,1
split_05,5,train,918,943,1
split_05,5,train,3009,3277,0
split_05,5,train,2261,2417,0
split_05,5,train,1929,2026,0
split_05,5,train,2639,2859,0
split_05,5,train,3064,3342,0
split_05,5,train,329,337,1
split_05,5,train,1496,1533,1
split_05,5,train,673,691,1
split_05,5,train,2465,2651,0
split_05,5,train,691,709,1
split_05,5,train,3050,3325,0
split_05,5,train,3140,3425,0
split_05,5,train,2791,3035,0
split_05,5,train,686,704,1
split_05,5,train,1354,1390,1
split_05,5,train,1489,1526,1
split_05,5,train,2464,2650,0
split_05,5,train,642,659,1
split_05,5,train,1495,1532,1
split_05,5,train,1500,1537,1
split_05,5,train,1786,1859,0
split_05,5,train,417,426,1
split_05,5,train,1024,1052,1
split_05,5,train,2481,2667,0
split_05,5,train,1182,1217,1
split_05,5,train,2026,2149,0
split_05,5,train,2699,2931,0
split_05,5,train,2141,2279,0
split_05,5,train,505,516,1
split_05,5,train,1336,1371,1
split_05,5,train,1196,1231,1
split_05,5,train,1766,1833,0
split_05,5,train,1450,1487,1
split_05,5,train,1217,1252,1
split_05,5,train,1559,1596,1
split_05,5,train,1567,1604,1
split_05,5,train,1506,1543,1
split_05,5,train,2352,2523,0
split_05,5,train,1527,1564,1
split_05,5,train,2140,2278,0
split_05,5,train,2512,2699,0
split_05,5,train,3155,3444,0
split_05,5,train,2669,2896,0
split_05,5,train,2822,3068,0
split_05,5,train,1187,1222,1
split_05,5,train,702,721,1
split_05,5,train,2626,2845,0
split_05,5,train,1892,1983,0
split_05,5,train,3049,3324,0
split_05,5,train,105,107,1
split_05,5,train,352,361,1
split_05,5,train,1537,1574,1
split_05,5,train,3102,3383,0
split_05,5,train,192,197,1
split_05,5,train,739,759,1
split_05,5,train,2101,2236,0
split_05,5,train,401,410,1
split_05,5,train,2150,2289,0
split_05,5,train,476,486,1
split_05,5,train,409,418,1
split_05,5,train,556,571,1
split_05,5,train,598,613,1
split_05,5,train,2308,2477,0
split_05,5,train,1816,1895,0
split_05,5,train,2341,2512,0
split_05,5,train,1502,1539,1
split_05,5,train,1957,2060,0
split_05,5,train,1874,1964,0
split_05,5,train,1091,1123,1
split_05,5,train,1958,2061,0
split_05,5,train,518,529,1
split_05,5,train,1060,1089,1
split_05,5,train,1248,1283,1
split_05,5,train,2517,2709,0
split_05,5,train,1681,1737,0
split_05,5,train,1420,1457,1
split_05,5,train,487,497,1
split_05,5,train,1783,1856,0
split_05,5,train,2881,3132,0
split_05,5,train,1819,1899,0
split_05,5,train,2390,2566,0
split_05,5,train,670,688,1
split_05,5,train,1818,1898,0
split_05,5,train,2189,2334,0
split_05,5,train,2537,2732,0
split_05,5,train,472,482,1
split_05,5,train,936,962,1
split_05,5,train,2300,2468,0
split_05,5,train,3132,3417,0
split_05,5,train,1371,1407,1
split_05,5,train,560,575,1
split_05,5,train,3048,3322,0
split_05,5,train,1394,1430,1
split_05,5,train,1854,1940,0
split_05,5,train,1924,2020,0
split_05,5,train,3012,3280,0
split_05,5,train,1008,1036,1
split_05,5,train,2410,2589,0
split_05,5,train,1241,1276,1
split_05,5,train,595,610,1
split_05,5,train,384,393,1
split_05,5,train,875,897,1
split_05,5,train,1752,1819,0
split_05,5,train,2384,2560,0
split_05,5,train,577,592,1
split_05,5,train,1558,1595,1
split_05,5,train,1915,2011,0
split_05,5,train,1601,1640,1
split_05,5,train,2109,2244,0
split_05,5,train,1402,1438,1
split_05,5,train,1028,1056,1
split_05,5,train,389,398,1
split_05,5,train,1216,1251,1
split_05,5,train,1380,1416,1
split_05,5,train,2195,2341,0
split_05,5,train,568,583,1
split_05,5,train,2550,2747,0
split_05,5,train,2216,2367,0
split_05,5,train,1885,1975,0
split_05,5,train,864,886,1
split_05,5,train,328,336,1
split_05,5,train,2277,2435,0
split_05,5,train,3110,3393,0
split_05,5,train,2868,3119,0
split_05,5,train,1911,2007,0
split_05,5,train,2167,2309,0
split_05,5,train,1560,1597,1
split_05,5,train,1834,1915,0
split_05,5,train,2290,2454,0
split_05,5,train,1769,1838,0
split_05,5,train,1693,1751,0
split_05,5,train,1190,1225,1
split_05,5,train,281,288,1
split_05,5,train,130,132,1
split_05,5,train,2513,2700,0
split_05,5,train,448,458,1
split_05,5,train,2625,2843,0
split_05,5,train,891,913,1
split_05,5,train,2794,3038,0
split_05,5,train,3070,3348,0
split_05,5,train,2478,2664,0
split_05,5,train,2926,3182,0
split_05,5,train,1050,1078,1
split_05,5,train,1557,1594,1
split_05,5,train,2057,2182,0
split_05,5,train,1928,2025,0
split_05,5,train,133,136,1
split_05,5,train,1296,1331,1
split_05,5,train,2931,3187,0
split_05,5,train,426,435,1
split_05,5,train,1126,1159,1
split_05,5,train,1141,1175,1
split_05,5,train,49,51,1
split_05,5,train,1018,1046,1
split_05,5,train,202,208,1
split_05,5,train,469,479,1
split_05,5,train,1276,1311,1
split_05,5,train,1873,1963,0
split_05,5,train,2886,3137,0
split_05,5,train,2753,2990,0
split_05,5,train,2729,2963,0
split_05,5,train,48,50,1
split_05,5,train,1600,1639,1
split_05,5,train,2362,2533,0
split_05,5,train,151,155,1
split_05,5,train,2164,2306,0
split_05,5,train,2116,2252,0
split_05,5,train,2469,2655,0
split_05,5,train,3057,3335,0
split_05,5,train,753,774,1
split_05,5,train,2042,2166,0
split_05,5,train,1198,1233,1
split_05,5,train,2682,2912,0
split_05,5,train,2213,2364,0
split_05,5,train,55,57,1
split_05,5,train,514,525,1
split_05,5,train,1129,1162,1
split_05,5,train,1611,1652,1
split_05,5,train,660,678,1
split_05,5,train,892,914,1
split_05,5,train,403,412,1
split_05,5,train,2887,3138,0
split_05,5,train,718,737,1
split_05,5,train,2252,2405,0
split_05,5,train,544,559,1
split_05,5,train,2288,2452,0
split_05,5,train,2889,3140,0
split_05,5,train,2123,2259,0
split_05,5,train,3061,3339,0
split_05,5,train,357,366,1
split_05,5,train,77,79,1
split_05,5,train,1441,1478,1
split_05,5,train,2311,2480,0
split_05,5,train,2898,3150,0
split_05,5,train,2135,2272,0
split_05,5,train,2202,2349,0
split_05,5,train,2145,2283,0
split_05,5,train,2994,3259,0
split_05,5,train,2910,3164,0
split_05,5,train,1411,1447,1
split_05,5,train,2879,3130,0
split_05,5,train,2949,3206,0
split_05,5,train,917,942,1
split_05,5,train,2446,2631,0
split_05,5,train,935,961,1
split_05,5,train,2105,2240,0
split_05,5,train,1290,1325,1
split_05,5,train,2097,2232,0
split_05,5,train,973,1000,1
split_05,5,train,247,253,1
split_05,5,train,2156,2296,0
split_05,5,train,421,430,1
split_05,5,train,1886,1977,0
split_05,5,train,1832,1913,0
split_05,5,train,2678,2906,0
split_05,5,train,948,974,1
split_05,5,train,406,415,1
split_05,5,train,2334,2504,0
split_05,5,train,878,900,1
split_05,5,train,2767,3008,0
split_05,5,train,2930,3186,0
split_05,5,train,362,371,1
split_05,5,train,115,117,1
split_05,5,train,537,550,1
split_05,5,train,2600,2812,0
split_05,5,train,2056,2181,0
split_05,5,train,2863,3114,0
split_05,5,train,364,373,1
split_05,5,train,870,892,1
split_05,5,train,762,783,1
split_05,5,train,1332,1367,1
split_05,5,train,842,863,1
split_05,5,train,1663,1717,1
split_05,5,train,2002,2112,0
split_05,5,train,1331,1366,1
split_05,5,train,2657,2881,0
split_05,5,train,1856,1942,0
split_05,5,train,2612,2826,0
split_05,5,train,1734,1795,0
split_05,5,train,2459,2644,0
split_05,5,train,1396,1432,1
split_05,5,train,3170,3466,0
split_05,5,train,2183,2327,0
split_05,5,train,1983,2089,0
split_05,5,train,1134,1168,1
split_05,5,train,1509,1546,1
split_05,5,train,1307,1342,1
split_05,5,train,2741,2977,0
split_05,5,train,495,506,1
split_05,5,train,1884,1974,0
split_05,5,train,2969,3229,0
split_05,5,train,2309,2478,0
split_05,5,train,2016,2135,0
split_05,5,train,853,874,1
split_05,5,train,716,735,1
split_05,5,train,2717,2949,0
split_05,5,train,2001,2111,0
split_05,5,train,1113,1146,1
split_05,5,train,1881,1971,0
split_05,5,train,1570,1607,1
split_05,5,train,1002,1029,1
split_05,5,train,521,533,1
split_05,5,train,2285,2449,0
split_05,5,train,3010,3278,0
split_05,5,train,276,283,1
split_05,5,train,980,1007,1
split_05,5,train,1610,1651,1
split_05,5,train,2635,2854,0
split_05,5,train,914,939,1
split_05,5,train,1166,1201,1
split_05,5,train,344,353,1
split_05,5,train,1608,1647,1
split_05,5,train,96,98,1
split_05,5,train,2882,3133,0
split_05,5,train,2421,2601,0
split_05,5,train,2618,2834,0
split_05,5,train,75,77,1
split_05,5,train,1660,1714,1
split_05,5,train,1823,1903,0
split_05,5,train,2503,2689,0
split_05,5,train,740,760,1
split_05,5,train,2316,2485,0
split_05,5,train,1174,1209,1
split_05,5,train,1348,1384,1
split_05,5,train,1036,1064,1
split_05,5,train,240,246,1
split_05,5,train,2577,2782,0
split_05,5,train,605,620,1
split_05,5,train,1105,1138,1
split_05,5,train,68,70,1
split_05,5,train,1709,1768,0
split_05,5,train,2485,2671,0
split_05,5,train,1440,1477,1
split_05,5,train,259,265,1
split_05,5,train,271,278,1
split_05,5,train,2942,3199,0
split_05,5,train,541,555,1
split_05,5,train,1077,1106,1
split_05,5,train,1521,1558,1
split_05,5,train,2824,3070,0
split_05,5,train,491,501,1
split_05,5,train,1424,1461,1
split_05,5,train,2172,2314,0
split_05,5,train,1433,1470,1
split_05,5,train,584,599,1
split_05,5,train,1208,1243,1
split_05,5,train,138,141,1
split_05,5,train,2559,2759,0
split_05,5,train,2076,2208,0
split_05,5,train,2047,2171,0
split_05,5,train,2049,2174,0
split_05,5,train,633,650,1
split_05,5,train,2103,2238,0
split_05,5,train,2019,2138,0
split_05,5,train,1669,1723,1
split_05,5,train,3125,3409,0
split_05,5,train,60,62,1
split_05,5,train,2854,3104,0
split_05,5,train,1972,2077,0
split_05,5,train,645,663,1
split_05,5,train,1227,1262,1
split_05,5,train,2628,2847,0
split_05,5,train,2562,2763,0
split_05,5,train,641,658,1
split_05,5,train,1566,1603,1
split_05,5,train,1092,1124,1
split_05,5,train,565,580,1
split_05,5,train,3108,3391,0
split_05,5,train,1386,1422,1
split_05,5,train,2523,2717,0
split_05,5,train,2974,3234,0
split_05,5,train,2968,3228,0
split_05,5,train,1370,1406,1
split_05,5,train,2293,2457,0
split_05,5,train,2715,2947,0
split_05,5,train,434,443,1
split_05,5,train,3063,3341,0
split_05,5,train,2282,2441,0
split_05,5,train,1358,1394,1
split_05,5,train,2480,2666,0
split_05,5,train,960,986,1
split_05,5,train,2490,2676,0
split_05,5,train,1684,1741,0
split_05,5,train,1235,1270,1
split_05,5,train,3074,3353,0
split_05,5,train,278,285,1
split_05,5,train,2602,2815,0
split_05,5,train,2021,2140,0
split_05,5,train,516,527,1
split_05,5,train,2581,2786,0
split_05,5,train,2514,2702,0
split_05,5,train,2770,3011,0
split_05,5,train,1898,1990,0
split_05,5,train,145,148,1
split_05,5,train,1085,1115,1
split_05,5,train,2755,2992,0
split_05,5,train,658,676,1
split_05,5,train,168,172,1
split_05,5,train,2999,3264,0
split_05,5,train,178,182,1
split_05,5,train,457,467,1
split_05,5,train,1183,1218,1
split_05,5,train,1736,1798,0
split_05,5,train,407,416,1
split_05,5,train,356,365,1
split_05,5,train,1590,1629,1
split_05,5,train,1395,1431,1
split_05,5,train,1933,2030,0
split_05,5,train,2494,2680,0
split_05,5,train,2036,2159,0
split_05,5,train,2017,2136,0
split_05,5,train,2792,3036,0
split_05,5,train,2360,2531,0
split_05,5,train,820,841,1
split_05,5,train,2894,3146,0
split_05,5,train,255,261,1
split_05,5,train,1914,2010,0
split_05,5,train,334,343,1
split_05,5,train,3111,3394,0
split_05,5,train,431,440,1
split_05,5,train,1298,1333,1
split_05,5,train,121,123,1
split_05,5,train,181,185,1
split_05,5,train,3128,3413,0
split_05,5,train,2539,2734,0
split_05,5,train,1906,2002,0
split_05,5,train,697,716,1
split_05,5,train,1357,1393,1
split_05,5,train,1956,2059,0
split_05,5,train,3163,3459,0
split_05,5,train,1673,1727,1
split_05,5,train,123,125,1
split_05,5,train,1685,1742,0
split_05,5,train,3116,3399,0
split_05,5,train,2719,2951,0
split_05,5,train,861,883,1
split_05,5,train,3106,3389,0
split_05,5,train,2133,2269,0
split_05,5,train,266,272,1
split_05,5,train,3131,3416,0
split_05,5,train,1200,1235,1
split_05,5,train,158,162,1
split_05,5,train,3071,3349,0
split_05,5,train,480,490,1
split_05,5,train,2782,3023,0
split_05,5,train,2243,2396,0
split_05,5,train,92,94,1
split_05,5,train,2291,2455,0
split_05,5,train,779,800,1
split_05,5,train,2037,2160,0
split_05,5,train,2650,2872,0
split_05,5,train,2463,2649,0
split_05,5,train,2379,2554,0
split_05,5,train,411,420,1
split_05,5,train,2944,3201,0
split_05,5,train,538,552,1
split_05,5,train,1629,1677,1
split_05,5,train,2922,3176,0
split_05,5,train,751,772,1
split_05,5,train,2219,2370,0
split_05,5,train,882,904,1
split_05,5,train,774,795,1
split_05,5,train,335,344,1
split_05,5,train,1385,1421,1
split_05,5,train,1541,1578,1
split_05,5,train,2408,2587,0
split_05,5,train,2766,3007,0
split_05,5,train,793,814,1
split_05,5,train,1067,1096,1
split_05,5,train,2631,2850,0
split_05,5,train,3124,3407,0
split_05,5,train,1788,1861,0
split_05,5,train,1525,1562,1
split_05,5,train,880,902,1
split_05,5,train,3060,3338,0
split_05,5,train,2936,3193,0
split_05,5,train,2764,3005,0
split_05,5,train,580,595,1
split_05,5,train,2007,2119,0
split_05,5,train,419,428,1
split_05,5,train,2310,2479,0
split_05,5,train,1202,1237,1
split_05,5,train,1006,1034,1
split_05,5,train,2527,2721,0
split_05,5,train,3098,3379,0
split_05,5,train,353,362,1
split_05,5,train,58,60,1
split_05,5,train,2401,2578,0
split_05,5,train,264,270,1
split_05,5,train,3161,3457,0
split_05,5,train,581,596,1
split_05,5,train,830,851,1
split_05,5,train,2454,2639,0
split_05,5,train,50,52,1
split_05,5,train,2953,3210,0
split_05,5,train,2082,2214,0
split_05,5,train,921,947,1
split_05,5,train,2536,2731,0
split_05,5,train,29,30,1
split_05,5,train,1413,1449,1
split_05,5,train,879,901,1
split_05,5,train,807,828,1
split_05,5,train,724,743,1
split_05,5,train,567,582,1
split_05,5,train,2839,3087,0
split_05,5,train,546,561,1
split_05,5,train,2004,2115,0
split_05,5,train,3077,3356,0
split_05,5,train,2227,2378,0
split_05,5,train,2038,2161,0
split_05,5,train,817,838,1
split_05,5,train,2695,2927,0
split_05,5,train,111,113,1
split_05,5,train,2884,3135,0
split_05,5,train,1565,1602,1
split_05,5,train,1458,1495,1
split_05,5,train,1131,1165,1
split_05,5,train,1563,1600,1
split_05,5,train,2775,3016,0
split_05,5,train,2351,2522,0
split_05,5,train,1674,1728,1
split_05,5,train,1477,1514,1
split_05,5,train,2340,2511,0
split_05,5,train,2875,3126,0
split_05,5,train,1564,1601,1
split_05,5,train,2321,2490,0
split_05,5,train,358,367,1
split_05,5,train,1023,1051,1
split_05,5,train,1101,1133,1
split_05,5,train,1887,1978,0
split_05,5,train,2493,2679,0
split_05,5,train,3054,3331,0
split_05,5,train,1931,2028,0
split_05,5,train,120,122,1
split_05,5,train,449,459,1
split_05,5,train,668,686,1
split_05,5,train,2860,3111,0
split_05,5,train,1150,1184,1
split_05,5,train,3095,3376,0
split_05,5,train,1288,1323,1
split_05,5,train,1689,1747,0
split_05,5,train,175,179,1
split_05,5,train,66,68,1
split_05,5,train,7,8,1
split_05,5,train,1381,1417,1
split_05,5,train,1749,1816,0
split_05,5,train,1650,1704,1
split_05,5,train,1363,1399,1
split_05,5,train,2375,2548,0
split_05,5,train,609,624,1
split_05,5,train,839,860,1
split_05,5,train,2702,2934,0
split_05,5,train,1607,1646,1
split_05,5,train,2785,3027,0
split_05,5,train,2732,2966,0
split_05,5,train,3134,3419,0
split_05,5,train,1858,1945,0
split_05,5,train,1572,1609,1
split_05,5,train,900,923,1
split_05,5,train,3167,3463,0
split_05,5,train,536,549,1
split_05,5,train,1218,1253,1
split_05,5,train,112,114,1
split_05,5,train,1757,1824,0
split_05,5,train,1362,1398,1
split_05,5,train,607,622,1
split_05,5,train,464,474,1
split_05,5,train,1340,1376,1
split_05,5,train,12,13,1
split_05,5,train,315,323,1
split_05,5,train,125,127,1
split_05,5,train,951,977,1
split_05,5,train,3025,3295,0
split_05,5,train,1676,1730,1
split_05,5,train,1443,1480,1
split_05,5,train,1167,1202,1
split_05,5,train,2675,2902,0
split_05,5,train,2745,2981,0
split_05,5,train,3143,3428,0
split_05,5,train,1598,1637,1
split_05,5,train,2142,2280,0
split_05,5,train,3033,3304,0
split_05,5,train,3120,3403,0
split_05,5,train,8,9,1
split_05,5,train,3053,3330,0
split_05,5,train,1939,2037,0
split_05,5,train,1738,1800,0
split_05,5,train,3147,3432,0
split_05,5,train,2368,2539,0
split_05,5,train,1954,2055,0
split_05,5,train,194,199,1
split_05,5,train,2841,3090,0
split_05,5,train,1767,1836,0
split_05,5,train,942,968,1
split_05,5,train,1228,1263,1
split_05,5,train,719,738,1
split_05,5,train,1628,1676,1
split_05,5,train,249,255,1
split_05,5,train,714,733,1
split_05,5,train,4,5,1
split_05,5,train,2645,2867,0
split_05,5,train,1851,1937,0
split_05,5,train,2790,3034,0
split_05,5,train,1436,1473,1
split_05,5,train,1432,1469,1
split_05,5,train,2456,2641,0
split_05,5,train,1813,1892,0
split_05,5,train,2607,2820,0
split_05,5,train,1865,1953,0
split_05,5,train,2149,2288,0
split_05,5,train,569,584,1
split_05,5,train,2474,2660,0
split_05,5,train,1010,1038,1
split_05,5,train,744,764,1
split_05,5,train,784,805,1
split_05,5,train,3150,3436,0
split_05,5,train,365,374,1
split_05,5,train,502,513,1
split_05,5,train,2209,2359,0
split_05,5,train,62,64,1
split_05,5,train,3068,3346,0
split_05,5,train,962,988,1
split_05,5,train,2992,3256,0
split_05,5,train,2303,2472,0
split_05,5,train,1866,1954,0
split_05,5,train,1638,1688,1
split_05,5,train,647,665,1
split_05,5,train,2304,2473,0
split_05,5,train,2115,2250,0
split_05,5,train,2731,2965,0
split_05,5,train,2973,3233,0
split_05,5,train,3002,3268,0
split_05,5,train,1379,1415,1
split_05,5,train,3018,3287,0
split_05,5,train,490,500,1
split_05,5,train,32,33,1
split_05,5,train,1587,1626,1
split_05,5,train,1631,1679,1
split_05,5,train,2111,2246,0
split_05,5,train,1910,2006,0
split_05,5,train,1802,1879,0
split_05,5,train,2701,2933,0
split_05,5,train,2734,2968,0
split_05,5,train,1556,1593,1
split_05,5,train,2253,2407,0
split_05,5,train,331,339,1
split_05,5,train,1942,2040,0
split_05,5,train,1209,1244,1
split_05,5,train,3164,3460,0
split_05,5,train,1546,1583,1
split_05,5,train,274,281,1
split_05,5,train,481,491,1
split_05,5,train,1746,1812,0
split_05,5,train,570,585,1
split_05,5,train,1343,1379,1
split_05,5,train,1493,1530,1
split_05,5,train,2535,2730,0
split_05,5,train,1368,1404,1
split_05,5,train,2445,2630,0
split_05,5,train,3019,3288,0
split_05,5,train,2890,3141,0
split_05,5,train,351,360,1
split_05,5,train,3046,3320,0
split_05,5,train,2735,2971,0
split_05,5,train,526,538,1
split_05,5,train,2895,3147,0
split_05,5,train,2369,2540,0
split_05,5,train,2322,2491,0
split_05,5,train,1350,1386,1
split_05,5,train,359,368,1
split_05,5,train,654,672,1
split_05,5,train,2800,3044,0
split_05,5,train,2789,3033,0
split_05,5,train,1883,1973,0
split_05,5,train,98,100,1
split_05,5,train,1796,1872,0
split_05,5,train,1739,1801,0
split_05,5,train,1269,1304,1
split_05,5,train,1461,1498,1
split_05,5,train,231,237,1
split_05,5,train,1285,1320,1
split_05,5,train,2759,2997,0
split_05,5,train,2891,3142,0
split_05,5,train,958,984,1
split_05,5,train,1048,1076,1
split_05,5,train,294,302,1
split_05,5,train,446,455,1
split_05,5,train,1966,2070,0
split_05,5,train,176,180,1
split_05,5,train,2155,2295,0
split_05,5,train,549,564,1
split_05,5,train,2904,3156,0
split_05,5,train,2240,2392,0
split_05,5,train,1271,1306,1
split_05,5,train,1472,1509,1
split_05,5,train,1177,1212,1
split_05,5,train,775,796,1
split_05,5,train,1136,1170,1
split_05,5,train,1768,1837,0
split_05,5,train,1740,1803,0
split_05,5,train,709,728,1
split_05,5,train,380,389,1
split_05,5,train,522,534,1
split_05,5,train,1870,1960,0
split_05,5,train,2229,2380,0
split_05,5,train,1543,1580,1
split_05,5,train,1330,1365,1
split_05,5,train,489,499,1
split_05,5,train,1410,1446,1
split_05,5,train,2066,2195,0
split_05,5,train,869,891,1
split_05,5,train,2262,2418,0
split_05,5,train,655,673,1
split_05,5,train,2768,3009,0
split_05,5,train,929,955,1
split_05,5,train,2965,3225,0
split_05,5,train,1157,1192,1
split_05,5,train,1057,1086,1
split_05,5,train,2548,2744,0
split_05,5,train,391,400,1
split_05,5,train,1437,1474,1
split_05,5,train,1070,1099,1
split_05,5,train,571,586,1
split_05,5,train,662,680,1
split_05,5,train,2951,3208,0
split_05,5,train,1073,1102,1
split_05,5,train,2624,2842,0
split_05,5,train,2762,3002,0
split_05,5,train,1303,1338,1
split_05,5,train,1646,1696,1
split_05,5,train,308,316,1
split_05,5,train,2752,2989,0
split_05,5,train,1127,1160,1
split_05,5,train,2090,2224,0
split_05,5,train,2315,2484,0
split_05,5,train,3000,3265,0
split_05,5,train,1297,1332,1
split_05,5,train,330,338,1
split_05,5,train,1921,2017,0
split_05,5,train,1695,1754,0
split_05,5,train,1683,1740,0
split_05,5,train,462,472,1
split_05,5,train,1369,1405,1
split_05,5,train,550,565,1
split_05,5,train,813,834,1
split_05,5,train,2907,3161,0
split_05,5,train,2391,2567,0
split_05,5,train,1377,1413,1
split_05,5,train,903,926,1
split_05,5,train,1651,1705,1
split_05,5,train,1181,1216,1
split_05,5,train,987,1014,1
split_05,5,train,1516,1553,1
split_05,5,train,2138,2276,0
split_05,5,train,2799,3043,0
split_05,5,train,3121,3404,0
split_05,5,train,2423,2603,0
split_05,5,train,1917,2013,0
split_05,5,train,3159,3449,0
split_05,5,train,1974,2079,0
split_05,5,train,3034,3305,0
split_05,5,train,1765,1832,0
split_05,5,train,1086,1116,1
split_05,5,train,715,734,1
split_05,5,train,2377,2552,0
split_05,5,train,795,816,1
split_05,5,train,1583,1622,1
split_05,5,train,1756,1823,0
split_05,5,train,2120,2256,0
split_05,5,train,2743,2979,0
split_05,5,train,608,623,1
split_05,5,train,2960,3218,0
split_05,5,train,2268,2425,0
split_05,5,train,1456,1493,1
split_05,5,train,1653,1707,1
split_05,5,train,551,566,1
split_05,5,train,983,1010,1
split_05,5,train,1123,1156,1
split_05,5,train,245,251,1
split_05,5,train,54,56,1
split_05,5,train,506,517,1
split_05,5,train,2460,2645,0
split_05,5,train,1846,1931,0
split_05,5,train,2955,3212,0
split_05,5,train,3021,3290,0
split_05,5,train,555,570,1
split_05,5,train,2595,2803,0
split_05,5,train,82,84,1
split_05,5,train,216,222,1
split_05,5,train,1223,1258,1
split_05,5,train,2363,2534,0
split_05,5,train,1074,1103,1
split_05,5,train,2177,2319,0
split_05,5,train,1882,1972,0
split_05,5,train,31,32,1
split_05,5,train,966,992,1
split_05,5,train,2323,2492,0
split_05,5,train,822,843,1
split_05,5,train,833,854,1
split_05,5,train,1398,1434,1
split_05,5,train,42,44,1
split_05,5,train,3047,3321,0
split_05,5,train,1128,1161,1
split_05,5,train,1035,1063,1
split_05,5,train,543,558,1
split_05,5,train,2256,2410,0
split_05,5,train,2269,2426,0
split_05,5,train,1869,1958,0
split_05,5,train,2519,2713,0
split_05,5,train,51,53,1
split_05,5,train,510,521,1
split_05,5,train,991,1018,1
split_05,5,train,554,569,1
split_05,5,train,1302,1337,1
split_05,5,train,201,207,1
split_05,5,train,2840,3089,0
split_05,5,train,1841,1924,0
split_05,5,train,2225,2376,0
split_05,5,train,2597,2806,0
split_05,5,train,100,102,1
split_05,5,train,528,540,1
split_05,5,train,2606,2819,0
split_05,5,train,2540,2735,0
split_05,5,train,2328,2497,0
split_05,5,train,847,868,1
split_05,5,train,2869,3120,0
split_05,5,train,959,985,1
split_05,5,train,877,899,1
split_05,5,train,428,437,1
split_05,5,train,1675,1729,1
split_05,5,train,493,504,1
split_05,5,train,2970,3230,0
split_05,5,train,1547,1584,1
split_05,5,train,808,829,1
split_05,5,train,3146,3431,0
split_05,5,train,805,826,1
split_05,5,train,1595,1634,1
split_05,5,train,810,831,1
split_05,5,train,583,598,1
split_05,5,train,950,976,1
split_05,5,train,221,227,1
split_05,5,train,2194,2340,0
split_05,5,train,190,195,1
split_05,5,train,2798,3042,0
split_05,5,train,1552,1589,1
split_05,5,train,617,632,1
split_05,5,train,124,126,1
split_05,5,train,89,91,1
split_05,5,train,2358,2529,0
split_05,5,train,946,972,1
split_05,5,train,1164,1199,1
split_05,5,train,268,275,1
split_05,5,train,1393,1429,1
split_05,5,train,2260,2416,0
split_05,5,train,2995,3260,0
split_05,5,train,3145,3430,0
split_05,5,train,1322,1357,1
split_05,5,train,3109,3392,0
split_05,5,train,576,591,1
split_05,5,train,972,999,1
split_05,5,train,1291,1326,1
split_05,5,train,2186,2330,0
split_05,5,train,1822,1902,0
split_05,5,train,2812,3057,0
split_05,5,train,2217,2368,0
split_05,5,train,57,59,1
split_05,5,train,225,231,1
split_05,5,train,3031,3301,0
split_05,5,train,2966,3226,0
split_05,5,train,2226,2377,0
split_05,5,train,2621,2837,0
split_05,5,train,1585,1624,1
split_05,5,train,2693,2924,0
split_05,5,train,949,975,1
split_05,5,train,2909,3163,0
split_05,5,train,1106,1139,1
split_05,5,train,2276,2434,0
split_05,5,train,103,105,1
split_05,5,train,1809,1887,0
split_05,5,train,18,19,1
split_05,5,train,2364,2535,0
split_05,5,train,2588,2793,0
split_05,5,train,2899,3151,0
split_05,5,train,931,957,1
split_05,5,train,2661,2885,0
split_05,5,train,3026,3296,0
split_05,5,train,2573,2777,0
split_05,5,train,2821,3067,0
split_05,5,train,787,808,1
split_05,5,train,1913,2009,0
split_05,5,train,2163,2305,0
split_05,5,train,1125,1158,1
split_05,5,train,2484,2670,0
split_05,5,train,402,411,1
split_05,5,train,477,487,1
split_05,5,train,2843,3092,0
split_05,5,train,2567,2769,0
split_05,5,train,2980,3243,0
split_05,5,train,2023,2146,0
split_05,5,train,1270,1305,1
split_05,5,train,2337,2507,0
split_05,5,train,2452,2637,0
split_05,5,train,2413,2592,0
split_05,5,train,1771,1840,0
split_05,5,train,596,611,1
split_05,5,train,1446,1483,1
split_05,5,train,646,664,1
split_05,5,train,2765,3006,0
split_05,5,train,1658,1712,1
split_05,5,train,1919,2015,0
split_05,5,train,2883,3134,0
split_05,5,train,1960,2064,0
split_05,5,train,2903,3155,0
split_05,5,train,1963,2067,0
split_05,5,train,1220,1255,1
split_05,5,train,197,203,1
split_05,5,train,1367,1403,1
split_05,5,train,561,576,1
split_05,5,train,672,690,1
split_05,5,train,1199,1234,1
split_05,5,train,1195,1230,1
split_05,5,train,70,72,1
split_05,5,train,2275,2433,0
split_05,5,train,3126,3411,0
split_05,5,train,1656,1710,1
split_05,5,train,1494,1531,1
split_05,5,train,2215,2366,0
split_05,5,train,563,578,1
split_05,5,train,2106,2241,0
split_05,5,train,149,152,1
split_05,5,train,2014,2133,0
split_05,5,train,1383,1419,1
split_05,5,train,2263,2419,0
split_05,5,train,2818,3064,0
split_05,5,train,1492,1529,1
split_05,5,train,1122,1155,1
split_05,5,train,2053,2178,0
split_05,5,train,1699,1758,0
split_05,5,train,1562,1599,1
split_05,5,train,2124,2260,0
split_05,5,train,432,441,1
split_05,5,train,1046,1074,1
split_05,5,train,2718,2950,0
split_05,5,train,2113,2248,0
split_05,5,train,2079,2211,0
split_05,5,train,1191,1226,1
split_05,5,train,116,118,1
split_05,5,train,1867,1955,0
split_05,5,train,1429,1466,1
split_05,5,train,2797,3041,0
split_05,5,train,1130,1163,1
split_05,5,train,2861,3112,0
split_05,5,train,2925,3179,0
split_05,5,train,745,765,1
split_05,5,train,780,801,1
split_05,5,train,2555,2754,0
split_05,5,train,896,918,1
split_05,5,train,1007,1035,1
split_05,5,train,2458,2643,0
split_05,5,train,768,789,1
split_05,5,train,2749,2985,0
split_05,5,train,2068,2197,0
split_05,5,train,1932,2029,0
split_05,5,train,2420,2600,0
split_05,5,train,922,948,1
split_05,5,train,2250,2403,0
split_05,5,train,1720,1780,0
split_05,5,train,2467,2653,0
split_05,5,train,2242,2395,0
split_05,5,train,2354,2525,0
split_05,5,train,81,83,1
split_05,5,train,1068,1097,1
split_05,5,train,1645,1695,1
split_05,5,train,3037,3309,0
split_05,5,train,1632,1680,1
split_05,5,train,1617,1660,1
split_05,5,train,663,681,1
split_05,5,train,109,111,1
split_05,5,train,997,1024,1
split_05,5,train,3052,3328,0
split_05,5,train,2394,2570,0
split_05,5,train,3016,3284,0
split_05,5,train,2918,3172,0
split_05,5,train,915,940,1
split_05,5,train,1059,1088,1
split_05,5,train,2763,3004,0
split_05,5,train,251,257,1
split_05,5,train,1526,1563,1
split_05,5,train,2833,3081,0
split_05,5,train,2347,2518,0
split_05,5,train,2222,2373,0
split_05,5,train,529,542,1
split_05,5,train,2858,3108,0
split_05,5,train,3119,3402,0
split_05,5,train,2422,2602,0
split_05,5,train,2498,2684,0
split_05,5,train,887,909,1
split_05,5,train,16,17,1
split_05,5,train,1962,2066,0
split_05,5,train,1361,1397,1
split_05,5,train,1103,1136,1
split_05,5,train,187,191,1
split_05,5,train,2409,2588,0
split_05,5,train,1349,1385,1
split_05,5,train,2087,2221,0
split_05,5,train,1838,1920,0
split_05,5,train,23,24,1
split_05,5,train,1927,2024,0
split_05,5,train,3087,3366,0
split_05,5,train,388,397,1
split_05,5,train,1880,1970,0
split_05,5,train,574,589,1
split_05,5,train,1400,1436,1
split_05,5,train,2560,2761,0
split_05,5,train,1985,2091,0
split_05,5,train,2820,3066,0
split_05,5,train,1893,1984,0
split_05,5,train,3138,3423,0
split_05,5,train,2689,2919,0
split_05,5,train,73,75,1
split_05,5,train,1479,1516,1
split_05,5,train,659,677,1
split_05,5,train,856,877,1
split_05,5,train,1903,1998,0
split_05,5,train,22,23,1
split_05,5,train,639,656,1
split_05,5,train,1621,1666,1
split_05,5,train,1215,1250,1
split_05,5,train,2180,2324,0
split_05,5,train,1824,1904,0
split_05,5,train,211,217,1
split_05,5,train,318,326,1
split_05,5,train,616,631,1
split_05,5,train,770,791,1
split_05,5,train,3091,3370,0
split_05,5,train,273,280,1
split_05,5,train,1095,1127,1
split_05,5,train,2920,3174,0
split_05,5,train,558,573,1
split_05,5,train,1009,1037,1
split_05,5,train,619,634,1
split_05,5,train,1593,1632,1
split_05,5,train,2997,3262,0
split_05,5,train,756,777,1
split_05,5,train,1232,1267,1
split_05,5,train,379,388,1
split_05,5,train,1702,1761,0
split_05,5,train,2477,2663,0
split_05,5,train,392,401,1
split_05,5,train,2335,2505,0
split_05,5,train,3006,3272,0
split_05,5,train,1596,1635,1
split_05,5,train,938,964,1
split_05,5,train,1616,1659,1
split_05,5,train,1310,1345,1
split_05,5,train,203,209,1
split_05,5,train,1064,1093,1
split_05,5,train,2963,3222,0
split_05,5,train,1414,1450,1
split_05,5,train,1639,1689,1
split_05,5,train,1614,1657,1
split_05,5,train,2402,2580,0
split_05,5,train,1409,1445,1
split_05,5,train,2668,2894,0
split_05,5,train,1930,2027,0
split_05,5,train,1173,1208,1
split_05,5,train,2015,2134,0
split_05,5,train,2092,2227,0
split_05,5,train,836,857,1
split_05,5,train,2988,3252,0
split_05,5,train,3093,3373,0
split_05,5,train,1592,1631,1
split_05,5,train,1311,1346,1
split_05,5,train,299,307,1
split_05,5,train,1550,1587,1
split_05,5,train,1868,1957,0
split_05,5,train,223,229,1
split_05,5,train,1977,2082,0
split_05,5,train,2468,2654,0
split_05,5,train,680,698,1
split_05,5,train,678,696,1
split_05,5,train,3078,3357,0
split_05,5,train,2221,2372,0
split_05,5,train,2591,2797,0
split_05,5,train,868,890,1
split_05,5,train,710,729,1
split_05,5,train,533,546,1
split_05,5,train,1857,1944,0
split_05,5,train,1654,1708,1
split_05,5,train,1542,1579,1
split_05,5,train,1577,1614,1
split_05,5,train,1107,1140,1
split_05,5,train,1612,1653,1
split_05,5,train,2686,2916,0
split_05,5,train,994,1021,1
split_05,5,train,2,3,1
split_05,5,train,2817,3063,0
split_05,5,train,72,74,1
split_05,5,train,1848,1933,0
split_05,5,train,1849,1935,0
split_05,5,train,1313,1348,1
split_05,5,train,2563,2764,0
split_05,5,train,2178,2320,0
split_05,5,train,2387,2563,0
split_05,5,train,134,137,1
split_05,5,train,191,196,1
split_05,5,train,3004,3270,0
split_05,5,train,1609,1650,1
split_05,5,train,2847,3096,0
split_05,5,train,531,544,1
split_05,5,train,381,390,1
split_05,5,train,2107,2242,0
split_05,5,train,941,967,1
split_05,5,train,1168,1203,1
split_05,5,train,2284,2448,0
split_05,5,train,788,809,1
split_05,5,train,107,109,1
split_05,5,train,53,55,1
split_05,5,train,1089,1120,1
split_05,5,train,2522,2716,0
split_05,5,train,1672,1726,1
split_05,5,train,661,679,1
split_05,5,train,1151,1185,1
split_05,5,train,1918,2014,0
split_05,5,train,2927,3183,0
split_05,5,train,1996,2106,0
split_05,5,train,1406,1442,1
split_05,5,train,1155,1189,1
split_05,5,train,1387,1423,1
split_05,5,train,597,612,1
split_05,5,train,343,352,1
split_05,5,train,1698,1757,0
split_05,5,train,2568,2770,0
split_05,5,train,1475,1512,1
split_05,5,train,1872,1962,0
split_05,5,train,67,69,1
split_05,5,train,2098,2233,0
split_05,5,train,1742,1807,0
split_05,5,train,366,375,1
split_05,5,train,3039,3311,0
split_05,5,train,3162,3458,0
split_05,5,train,424,433,1
split_05,5,train,2214,2365,0
split_05,5,train,1325,1360,1
split_05,5,train,2429,2610,0
split_05,5,train,312,320,1
split_05,5,train,3082,3361,0
split_05,5,train,1236,1271,1
split_05,5,train,1356,1392,1
split_05,5,train,2757,2995,0
split_05,5,train,993,1020,1
split_05,5,train,159,163,1
split_05,5,train,1908,2004,0
split_05,5,train,651,669,1
split_05,5,train,2878,3129,0
split_05,5,train,3136,3421,0
split_05,5,train,2736,2972,0
split_05,5,train,2314,2483,0
split_05,5,train,635,652,1
split_05,5,train,2670,2897,0
split_05,5,train,275,282,1
split_05,5,train,2525,2719,0
split_05,5,train,2091,2225,0
split_05,5,train,2078,2210,0
split_05,5,train,1280,1315,1
split_05,5,train,129,131,1
split_05,5,train,542,556,1
split_05,5,train,1997,2107,0
split_05,5,train,2723,2956,0
split_05,5,train,2518,2712,0
split_05,5,train,649,667,1
split_05,5,train,2864,3115,0
split_05,5,train,520,532,1
split_05,5,train,2418,2597,0
split_05,5,train,539,553,1
split_05,5,train,2813,3058,0
split_05,5,train,648,666,1
split_05,5,train,2453,2638,0
split_05,5,train,2169,2311,0
split_05,5,train,405,414,1
split_05,5,train,1969,2074,0
split_05,5,train,984,1011,1
split_05,5,train,2190,2335,0
split_05,5,train,246,252,1
split_05,5,train,3076,3355,0
split_05,5,train,2009,2125,0
split_05,5,train,2915,3169,0
split_05,5,train,196,202,1
split_05,5,train,1644,1694,1
split_05,5,train,1188,1223,1
split_05,5,train,185,189,1
split_05,5,train,504,515,1
split_05,5,train,1773,1842,0
split_05,5,train,2787,3031,0
split_05,5,train,1723,1783,0
split_05,5,train,2045,2169,0
split_05,5,train,3024,3293,0
split_05,5,train,1,2,1
split_05,5,train,3151,3438,0
split_05,5,train,1511,1548,1
split_05,5,train,2207,2357,0
split_05,5,train,674,692,1
split_05,5,train,1820,1900,0
split_05,5,train,210,216,1
split_05,5,train,1427,1464,1
split_05,5,train,94,96,1
split_05,5,train,1321,1356,1
split_05,5,train,2022,2145,0
split_05,5,train,594,609,1
split_05,5,train,242,248,1
split_05,5,train,1474,1511,1
split_05,5,train,339,348,1
split_05,5,train,482,492,1
split_05,5,train,279,286,1
split_05,5,train,2048,2172,0
split_05,5,train,932,958,1
split_05,5,train,1807,1884,0
split_05,5,train,1426,1463,1
split_05,5,train,1428,1465,1
split_05,5,train,1212,1247,1
split_05,5,train,1390,1426,1
split_05,5,train,1230,1265,1
split_05,5,train,1031,1059,1
split_05,5,train,283,290,1
split_05,5,train,2780,3021,0
split_05,5,train,1027,1055,1
split_05,5,train,1686,1743,0
split_05,5,train,86,88,1
split_05,5,train,393,402,1
split_05,5,train,2296,2460,0
split_05,5,train,1304,1339,1
split_05,5,train,761,782,1
split_05,5,train,1573,1610,1
split_05,5,train,1342,1378,1
split_05,5,train,1421,1458,1
split_05,5,train,1205,1240,1
split_05,5,train,1319,1354,1
split_05,5,train,2700,2932,0
split_05,5,train,227,233,1
split_05,5,train,1665,1719,1
split_05,5,train,2373,2544,0
split_05,5,train,2690,2920,0
split_05,5,train,1044,1072,1
split_05,5,train,141,144,1
split_05,5,train,1431,1468,1
split_05,5,train,147,150,1
split_05,5,train,1987,2094,0
split_05,5,train,1138,1172,1
split_05,5,train,2025,2148,0
split_05,5,train,1626,1674,1
split_05,5,train,1305,1340,1
split_05,5,train,1774,1846,0
split_05,5,train,408,417,1
split_05,5,train,729,749,1
split_05,5,train,3055,3333,0
split_05,5,train,2642,2864,0
split_05,5,train,885,907,1
split_05,5,train,71,73,1
split_05,5,train,2531,2725,0
split_05,5,train,1498,1535,1
split_05,5,train,1339,1375,1
split_05,5,train,814,835,1
split_05,5,train,2162,2304,0
split_05,5,train,2705,2937,0
split_05,5,train,2406,2585,0
split_05,5,train,1186,1221,1
split_05,5,train,1845,1930,0
split_05,5,train,1733,1794,0
split_05,5,train,2326,2495,0
split_05,5,train,1782,1855,0
split_05,5,train,2324,2493,0
split_05,5,train,2774,3015,0
split_05,5,train,1277,1312,1
split_05,5,train,1503,1540,1
split_05,5,train,553,568,1
split_05,5,train,1351,1387,1
split_05,5,train,1780,1853,0
split_05,5,train,1058,1087,1
split_05,5,train,413,422,1
split_05,5,train,732,752,1
split_05,5,train,442,451,1
split_05,5,train,2110,2245,0
split_05,5,train,2041,2165,0
split_05,5,train,2551,2748,0
split_05,5,train,2943,3200,0
split_05,5,train,1255,1290,1
split_05,5,train,2104,2239,0
split_05,5,train,304,312,1
split_05,5,train,1266,1301,1
split_05,5,train,1554,1591,1
split_05,5,train,2395,2571,0
split_05,5,train,682,700,1
split_05,5,train,2541,2736,0
split_05,5,train,420,429,1
split_05,5,train,2786,3030,0
split_05,5,train,2972,3232,0
split_05,5,train,1335,1370,1
split_05,5,train,367,376,1
split_05,5,train,2487,2673,0
split_05,5,train,3089,3368,0
split_05,5,train,2367,2538,0
split_05,5,train,829,850,1
split_05,5,train,977,1004,1
split_05,5,train,1750,1817,0
split_05,5,train,1801,1878,0
split_05,5,train,2683,2913,0
split_05,5,train,2030,2153,0
split_05,5,train,2031,2154,0
split_05,5,train,1745,1811,0
split_05,5,train,236,242,1
split_05,5,train,1949,2049,0
split_05,5,train,2516,2708,0
split_05,5,train,34,35,1
split_05,5,train,703,722,1
split_05,5,train,250,256,1
split_05,5,train,1234,1269,1
split_05,5,train,2495,2681,0
split_05,5,train,2803,3047,0
split_05,5,train,3097,3378,0
split_05,5,train,1054,1082,1
split_05,5,train,1252,1287,1
split_05,5,train,1861,1948,0
split_05,5,train,1602,1641,1
split_05,5,train,2543,2739,0
split_05,5,train,2704,2936,0
split_05,5,train,525,537,1
split_05,5,train,1794,1870,0
split_05,5,train,2306,2475,0
split_05,5,train,140,143,1
split_05,5,train,2947,3204,0
split_05,5,train,3083,3362,0
split_05,5,train,1378,1414,1
split_05,5,train,1201,1236,1
split_05,5,train,606,621,1
split_05,5,train,166,170,1
split_05,5,train,772,793,1
split_05,5,train,637,654,1
split_05,5,train,764,785,1
split_05,5,train,390,399,1
split_05,5,train,2959,3217,0
split_05,5,train,2579,2784,0
split_05,5,train,45,47,1
split_05,5,train,955,981,1
split_05,5,train,172,176,1
split_05,5,train,1143,1177,1
split_05,5,train,254,260,1
split_05,5,train,2954,3211,0
split_05,5,train,2151,2290,0
split_05,5,train,1397,1433,1
split_05,5,train,2991,3255,0
split_05,5,train,290,298,1
split_05,5,train,3058,3336,0
split_05,5,train,2900,3152,0
split_05,5,train,2286,2450,0
split_05,5,train,1799,1876,0
split_05,5,train,592,607,1
split_05,5,train,2711,2943,0
split_05,5,train,2592,2798,0
split_05,5,train,10,11,1
split_05,5,train,1549,1586,1
split_05,5,train,2237,2389,0
split_05,5,train,3066,3344,0
split_05,5,train,2582,2787,0
split_05,5,train,1625,1673,1
split_05,5,train,1528,1565,1
split_05,5,train,519,531,1
split_05,5,train,454,464,1
split_05,5,train,2073,2205,0
split_05,5,train,834,855,1
split_05,5,train,1453,1490,1
split_05,5,train,345,354,1
split_05,5,train,1484,1521,1
split_05,5,train,1407,1443,1
split_05,5,train,1034,1062,1
split_05,5,train,2223,2374,0
split_05,5,train,146,149,1
split_05,5,train,1711,1771,0
split_05,5,train,2923,3177,0
split_05,5,train,1670,1724,1
split_05,5,train,2061,2188,0
split_05,5,train,1800,1877,0
split_05,5,train,1847,1932,0
split_05,5,train,2586,2791,0
split_05,5,train,2614,2829,0
split_05,5,train,1004,1031,1
split_05,5,train,1717,1777,0
split_05,5,train,1281,1316,1
split_05,5,train,2637,2857,0
split_05,5,train,2996,3261,0
split_05,5,train,2317,2486,0
split_05,5,train,953,979,1
split_05,5,train,838,859,1
split_05,5,train,435,444,1
split_05,5,train,88,90,1
split_05,5,train,2080,2212,0
split_05,5,train,1194,1229,1
split_05,5,train,2302,2471,0
split_05,5,train,3020,3289,0
split_05,5,train,1203,1238,1
split_05,5,train,1391,1427,1
split_05,5,train,2971,3231,0
split_05,5,train,1643,1693,1
split_05,5,train,1979,2084,0
split_05,5,train,2656,2880,0
split_05,5,train,1274,1309,1
split_05,5,train,1118,1151,1
split_05,5,train,461,471,1
split_05,5,train,2052,2177,0
split_05,5,train,1490,1527,1
split_05,5,train,1422,1459,1
split_05,5,train,1158,1193,1
split_05,5,train,2084,2216,0
split_05,5,train,664,682,1
split_05,5,train,2412,2591,0
split_05,5,train,1955,2056,0
split_05,5,train,1081,1111,1
split_05,5,train,439,448,1
split_05,5,train,1237,1272,1
split_05,5,train,615,630,1
split_05,5,train,2928,3184,0
split_05,5,train,968,994,1
split_05,5,train,2850,3099,0
split_05,5,train,731,751,1
split_05,5,train,56,58,1
split_05,5,train,1278,1313,1
split_05,5,train,1213,1248,1
split_05,5,train,2254,2408,0
split_05,5,train,862,884,1
split_05,5,train,717,736,1
split_05,5,train,846,867,1
split_05,5,train,1512,1549,1
split_05,5,train,2937,3194,0
split_05,5,train,44,46,1
split_05,5,train,1062,1091,1
split_05,5,train,1636,1686,1
split_05,5,train,2134,2271,0
split_05,5,train,2161,2301,0
split_05,5,train,867,889,1
split_05,5,train,2967,3227,0
split_05,5,train,1721,1781,0
split_05,5,train,338,347,1
split_05,5,train,2198,2345,0
split_05,5,train,2984,3248,0
split_05,5,train,2486,2672,0
split_05,5,train,2483,2669,0
split_05,5,train,677,695,1
split_05,5,train,2547,2743,0
split_05,5,train,1098,1130,1
split_05,5,train,447,456,1
split_05,5,train,1056,1085,1
split_05,5,train,815,836,1
split_05,5,train,1109,1142,1
split_05,5,train,532,545,1
split_05,5,train,2148,2287,0
split_05,5,train,1329,1364,1
split_05,5,train,40,42,1
split_05,5,train,1119,1152,1
split_05,5,train,2476,2662,0
split_05,5,train,1169,1204,1
split_05,5,train,783,804,1
split_05,5,train,1737,1799,0
split_05,5,train,835,856,1
split_05,5,train,3038,3310,0
split_05,5,train,2827,3074,0
split_05,5,train,2685,2915,0
split_05,5,train,1341,1377,1
split_05,5,train,2166,2308,0
split_05,5,train,2674,2901,0
split_05,5,train,1694,1753,0
split_05,5,train,899,922,1
split_05,5,train,303,311,1
split_05,5,train,741,761,1
split_05,5,train,441,450,1
split_05,5,train,252,258,1
split_05,5,train,1161,1196,1
split_05,5,train,2246,2399,0
split_05,5,train,1263,1298,1
split_05,5,train,2691,2922,0
split_05,5,train,1764,1831,0
split_05,5,train,1831,1912,0
split_05,5,train,2933,3190,0
split_05,5,train,2896,3148,0
split_05,5,train,1964,2068,0
split_05,5,train,39,41,1
split_05,5,train,2589,2795,0
split_05,5,train,573,588,1
split_05,5,train,186,190,1
split_05,5,train,579,594,1
split_05,5,train,743,763,1
split_05,5,train,2301,2470,0
split_05,5,train,2545,2741,0
split_05,5,train,1014,1042,1
split_05,5,train,2655,2879,0
split_05,5,train,1314,1349,1
split_05,5,train,1852,1938,0
split_05,5,train,818,839,1
split_05,5,train,943,969,1
split_05,5,train,1104,1137,1
split_05,5,train,2781,3022,0
split_05,5,train,2885,3136,0
split_05,5,train,226,232,1
split_05,5,train,1260,1295,1
split_05,5,train,1836,1917,0
split_05,5,train,3075,3354,0
split_05,5,train,162,166,1
split_05,5,train,2958,3215,0
split_05,5,train,2220,2371,0
split_05,5,train,2182,2326,0
split_05,5,train,2108,2243,0
split_05,5,train,928,954,1
split_05,5,train,845,866,1
split_05,5,train,1797,1874,0
split_05,5,train,99,101,1
split_05,5,train,139,142,1
split_05,5,train,2778,3019,0
split_05,5,train,2020,2139,0
split_05,5,train,2371,2542,0
split_05,5,train,778,799,1
split_05,5,train,2272,2429,0
split_05,5,train,1039,1067,1
split_05,5,train,377,386,1
split_05,5,train,2989,3253,0
split_05,5,train,224,230,1
split_05,5,train,1967,2071,0
split_05,5,train,2233,2384,0
split_05,5,train,794,815,1
split_05,5,train,2374,2545,0
split_05,5,train,253,259,1
split_05,5,train,1154,1188,1
split_05,5,train,1922,2018,0
split_05,5,train,2381,2557,0
split_05,5,train,2750,2987,0
split_05,5,train,2191,2336,0
split_05,5,train,957,983,1
split_05,5,train,1897,1989,0
split_05,5,train,2528,2722,0
split_05,5,train,628,644,1
split_05,5,train,632,649,1
split_05,5,train,1021,1049,1
split_05,5,train,3148,3433,0
split_05,5,train,1347,1383,1
split_05,5,train,1791,1866,0
split_05,5,train,267,274,1
split_05,5,train,1907,2003,0
split_05,5,train,2081,2213,0
split_05,5,train,1894,1986,0
split_05,5,train,1170,1205,1
split_05,5,train,177,181,1
split_05,5,train,683,701,1
split_05,5,train,43,45,1
split_05,5,train,988,1015,1
split_05,5,train,1189,1224,1
split_05,5,train,796,817,1
split_05,5,train,2533,2727,0
split_05,5,train,2297,2461,0
split_05,5,train,1244,1279,1
split_05,5,train,3045,3319,0
split_05,5,train,881,903,1
split_05,5,train,1097,1129,1
split_05,5,train,758,779,1
split_05,5,train,1037,1065,1
split_05,5,train,1743,1808,0
split_05,5,train,2893,3145,0
split_05,5,train,3165,3461,0
split_05,5,train,2501,2687,0
split_05,5,train,3149,3435,0
split_05,5,train,1011,1039,1
split_05,5,train,2511,2698,0
split_05,5,train,1082,1112,1
split_05,5,train,1806,1883,0
split_05,5,train,1315,1350,1
split_05,5,train,2440,2623,0
split_05,5,train,2332,2502,0
split_05,5,train,27,28,1
split_05,5,train,2630,2849,0
split_05,5,train,3023,3292,0
split_05,5,train,1108,1141,1
split_05,5,train,1909,2005,0
split_05,5,train,725,745,1
split_05,5,train,934,960,1
split_05,5,train,1533,1570,1
split_05,5,train,183,187,1
split_05,5,train,243,249,1
split_05,5,train,2298,2466,0
split_05,5,train,3115,3398,0
split_05,5,train,128,130,1
split_05,5,train,2450,2635,0
split_05,5,train,179,183,1
split_05,5,train,1828,1908,0
split_05,5,train,2738,2974,0
split_05,5,train,1020,1048,1
split_05,5,train,479,489,1
split_05,5,train,423,432,1
split_05,5,train,733,753,1
split_05,5,train,614,629,1
split_05,5,train,1701,1760,0
split_05,5,train,218,224,1
split_05,5,train,699,718,1
split_05,5,train,2692,2923,0
split_05,5,train,1926,2023,0
split_05,5,train,3069,3347,0
split_05,5,train,2055,2180,0
split_05,5,train,3122,3405,0
split_05,5,train,466,476,1
split_05,5,train,2634,2853,0
split_05,5,train,1041,1069,1
split_05,5,train,690,708,1
split_05,5,train,478,488,1
split_05,5,train,1457,1494,1
split_05,5,train,1691,1749,0
split_05,5,train,2644,2866,0
split_05,5,train,293,301,1
split_05,5,train,1176,1211,1
split_05,5,train,64,66,1
split_05,5,train,508,519,1
split_05,5,train,2935,3192,0
split_05,5,train,1137,1171,1
split_05,5,train,1042,1070,1
split_05,5,train,2095,2230,0
split_05,5,train,219,225,1
split_05,5,train,873,895,1
split_05,5,train,1132,1166,1
split_05,5,train,193,198,1
split_05,5,train,1970,2075,0
split_05,5,train,2136,2273,0
split_05,5,train,488,498,1
split_05,5,train,750,771,1
split_05,5,train,5,6,1
split_05,5,train,2499,2685,0
split_05,5,train,3103,3385,0
split_05,5,train,3141,3426,0
split_05,5,train,2451,2636,0
split_05,5,train,1265,1300,1
split_05,5,train,1760,1827,0
split_05,5,train,1308,1343,1
split_05,5,train,996,1023,1
split_05,5,train,1805,1882,0
split_05,5,train,2255,2409,0
split_05,5,train,1941,2039,0
split_05,5,train,1327,1362,1
split_05,5,train,2118,2254,0
split_05,5,train,2356,2527,0
split_05,5,train,3090,3369,0
split_05,5,train,2443,2628,0
split_05,5,train,1051,1079,1
split_05,5,train,2892,3144,0
split_05,5,train,940,966,1
split_05,5,train,126,128,1
split_05,5,train,3072,3350,0
split_05,5,train,2939,3196,0
split_05,5,train,585,600,1
split_05,5,train,1829,1909,0
split_05,5,train,368,377,1
split_05,5,train,2771,3012,0
split_05,5,train,587,602,1
split_05,5,train,785,806,1
split_05,5,train,2825,3071,0
split_05,5,train,1231,1266,1
split_05,5,train,1306,1341,1
split_05,5,train,621,637,1
split_05,5,train,908,933,1
split_05,5,train,1574,1611,1
split_05,5,train,1519,1556,1
split_05,5,train,2024,2147,0
split_05,5,train,1682,1739,0
split_05,5,train,399,408,1
split_05,5,train,383,392,1
split_05,5,train,1741,1805,0
split_05,5,train,1754,1821,0
split_05,5,train,2473,2659,0
split_05,5,train,2521,2715,0
split_05,5,train,349,358,1
split_05,5,train,1821,1901,0
split_05,5,train,2388,2564,0
split_05,5,train,2415,2594,0
split_05,5,train,2611,2825,0
split_05,5,train,2648,2870,0
split_05,5,train,656,674,1
split_05,5,train,2028,2151,0
split_05,5,train,737,757,1
split_05,5,train,1647,1697,1
split_05,5,train,1779,1852,0
split_05,5,train,127,129,1
split_05,5,train,2071,2202,0
split_05,5,train,2532,2726,0
split_05,5,train,1535,1572,1
split_05,5,train,1316,1351,1
split_05,5,train,500,511,1
split_05,5,train,1510,1547,1
split_05,5,train,2404,2583,0
split_05,5,train,1467,1504,1
split_05,5,train,11,12,1
split_05,5,train,2287,2451,0
split_05,5,train,884,906,1
split_05,5,train,612,627,1
split_05,5,train,1204,1239,1
split_05,5,train,624,640,1
split_05,5,train,1416,1453,1
split_05,5,train,1747,1813,0
split_05,5,train,2366,2537,0
split_05,5,train,1152,1186,1
split_05,5,train,2801,3045,0
split_05,5,train,2508,2694,0
split_05,5,train,1634,1682,1
split_05,5,train,2605,2818,0
split_05,5,train,2259,2414,0
split_05,5,train,669,687,1
split_05,5,train,1891,1982,0
split_05,5,train,36,37,1
split_05,5,train,821,842,1
split_05,5,train,1214,1249,1
split_05,5,train,1219,1254,1
split_05,5,train,280,287,1
split_05,5,train,3112,3395,0
split_05,5,train,2192,2338,0
split_05,5,train,825,846,1
split_05,5,train,2681,2910,0
split_05,5,train,2844,3093,0
split_05,5,train,1704,1763,0
split_05,5,train,2957,3214,0
split_05,5,train,2945,3202,0
split_05,5,train,3086,3365,0
split_05,5,train,1287,1322,1
split_05,5,train,438,447,1
split_05,5,train,1294,1329,1
split_05,5,train,1540,1577,1
split_05,5,train,1951,2052,0
split_05,5,train,2278,2437,0
split_05,5,train,763,784,1
split_05,5,train,2089,2223,0
split_05,5,train,695,713,1
split_05,5,train,1017,1045,1
split_05,5,train,1501,1538,1
split_05,5,train,2299,2467,0
split_05,5,train,1814,1893,0
split_05,5,train,2772,3013,0
split_05,5,train,1016,1044,1
split_05,5,train,924,950,1
split_05,5,train,470,480,1
split_05,5,train,2696,2928,0
split_05,5,train,2370,2541,0
split_05,5,train,766,787,1
split_05,5,train,1419,1456,1
split_05,5,train,1080,1110,1
split_05,5,train,2742,2978,0
split_05,5,train,3029,3299,0
split_05,5,train,229,235,1
split_05,5,train,2598,2807,0
split_05,5,train,1522,1559,1
split_05,5,train,378,387,1
split_05,5,train,2849,3098,0
split_05,5,train,1221,1256,1
split_05,5,train,2279,2438,0
split_05,5,train,1655,1709,1
split_05,5,train,1485,1522,1
split_05,5,train,239,245,1
split_05,5,train,106,108,1
split_05,5,train,1790,1865,0
split_05,5,train,1246,1281,1
split_05,5,train,169,173,1
split_05,5,train,1240,1275,1
split_05,5,train,2266,2422,0
split_05,5,train,460,470,1
split_05,5,train,911,936,1
split_05,5,train,944,970,1
split_05,5,train,1532,1569,1
split_05,5,train,976,1003,1
split_05,5,train,832,853,1
split_05,5,train,2862,3113,0
split_05,5,train,1289,1324,1
split_05,5,train,207,213,1
split_05,5,train,404,413,1
split_05,5,train,707,726,1
split_05,5,train,80,82,1
split_05,5,train,2008,2124,0
split_05,5,train,2448,2633,0
split_05,5,train,1835,1916,0
split_05,5,train,24,25,1
split_05,5,train,238,244,1
split_05,5,train,548,563,1
split_05,5,train,265,271,1
split_05,5,train,415,424,1
split_05,5,train,2054,2179,0
split_05,5,train,2746,2982,0
split_05,5,train,1982,2088,0
split_05,5,train,2093,2228,0
split_05,5,train,831,852,1
split_05,5,train,1652,1706,1
split_05,5,train,2188,2333,0
split_05,5,train,694,712,1
split_05,5,train,2662,2886,0
split_05,5,train,636,653,1
split_05,5,train,2424,2604,0
split_05,5,train,2179,2321,0
split_05,5,train,1487,1524,1
split_05,5,train,2814,3059,0
split_05,5,train,2376,2550,0
split_05,5,train,1827,1907,0
split_05,5,train,2129,2265,0
split_05,5,train,1975,2080,0
split_05,5,train,2819,3065,0
split_05,5,train,497,508,1
split_05,5,train,1153,1187,1
split_05,5,train,1935,2032,0
split_05,5,train,2488,2674,0
split_05,5,train,2659,2883,0
split_05,5,train,701,720,1
split_05,5,train,2990,3254,0
split_05,5,train,2398,2575,0
split_05,5,train,2206,2356,0
split_05,5,train,1934,2031,0
split_05,5,train,620,635,1
split_05,5,train,1561,1598,1
split_05,5,train,2257,2412,0
split_05,5,train,2542,2737,0
split_05,5,train,2852,3101,0
split_05,5,train,2405,2584,0
split_05,5,train,848,869,1
split_05,5,train,148,151,1
split_05,5,train,1889,1980,0
split_05,5,train,2012,2131,0
split_05,5,train,1408,1444,1
split_05,5,train,2538,2733,0
split_05,5,train,954,980,1
split_05,5,train,2815,3060,0
split_05,5,train,2361,2532,0
split_05,5,train,2804,3048,0
split_05,5,train,1301,1336,1
split_05,5,train,876,898,1
split_05,5,train,3027,3297,0
split_05,5,train,347,356,1
split_05,5,train,1326,1361,1
split_05,5,train,2871,3122,0
split_05,5,train,1264,1299,1
split_05,5,train,440,449,1
split_05,5,train,2383,2559,0
split_05,5,train,2851,3100,0
split_05,5,train,1211,1246,1
split_05,5,train,2425,2606,0
split_05,5,train,748,769,1
split_05,5,train,566,581,1
split_05,5,train,1359,1395,1
split_05,5,train,2185,2329,0
split_05,5,train,2218,2369,0
split_05,5,train,296,304,1
split_05,5,train,232,238,1
split_05,5,train,2157,2297,0
split_05,5,train,2811,3056,0
split_05,5,train,2343,2514,0
split_05,5,train,1100,1132,1
split_05,5,train,2583,2788,0
split_05,5,train,2330,2500,0
split_05,5,train,2127,2263,0
split_05,5,train,800,821,1
split_05,5,train,2760,2998,0
split_05,5,train,3160,3450,0
split_05,5,train,1165,1200,1
split_05,5,train,747,768,1
split_05,5,train,2629,2848,0
split_05,5,train,174,178,1
split_05,5,train,1253,1288,1
split_05,5,train,2070,2201,0
split_05,5,train,2336,2506,0
split_05,5,train,1029,1057,1
split_05,5,train,1250,1285,1
split_05,5,train,1576,1613,1
split_05,5,train,611,626,1
split_05,5,train,2059,2186,0
split_05,5,train,2205,2355,0
split_05,5,train,1830,1910,0
split_05,5,train,144,147,1
split_05,5,train,2479,2665,0
split_05,5,train,2534,2728,0
split_05,5,train,228,234,1
split_05,5,train,618,633,1
split_05,5,train,1293,1328,1
split_05,5,train,2831,3079,0
split_05,5,train,288,296,1
split_05,5,train,375,384,1
split_05,5,train,679,697,1
split_05,5,train,2748,2984,0
split_05,5,train,369,378,1
split_05,5,train,2065,2193,0
split_05,5,train,3137,3422,0
split_05,5,train,1481,1518,1
split_05,5,train,3114,3397,0
split_05,5,train,1677,1731,1
split_05,5,train,1901,1996,0
split_05,5,train,572,587,1
split_05,5,train,2094,2229,0
split_05,5,train,298,306,1
split_05,5,train,1635,1683,1
split_05,5,train,3133,3418,0
split_05,5,train,2033,2156,0
split_05,5,train,2050,2175,0
split_05,5,train,2986,3250,0
split_05,5,train,1505,1542,1
split_05,5,train,2564,2765,0
split_05,5,train,2510,2696,0
split_05,5,train,837,858,1
split_05,5,train,2694,2925,0
split_05,5,train,1088,1119,1
split_05,5,train,1102,1134,1
split_05,5,train,1517,1554,1
split_05,5,train,2431,2613,0
split_05,5,train,1272,1307,1
split_05,5,train,1317,1352,1
split_05,5,train,995,1022,1
split_05,5,train,1499,1536,1
split_05,5,train,3118,3401,0
split_05,5,train,1604,1643,1
split_05,5,train,1043,1071,1
split_05,5,train,907,932,1
split_05,5,train,866,888,1
split_05,5,train,1507,1544,1
split_05,5,train,704,723,1
split_05,5,train,1615,1658,1
split_05,5,train,2160,2300,0
split_05,5,train,161,165,1
split_05,5,train,2838,3086,0
split_05,5,train,2442,2627,0
split_05,5,train,1111,1144,1
split_05,5,train,1671,1725,1
split_05,5,train,604,619,1
split_05,5,train,2983,3246,0
split_05,5,train,503,514,1
split_05,5,train,2119,2255,0
split_05,5,train,1850,1936,0
split_05,5,train,346,355,1
split_05,5,train,2802,3046,0
split_05,5,train,373,382,1
split_05,5,train,1965,2069,0
split_05,5,train,2647,2869,0
split_05,5,train,2529,2723,0
split_05,5,train,998,1025,1
split_05,5,train,2649,2871,0
split_05,5,train,999,1026,1
split_05,5,train,1855,1941,0
split_05,5,train,1803,1880,0
split_05,5,train,859,880,1
split_05,5,train,3129,3414,0
split_05,5,train,370,379,1
split_05,5,train,965,991,1
split_05,5,train,1575,1612,1
split_05,5,train,113,115,1
split_05,5,train,865,887,1
split_05,5,train,2239,2391,0
split_05,5,train,2604,2817,0
split_05,5,train,2419,2598,0
split_05,5,train,2572,2775,0
split_05,5,train,767,788,1
split_05,5,train,350,359,1
split_05,5,train,2132,2268,0
split_05,5,train,2200,2347,0
split_05,5,train,1946,2046,0
split_05,5,train,326,334,1
split_05,5,train,101,103,1
split_05,5,train,1811,1889,0
split_05,5,train,2168,2310,0
split_05,5,train,132,134,1
split_05,5,train,1664,1718,1
split_05,5,train,102,104,1
split_05,5,train,269,276,1
split_05,5,train,2197,2344,0
split_05,5,train,1762,1829,0
split_05,5,train,2320,2489,0
split_05,5,train,2035,2158,0
split_05,5,train,2897,3149,0
split_05,5,train,372,381,1
split_05,5,train,1531,1568,1
split_05,5,train,1840,1923,0
split_05,5,train,1142,1176,1
split_05,5,train,2708,2940,0
split_05,5,train,2165,2307,0
split_05,5,train,1464,1501,1
split_05,5,train,301,309,1
split_05,5,train,926,952,1
split_05,5,train,2859,3109,0
split_05,5,train,2908,3162,0
split_05,5,train,1207,1242,1
split_05,5,train,1772,1841,0
split_05,5,train,797,818,1
split_05,5,train,1299,1334,1
split_05,5,train,1399,1435,1
split_05,5,train,749,770,1
split_05,5,train,1471,1508,1
split_05,5,train,2441,2626,0
split_05,5,train,2619,2835,0
split_05,5,train,3017,3286,0
split_05,5,train,3123,3406,0
split_05,5,train,1763,1830,0
split_05,5,train,1710,1770,0
split_05,5,train,1442,1479,1
split_05,5,train,2074,2206,0
split_05,5,train,1140,1174,1
split_05,5,train,300,308,1
split_05,5,train,2594,2800,0
split_05,5,train,1591,1630,1
split_05,5,train,2077,2209,0
split_05,5,train,2117,2253,0
split_05,5,train,1178,1213,1
split_05,5,train,2697,2929,0
split_05,5,train,2051,2176,0
split_05,5,train,2684,2914,0
split_05,5,train,721,740,1
split_05,5,train,2698,2930,0
split_05,5,train,1434,1471,1
split_05,5,train,1998,2108,0
split_05,5,train,841,862,1
split_05,5,train,1478,1515,1
split_05,5,train,19,20,1
split_05,5,train,1337,1373,1
split_05,5,train,527,539,1
split_05,5,train,863,885,1
split_05,5,train,1078,1107,1
split_05,5,train,1727,1787,0
split_05,5,train,2603,2816,0
split_05,5,train,2400,2577,0
split_05,5,train,2978,3238,0
split_05,5,train,1435,1472,1
split_05,5,train,1226,1261,1
split_05,5,train,2372,2543,0
split_05,5,train,1981,2087,0
split_05,5,train,302,310,1
split_05,5,train,422,431,1
split_05,5,train,443,452,1
split_05,5,train,165,169,1
split_05,5,train,465,475,1
split_05,5,train,982,1009,1
split_05,5,train,412,421,1
split_05,5,train,2676,2903,0
split_05,5,train,348,357,1
split_05,5,train,2673,2900,0
split_05,5,train,2808,3053,0
split_05,5,train,333,342,1
split_05,5,train,155,159,1
split_05,5,train,1726,1786,0
split_05,5,train,2950,3207,0
split_05,5,train,475,485,1
split_05,5,train,1193,1228,1
split_05,5,train,2788,3032,0
split_05,5,train,360,369,1
split_05,5,train,257,263,1
split_05,5,train,430,439,1
split_05,5,train,890,912,1
split_05,5,train,104,106,1
split_05,5,train,3008,3276,0
split_05,5,train,1171,1206,1
split_05,5,train,1582,1621,1
split_05,5,train,809,830,1
split_05,5,train,631,648,1
split_05,5,train,1905,2000,0
split_05,5,train,2482,2668,0
split_05,5,train,2158,2298,0
split_05,5,train,467,477,1
split_05,5,train,2267,2423,0
split_05,5,train,1947,2047,0
split_05,5,train,2292,2456,0
split_05,5,train,1988,2096,0
split_05,5,train,1254,1289,1
split_05,5,train,1026,1054,1
split_05,5,train,789,810,1
split_05,5,train,904,928,1
split_05,5,train,2281,2440,0
split_05,5,train,886,908,1
split_05,5,train,2660,2884,0
split_05,5,train,173,177,1
split_05,5,train,523,535,1
split_05,5,train,1468,1505,1
split_05,5,train,872,894,1
split_05,5,train,323,331,1
split_05,5,train,2307,2476,0
split_05,5,train,1833,1914,0
split_05,5,train,1268,1303,1
split_05,5,train,13,14,1
split_05,5,train,2855,3105,0
split_05,5,train,1637,1687,1
split_05,5,train,118,120,1
split_05,5,train,2707,2939,0
split_05,5,train,2961,3219,0
split_05,5,train,657,675,1
split_05,5,train,1953,2054,0
split_05,5,train,1544,1581,1
split_05,5,train,2462,2648,0
split_05,5,train,2651,2873,0
split_05,5,train,759,780,1
split_05,5,train,1116,1149,1
split_05,5,train,1976,2081,0
split_05,5,train,188,192,1
split_05,5,train,600,615,1
split_05,5,train,2554,2753,0
split_05,5,train,2034,2157,0
split_05,5,train,945,971,1
split_05,5,train,1115,1148,1
split_05,5,train,1594,1633,1
split_05,5,train,1666,1720,1
split_05,5,train,1504,1541,1
split_05,5,train,1899,1991,0
split_05,5,train,970,997,1
split_05,5,train,2350,2521,0
split_05,5,train,667,685,1
split_05,5,train,1480,1517,1
split_05,5,train,978,1005,1
split_05,5,train,198,204,1
split_05,5,train,1090,1122,1
split_05,5,train,2238,2390,0
split_05,5,train,418,427,1
split_05,5,train,1459,1496,1
split_05,5,train,95,97,1
split_05,5,train,214,220,1
split_05,5,train,1242,1277,1
split_05,5,train,1245,1280,1
split_05,5,train,1950,2050,0
split_05,5,train,1320,1355,1
split_05,5,train,693,711,1
split_05,5,train,1012,1040,1
split_05,5,train,2325,2494,0
split_05,5,train,1778,1851,0
split_05,5,train,1536,1573,1
split_05,5,train,653,671,1
split_05,5,train,2712,2944,0
split_05,5,train,2470,2656,0
split_05,5,train,277,284,1
split_05,5,train,771,792,1
split_05,5,train,1309,1344,1
split_05,5,train,200,206,1
split_05,5,train,2507,2693,0
split_05,5,train,1324,1359,1
split_05,5,train,2872,3123,0
split_05,5,train,492,503,1
split_05,5,train,746,767,1
split_05,5,train,2502,2688,0
split_05,5,train,2509,2695,0
split_05,5,train,2159,2299,0
split_05,5,train,2987,3251,0
split_05,5,train,2271,2428,0
split_05,5,train,2122,2258,0
split_05,5,train,2837,3085,0
split_05,5,train,961,987,1
split_05,5,train,610,625,1
split_05,5,train,1206,1241,1
split_05,5,train,2171,2313,0
split_05,5,train,2273,2430,0
split_05,5,train,535,548,1
split_05,5,train,2392,2568,0
split_05,5,train,395,404,1
split_05,5,train,2716,2948,0
split_05,5,train,1578,1615,1
split_05,5,train,593,608,1
split_05,5,train,1599,1638,1
split_05,5,train,1606,1645,1
split_05,5,train,1943,2041,0
split_05,5,train,1488,1525,1
split_05,5,train,3044,3318,0
split_05,5,train,1515,1552,1
split_05,5,train,1463,1500,1
split_05,5,train,324,332,1
split_05,5,train,2491,2677,0
split_05,5,train,1229,1264,1
split_05,5,train,738,758,1
split_05,5,train,1624,1670,1
split_05,5,train,1623,1668,1
split_05,5,train,2126,2262,0
split_05,5,train,1094,1126,1
split_05,5,train,297,305,1
split_05,5,train,20,21,1
split_05,5,train,1483,1520,1
split_05,5,train,3079,3358,0
split_05,5,train,152,156,1
split_05,5,train,509,520,1
split_05,5,train,2393,2569,0
split_05,5,train,552,567,1
split_05,5,train,260,266,1
split_05,5,train,1052,1080,1
split_05,5,train,180,184,1
split_05,5,train,1994,2104,0
split_05,5,train,791,812,1
split_05,5,train,507,518,1
split_05,5,train,184,188,1
split_05,5,train,511,522,1
split_05,5,train,3056,3334,0
split_05,5,train,684,702,1
split_05,5,train,2982,3245,0
split_05,5,train,2585,2790,0
split_05,5,train,2596,2805,0
split_05,5,train,1662,1716,1
split_05,5,train,484,494,1
split_05,5,train,97,99,1
split_05,5,train,1374,1410,1
split_05,5,train,499,510,1
split_05,5,train,1875,1965,0
split_05,5,train,1133,1167,1
split_05,5,train,1761,1828,0
split_05,5,train,21,22,1
split_05,5,train,2432,2614,0
split_05,5,train,1642,1692,1
split_05,5,train,1375,1411,1
split_05,5,train,685,703,1
split_05,5,train,2396,2572,0
split_05,5,train,2475,2661,0
split_05,5,train,2623,2841,0
split_05,5,train,217,223,1
split_05,5,train,295,303,1
split_05,5,train,1247,1282,1
split_05,5,train,2102,2237,0
split_05,5,train,1707,1766,0
split_05,5,train,400,409,1
split_05,5,train,2703,2935,0
split_05,5,train,84,86,1
split_05,5,train,1292,1327,1
split_05,5,train,2096,2231,0
split_05,5,train,2688,2918,0
split_05,5,train,1486,1523,1
split_05,5,train,261,267,1
split_05,5,train,2938,3195,0
split_05,5,train,562,577,1
split_05,5,train,730,750,1
split_05,5,train,2934,3191,0
split_05,5,train,843,864,1
split_05,5,train,2737,2973,0
split_05,5,train,1902,1997,0
split_05,5,train,1815,1894,0
split_05,5,train,2069,2200,0
split_05,5,train,1083,1113,1
split_05,5,train,2866,3117,0
split_05,5,train,2888,3139,0
split_05,5,train,382,391,1
split_05,5,train,2526,2720,0
split_05,5,train,189,194,1
split_05,5,train,2380,2555,0
split_05,5,train,2687,2917,0
split_05,5,train,963,989,1
split_05,5,train,309,317,1
split_05,5,train,630,646,1
split_05,5,train,1678,1732,1
split_05,5,train,131,133,1
split_05,5,train,1837,1918,0
split_05,5,train,2176,2318,0
split_05,5,train,1112,1145,1
split_05,5,train,2144,2282,0
split_05,5,train,1389,1425,1
split_05,5,train,2044,2168,0
split_05,5,train,2761,3001,0
split_05,5,train,361,370,1
split_05,5,train,858,879,1
split_05,5,train,2916,3170,0
split_05,5,train,2515,2707,0
split_05,5,train,1418,1455,1
split_05,5,train,2397,2574,0
split_05,5,train,812,833,1
split_05,5,train,2956,3213,0
split_05,5,train,1781,1854,0
split_05,5,train,2100,2235,0
split_05,5,train,1716,1776,0
split_05,5,train,2917,3171,0
split_05,5,train,1076,1105,1
split_05,5,train,1732,1793,0
split_05,5,train,2210,2360,0
split_05,5,train,3153,3440,0
split_05,5,train,2319,2488,0
split_05,5,train,688,706,1
split_05,5,train,540,554,1
split_05,5,train,2721,2954,0
split_05,5,train,1944,2042,0
split_05,5,train,1508,1545,1
split_05,5,train,2236,2388,0
split_05,5,train,1005,1033,1
split_05,5,train,371,380,1
split_05,5,test,2444,2629,0
split_05,5,test,1589,1628,1
split_05,5,test,2627,2846,0
split_05,5,test,1706,1765,0
split_05,5,test,2610,2824,0
split_05,5,test,564,579,1
split_05,5,test,2235,2386,0
split_05,5,test,1959,2063,0
split_05,5,test,898,920,1
split_05,5,test,2809,3054,0
split_05,5,test,1180,1215,1
split_05,5,test,2806,3050,0
split_05,5,test,2643,2865,0
split_05,5,test,2147,2286,0
split_05,5,test,2948,3205,0
split_05,5,test,578,593,1
split_05,5,test,26,27,1
split_05,5,test,2280,2439,0
split_05,5,test,1476,1513,1
split_05,5,test,1810,1888,0
split_05,5,test,2835,3083,0
split_05,5,test,1099,1131,1
split_05,5,test,1722,1782,0
split_05,5,test,1355,1391,1
split_05,5,test,2472,2658,0
split_05,5,test,627,643,1
split_05,5,test,588,603,1
split_05,5,test,1871,1961,0
split_05,5,test,212,218,1
split_05,5,test,530,543,1
split_05,5,test,956,982,1
split_05,5,test,1961,2065,0
split_05,5,test,852,873,1
split_05,5,test,2313,2482,0
split_05,5,test,2333,2503,0
split_05,5,test,1401,1437,1
split_05,5,test,3154,3441,0
split_05,5,test,652,670,1
split_05,5,test,1842,1925,0
split_05,5,test,1063,1092,1
split_05,5,test,2975,3235,0
split_05,5,test,136,139,1
split_05,5,test,2029,2152,0
split_05,5,test,1425,1462,1
split_05,5,test,2615,2830,0
split_05,5,test,974,1001,1
split_05,5,test,3156,3446,0
split_05,5,test,919,944,1
split_05,5,test,1826,1906,0
split_05,5,test,292,300,1
split_05,5,test,2411,2590,0
split_05,5,test,2437,2619,0
split_05,5,test,3065,3343,0
split_05,5,test,3062,3340,0
split_05,5,test,613,628,1
split_05,5,test,1482,1519,1
split_05,5,test,1065,1094,1
split_05,5,test,726,746,1
split_05,5,test,1197,1232,1
split_05,5,test,1613,1656,1
split_05,5,test,2027,2150,0
split_05,5,test,3084,3363,0
split_05,5,test,1690,1748,0
split_05,5,test,1460,1497,1
split_05,5,test,1001,1028,1
split_05,5,test,2312,2481,0
split_05,5,test,2005,2116,0
split_05,5,test,47,49,1
split_05,5,test,1032,1060,1
split_05,5,test,2289,2453,0
split_05,5,test,1417,1454,1
split_05,5,test,2040,2164,0
split_05,5,test,1900,1992,0
split_05,5,test,1978,2083,0
split_05,5,test,1455,1492,1
split_05,5,test,17,18,1
split_05,5,test,1145,1179,1
split_05,5,test,909,934,1
split_05,5,test,1438,1475,1
split_05,5,test,485,495,1
split_05,5,test,1995,2105,0
split_05,5,test,182,186,1
split_05,5,test,2414,2593,0
split_05,5,test,2929,3185,0
split_05,5,test,3067,3345,0
split_05,5,test,37,38,1
split_05,5,test,2224,2375,0
split_05,5,test,2211,2361,0
split_05,5,test,1257,1292,1
split_05,5,test,1784,1857,0
split_05,5,test,2756,2993,0
split_05,5,test,590,605,1
split_05,5,test,206,212,1
split_05,5,test,1286,1321,1
split_05,5,test,385,394,1
split_05,5,test,792,813,1
split_05,5,test,599,614,1
split_05,5,test,35,36,1
split_05,5,test,1839,1921,0
split_05,5,test,74,76,1
split_05,5,test,2873,3124,0
split_05,5,test,3127,3412,0
split_05,5,test,705,724,1
split_05,5,test,2870,3121,0
split_05,5,test,603,618,1
split_05,5,test,3059,3337,0
split_05,5,test,515,526,1
split_05,5,test,910,935,1
split_05,5,test,9,10,1
split_05,5,test,451,461,1
split_05,5,test,1862,1949,0
split_05,5,test,69,71,1
split_05,5,test,1093,1125,1
split_05,5,test,2679,2907,0
split_05,5,test,2832,3080,0
split_05,5,test,2730,2964,0
split_05,5,test,474,484,1
split_05,5,test,463,473,1
split_05,5,test,1224,1259,1
split_05,5,test,2633,2852,0
split_05,5,test,3085,3364,0
split_05,5,test,1423,1460,1
split_05,5,test,1603,1642,1
split_05,5,test,2447,2632,0
split_05,5,test,643,660,1
split_05,5,test,665,683,1
split_05,5,test,1047,1075,1
split_05,5,test,1469,1506,1
split_05,5,test,25,26,1
split_05,5,test,1003,1030,1
split_05,5,test,3003,3269,0
split_05,5,test,1759,1826,0
split_05,5,test,2201,2348,0
split_05,5,test,272,279,1
split_05,5,test,1403,1439,1
split_05,5,test,2331,2501,0
split_05,5,test,589,604,1
split_05,5,test,2088,2222,0
split_05,5,test,2294,2458,0
split_05,5,test,3080,3359,0
split_05,5,test,1853,1939,0
split_05,5,test,311,319,1
split_05,5,test,1719,1779,0
split_05,5,test,1038,1066,1
split_05,5,test,209,215,1
split_05,5,test,2128,2264,0
split_05,5,test,2274,2432,0
split_05,5,test,906,931,1
split_05,5,test,59,61,1
split_05,5,test,1284,1319,1
split_05,5,test,2677,2904,0
split_05,5,test,1282,1317,1
split_05,5,test,625,641,1
split_05,5,test,2556,2756,0
split_05,5,test,2962,3221,0
split_05,5,test,3028,3298,0
split_05,5,test,1072,1101,1
split_05,5,test,1110,1143,1
split_05,5,test,1538,1575,1
split_05,5,test,398,407,1
split_05,5,test,1261,1296,1
split_05,5,test,496,507,1
split_05,5,test,1149,1183,1
split_05,5,test,1239,1274,1
split_05,5,test,1096,1128,1
split_05,5,test,1373,1409,1
split_05,5,test,2911,3165,0
split_05,5,test,1661,1715,1
split_05,5,test,258,264,1
split_05,5,test,666,684,1
split_05,5,test,2130,2266,0
split_05,5,test,340,349,1
split_05,5,test,2544,2740,0
split_05,5,test,1718,1778,0
split_05,5,test,0,1,1
split_05,5,test,937,963,1
split_05,5,test,927,953,1
split_05,5,test,1045,1073,1
split_05,5,test,902,925,1
split_05,5,test,332,340,1
split_05,5,test,1148,1182,1
split_05,5,test,1789,1864,0
split_05,5,test,2212,2362,0
split_05,5,test,1712,1772,0
split_05,5,test,1523,1560,1
split_05,5,test,1890,1981,0
split_05,5,test,681,699,1
split_05,5,test,204,210,1
split_05,5,test,2740,2976,0
split_05,5,test,1877,1967,0
split_05,5,test,1055,1083,1
split_05,5,test,602,617,1
split_05,5,test,445,454,1
split_05,5,test,199,205,1
split_05,5,test,2139,2277,0
split_05,5,test,2576,2781,0
split_05,5,test,969,996,1
split_05,5,test,888,910,1
split_05,5,test,2265,2421,0
split_05,5,test,386,395,1
split_05,5,test,387,396,1
split_05,5,test,3099,3380,0
split_05,5,test,1980,2085,0
split_05,5,test,2613,2827,0
split_05,5,test,964,990,1
split_05,5,test,2714,2946,0
split_05,5,test,2434,2616,0
split_05,5,test,2836,3084,0
split_05,5,test,436,445,1
split_05,5,test,425,434,1
split_05,5,test,310,318,1
split_05,5,test,2575,2779,0
split_05,5,test,2842,3091,0
split_05,5,test,2902,3154,0
split_05,5,test,2845,3094,0
split_05,5,test,1952,2053,0
split_05,5,test,1439,1476,1
split_05,5,test,2565,2767,0
split_05,5,test,1256,1291,1
split_05,5,test,2245,2398,0
split_05,5,test,769,790,1
split_05,5,test,233,239,1
split_05,5,test,2638,2858,0
split_05,5,test,256,262,1
split_05,5,test,241,247,1
split_05,5,test,1192,1227,1
split_05,5,test,2295,2459,0
split_05,5,test,676,694,1
split_05,5,test,336,345,1
split_05,5,test,3035,3306,0
split_05,5,test,1938,2036,0
split_05,5,test,2834,3082,0
split_05,5,test,78,80,1
split_05,5,test,1053,1081,1
split_05,5,test,2914,3168,0
split_05,5,test,167,171,1
split_05,5,test,2921,3175,0
split_05,5,test,498,509,1
split_05,5,test,1588,1627,1
split_05,5,test,3073,3352,0
split_05,5,test,2709,2941,0
split_05,5,test,517,528,1
split_05,5,test,486,496,1
split_05,5,test,1580,1617,1
split_05,5,test,3040,3312,0
split_05,5,test,1697,1756,0
split_05,5,test,2546,2742,0
split_05,5,test,1569,1606,1
split_05,5,test,2346,2517,0
split_05,5,test,727,747,1
split_05,5,test,798,819,1
split_05,5,test,2830,3077,0
split_05,5,test,2449,2634,0
split_05,5,test,2722,2955,0
split_05,5,test,2584,2789,0
split_05,5,test,2773,3014,0
split_05,5,test,171,175,1
split_05,5,test,1360,1396,1
split_05,5,test,889,911,1
split_05,5,test,1579,1616,1
split_05,5,test,230,236,1
split_05,5,test,622,638,1
split_05,5,test,14,15,1
split_05,5,test,1513,1550,1
split_05,5,test,1279,1314,1
split_05,5,test,2006,2118,0
split_05,5,test,777,798,1
split_05,5,test,2663,2887,0
split_05,5,test,1345,1381,1
split_05,5,test,689,707,1
split_05,5,test,1529,1566,1
split_05,5,test,1364,1400,1
split_05,5,test,895,917,1
split_05,5,test,2426,2607,0
split_05,5,test,2946,3203,0
split_05,5,test,2558,2758,0
split_05,5,test,38,40,1
split_05,5,test,1061,1090,1
split_05,5,test,3001,3266,0
split_05,5,test,1238,1273,1
split_05,5,test,1571,1608,1
split_05,5,test,2654,2878,0
split_05,5,test,2998,3263,0
split_05,5,test,1731,1792,0
split_05,5,test,804,825,1
split_05,5,test,871,893,1
split_05,5,test,735,755,1
split_05,5,test,1973,2078,0
split_05,5,test,1000,1027,1
split_05,5,test,990,1017,1
split_05,5,test,675,693,1
split_05,5,test,2505,2691,0
split_05,5,test,2616,2831,0
split_05,5,test,2003,2113,0
split_05,5,test,1465,1502,1
split_05,5,test,2720,2952,0
split_05,5,test,1581,1620,1
split_05,5,test,2549,2745,0
split_05,5,test,1912,2008,0
split_05,5,test,1030,1058,1
split_05,5,test,2641,2863,0
split_05,5,test,1243,1278,1
split_05,5,test,2985,3249,0
split_05,5,test,1618,1661,1
split_05,5,test,2590,2796,0
split_05,5,test,916,941,1
split_05,5,test,1785,1858,0
split_05,5,test,2231,2382,0
split_05,5,test,2187,2331,0
split_05,5,test,760,781,1
split_05,5,test,3088,3367,0
split_05,5,test,1630,1678,1
split_05,5,test,2940,3197,0
split_05,5,test,2386,2562,0
split_05,5,test,524,536,1
split_05,5,test,376,385,1
split_05,5,test,2905,3157,0
split_05,5,test,2829,3076,0
split_05,5,test,1172,1207,1
split_05,5,test,1333,1368,1
split_05,5,test,634,651,1
split_05,5,test,1267,1302,1
split_05,5,test,2067,2196,0
split_05,5,test,1019,1047,1
split_05,5,test,2777,3018,0
split_05,5,test,1920,2016,0
split_05,5,test,208,214,1
split_05,5,test,3014,3282,0
split_05,5,test,2793,3037,0
split_05,5,test,1787,1860,0
split_05,5,test,971,998,1
split_05,5,test,2913,3167,0
split_05,5,test,410,419,1
split_05,5,test,2977,3237,0
split_05,5,test,3135,3420,0
split_05,5,test,284,291,1
split_05,5,test,394,403,1
split_05,5,test,776,797,1
split_05,5,test,363,372,1
split_05,5,test,816,837,1
split_05,5,test,342,351,1
split_05,5,test,640,657,1
split_05,5,test,2810,3055,0
split_05,5,test,1649,1703,1
split_05,5,test,2561,2762,0
split_05,5,test,1548,1585,1
split_05,5,test,1444,1481,1
split_05,5,test,2457,2642,0
split_05,5,test,2013,2132,0
split_05,5,test,2349,2520,0
split_05,5,test,1366,1402,1
split_05,5,test,1352,1388,1
split_05,5,test,952,978,1
split_05,5,test,3105,3388,0
split_05,5,test,2244,2397,0
split_05,5,test,3139,3424,0
split_05,5,test,1071,1100,1
split_05,5,test,893,915,1
split_05,5,test,1312,1347,1
split_05,5,test,114,116,1
split_05,5,test,2043,2167,0
split_05,5,test,337,346,1
split_05,5,test,1990,2099,0
split_05,5,test,1753,1820,0
split_05,5,test,2530,2724,0
split_05,5,test,3166,3462,0
split_05,5,test,2504,2690,0
split_05,5,test,1275,1310,1
split_05,5,test,1179,1214,1
split_05,5,test,545,560,1
split_05,5,test,1473,1510,1
split_05,5,test,850,871,1
split_05,5,test,1729,1790,0
split_05,5,test,2593,2799,0
split_05,5,test,1175,1210,1
split_05,5,test,2344,2515,0
split_05,5,test,1338,1374,1
split_05,5,test,1318,1353,1
split_05,5,test,1584,1623,1
split_05,5,test,1365,1401,1
split_05,5,test,989,1016,1
split_05,5,test,1992,2101,0
split_05,5,test,1520,1557,1
split_05,5,test,981,1008,1
split_05,5,test,1491,1528,1
split_05,5,test,1812,1890,0
split_05,5,test,1705,1764,0
split_05,5,test,2758,2996,0
split_05,5,test,135,138,1
split_05,5,test,3022,3291,0
split_05,5,test,1160,1195,1
split_05,5,test,3130,3415,0
split_05,5,test,827,848,1
split_05,5,test,160,164,1
split_05,5,test,2228,2379,0
split_05,5,test,2329,2498,0
split_05,5,test,483,493,1
split_05,5,test,1447,1484,1
split_05,5,test,2039,2162,0
split_05,5,test,2739,2975,0
split_05,5,test,2203,2352,0
split_05,5,test,2137,2274,0
split_05,5,test,1622,1667,1
split_05,5,test,2345,2516,0
split_05,5,test,427,436,1
split_05,5,test,930,956,1
split_05,5,test,1551,1588,1
split_05,5,test,2706,2938,0
split_05,5,test,2608,2821,0
split_05,5,test,2433,2615,0
split_05,5,test,912,937,1
split_05,5,test,2232,2383,0
split_05,5,test,1451,1488,1
split_05,5,test,455,465,1
split_05,5,test,1879,1969,0
split_05,5,test,1795,1871,0
split_05,5,test,1344,1380,1
split_05,5,test,3092,3371,0
split_05,5,test,2403,2582,0
split_05,5,test,2181,2325,0
split_05,5,test,6,7,1
split_05,5,test,354,363,1
split_05,5,test,1539,1576,1
split_05,5,test,2571,2774,0
split_05,5,test,1334,1369,1
split_05,5,test,844,865,1
split_05,5,test,1948,2048,0
split_05,5,test,2417,2596,0
split_05,5,test,626,642,1
split_05,5,test,3113,3396,0
split_05,5,test,1878,1968,0
split_05,5,test,1863,1950,0
split_05,5,test,1159,1194,1
split_05,5,test,1087,1117,1
split_05,5,test,559,574,1
split_05,5,test,967,993,1
split_05,5,test,2489,2675,0
split_05,5,test,765,786,1
split_05,5,test,2435,2617,0
split_05,5,test,2010,2129,0
split_05,5,test,1545,1582,1
split_05,5,test,629,645,1
split_05,5,test,2727,2961,0
split_05,5,test,947,973,1
split_05,5,test,1555,1592,1
split_05,5,test,156,160,1
split_05,5,test,671,689,1
split_05,5,test,1728,1788,0
split_05,5,test,2342,2513,0
split_05,5,test,3101,3382,0
split_05,5,test,429,438,1
split_05,5,test,860,881,1
split_05,5,test,1888,1979,0
split_05,5,test,2000,2110,0
split_05,5,test,575,590,1
split_05,5,test,2497,2683,0
split_05,5,test,1121,1154,1
split_05,5,test,687,705,1
split_05,5,test,1936,2034,0
split_05,5,test,773,794,1
split_05,5,test,1667,1721,1
split_05,5,test,2795,3039,0
split_05,5,test,3142,3427,0
split_05,5,test,1454,1491,1
split_05,5,test,3051,3327,0
split_05,5,test,799,820,1
split_05,5,test,154,158,1
split_05,5,test,3042,3315,0
split_05,5,test,1384,1420,1
split_05,5,test,313,321,1
split_05,5,test,2204,2353,0
split_05,5,test,2754,2991,0
split_05,5,test,122,124,1
split_05,5,test,287,295,1
split_05,5,test,3036,3308,0
split_05,5,test,1283,1318,1
split_05,5,test,63,65,1
split_05,5,test,108,110,1
split_05,5,test,2728,2962,0
split_05,5,test,220,226,1
split_05,5,test,857,878,1
split_05,5,test,1687,1745,0
split_05,5,test,341,350,1
split_05,5,test,1295,1330,1
split_05,5,test,2500,2686,0
split_05,5,test,2993,3257,0
split_05,5,test,3117,3400,0
split_05,5,test,2601,2814,0
split_05,5,test,2060,2187,0
split_05,5,test,1725,1785,0
split_05,5,test,2566,2768,0
split_05,5,test,1627,1675,1
split_05,5,test,2724,2957,0
split_05,5,test,1144,1178,1
split_05,5,test,754,775,1
split_05,5,test,453,463,1
split_05,5,test,1714,1774,0
split_05,5,test,1210,1245,1
split_05,5,test,119,121,1
split_05,5,test,2466,2652,0
split_05,5,test,459,469,1
split_05,5,test,2064,2192,0
split_05,5,test,849,870,1
split_05,5,test,2114,2249,0
split_05,5,test,1114,1147,1
split_05,5,test,3100,3381,0
split_05,5,test,3168,3464,0
split_05,5,test,1688,1746,0
split_05,5,test,433,442,1
split_05,5,test,1605,1644,1
split_05,5,test,2807,3052,0
split_05,5,test,1986,2092,0
split_05,5,test,986,1013,1
split_05,5,test,2251,2404,0
split_05,5,test,1066,1095,1
split_05,5,test,905,929,1
split_05,5,test,720,739,1
split_05,5,test,1518,1555,1
split_05,5,test,1040,1068,1
split_05,5,test,1744,1810,0
split_05,5,test,2112,2247,0
split_05,5,test,2355,2526,0
split_05,5,test,3041,3314,0
split_05,5,test,2713,2945,0
split_05,5,test,2784,3026,0
split_05,5,test,205,211,1
split_05,5,test,2378,2553,0
split_05,5,test,1648,1698,1
split_05,5,test,1049,1077,1
split_05,5,test,1448,1485,1
split_05,5,test,1755,1822,0
split_05,5,test,41,43,1
split_05,5,test,2751,2988,0
split_05,5,test,2652,2875,0
split_05,5,test,314,322,1
split_05,5,test,2382,2558,0
split_05,5,test,2867,3118,0
split_05,5,test,1530,1567,1
split_05,5,test,1968,2073,0
split_05,5,test,2471,2657,0
split_05,5,test,1817,1897,0
split_05,5,test,923,949,1
split_05,5,test,1156,1190,1
split_05,5,test,557,572,1
split_05,5,test,1445,1482,1
split_05,5,test,2018,2137,0
split_05,5,test,3169,3465,0
split_05,5,test,1135,1169,1
split_05,5,test,2640,2860,0
split_05,5,test,2125,2261,0
split_05,5,test,2046,2170,0
split_05,5,test,213,219,1
split_05,5,test,90,92,1
split_05,5,test,3,4,1
split_05,5,test,316,324,1
split_05,5,test,2941,3198,0
split_05,5,test,2338,2508,0
split_05,5,test,2153,2293,0
split_05,5,test,901,924,1
split_05,5,test,2976,3236,0
split_05,5,test,1748,1814,0
split_05,5,test,1553,1590,1
split_05,5,test,319,327,1
split_05,5,test,2769,3010,0
split_05,5,test,2146,2285,0
split_05,5,test,1251,1286,1
split_05,5,test,2932,3188,0
split_05,5,test,985,1012,1
split_05,5,test,512,523,1
split_05,5,test,2208,2358,0
split_05,5,test,1586,1625,1
split_05,5,test,2496,2682,0
split_05,5,test,2339,2510,0
split_05,5,test,2816,3061,0
split_05,5,test,91,93,1
split_05,5,test,638,655,1
split_05,5,test,1079,1108,1
split_05,5,test,46,48,1
split_05,5,test,601,616,1
split_05,5,test,2609,2822,0
split_05,5,test,2587,2792,0
split_05,5,test,3013,3281,0
split_05,5,test,2580,2785,0
split_05,5,test,1715,1775,0
split_05,5,test,728,748,1
split_05,5,test,2636,2856,0
split_05,5,test,855,876,1
split_05,5,test,2241,2393,0
split_05,5,test,414,423,1
split_05,5,test,2143,2281,0
split_05,5,test,706,725,1
split_05,5,test,786,807,1
split_05,5,test,3011,3279,0
split_05,5,test,696,714,1
split_05,5,test,2353,2524,0
split_05,5,test,2170,2312,0
split_05,5,test,1162,1197,1
split_05,5,test,840,861,1
split_05,5,test,374,383,1
split_05,5,test,1843,1928,0
split_05,5,test,1117,1150,1
split_05,5,test,790,811,1
split_05,5,test,2919,3173,0
split_05,5,test,2574,2778,0
split_05,5,test,2826,3073,0
split_05,5,test,2258,2413,0
split_05,5,test,1022,1050,1
split_05,5,test,1524,1561,1
split_05,5,test,1999,2109,0
split_05,5,test,1751,1818,0
split_05,5,test,913,938,1
split_05,5,test,1534,1571,1
split_05,5,test,501,512,1
split_05,5,test,2726,2959,0
split_05,5,test,1259,1294,1
split_05,5,test,1776,1848,0
split_05,5,test,2620,2836,0
split_05,5,test,2599,2808,0
split_05,5,test,1640,1690,1
split_05,5,test,2823,3069,0
split_05,5,test,854,875,1
split_05,5,test,1692,1750,0
split_05,5,test,1793,1868,0
split_05,5,test,117,119,1
split_05,5,test,2131,2267,0
split_05,5,test,110,112,1
split_05,5,test,1258,1293,1
split_05,5,test,2853,3102,0
split_05,5,test,494,505,1
split_05,5,test,2856,3106,0
split_05,5,test,306,314,1
split_05,5,test,939,965,1
split_05,5,test,1146,1180,1
split_05,5,test,2174,2316,0
split_05,5,test,143,146,1
split_06,6,train,2578,2783,0
split_06,6,train,1348,1384,1
split_06,6,train,107,109,1
split_06,6,train,169,173,1
split_06,6,train,972,999,1
split_06,6,train,2502,2688,0
split_06,6,train,2769,3010,0
split_06,6,train,246,252,1
split_06,6,train,1507,1544,1
split_06,6,train,371,380,1
split_06,6,train,2232,2383,0
split_06,6,train,3000,3265,0
split_06,6,train,54,56,1
split_06,6,train,468,478,1
split_06,6,train,1112,1145,1
split_06,6,train,1637,1687,1
split_06,6,train,2591,2797,0
split_06,6,train,1065,1094,1
split_06,6,train,1085,1115,1
split_06,6,train,1462,1499,1
split_06,6,train,1213,1248,1
split_06,6,train,554,569,1
split_06,6,train,2048,2172,0
split_06,6,train,2153,2293,0
split_06,6,train,1227,1262,1
split_06,6,train,2378,2553,0
split_06,6,train,1291,1326,1
split_06,6,train,1015,1043,1
split_06,6,train,2527,2721,0
split_06,6,train,2446,2631,0
split_06,6,train,2000,2110,0
split_06,6,train,1620,1665,1
split_06,6,train,1077,1106,1
split_06,6,train,2409,2588,0
split_06,6,train,490,500,1
split_06,6,train,582,597,1
split_06,6,train,939,965,1
split_06,6,train,2861,3112,0
split_06,6,train,2014,2133,0
split_06,6,train,2104,2239,0
split_06,6,train,2572,2775,0
split_06,6,train,2053,2178,0
split_06,6,train,1724,1784,0
split_06,6,train,1651,1705,1
split_06,6,train,720,739,1
split_06,6,train,106,108,1
split_06,6,train,706,725,1
split_06,6,train,1612,1653,1
split_06,6,train,1952,2053,0
split_06,6,train,2143,2281,0
split_06,6,train,2737,2973,0
split_06,6,train,85,87,1
split_06,6,train,1577,1614,1
split_06,6,train,2055,2180,0
split_06,6,train,1860,1947,0
split_06,6,train,1831,1912,0
split_06,6,train,301,309,1
split_06,6,train,1850,1936,0
split_06,6,train,3040,3312,0
split_06,6,train,1373,1409,1
split_06,6,train,518,529,1
split_06,6,train,2254,2408,0
split_06,6,train,1315,1350,1
split_06,6,train,1832,1913,0
split_06,6,train,1736,1798,0
split_06,6,train,587,602,1
split_06,6,train,77,79,1
split_06,6,train,1469,1506,1
split_06,6,train,125,127,1
split_06,6,train,2855,3105,0
split_06,6,train,2666,2891,0
split_06,6,train,2134,2271,0
split_06,6,train,1901,1996,0
split_06,6,train,1093,1125,1
split_06,6,train,1914,2010,0
split_06,6,train,2363,2534,0
split_06,6,train,1186,1221,1
split_06,6,train,2919,3173,0
split_06,6,train,447,456,1
split_06,6,train,1958,2061,0
split_06,6,train,1069,1098,1
split_06,6,train,1463,1500,1
split_06,6,train,2994,3259,0
split_06,6,train,2698,2930,0
split_06,6,train,1449,1486,1
split_06,6,train,1260,1295,1
split_06,6,train,2600,2812,0
split_06,6,train,992,1019,1
split_06,6,train,1282,1317,1
split_06,6,train,1550,1587,1
split_06,6,train,2250,2403,0
split_06,6,train,826,847,1
split_06,6,train,2130,2266,0
split_06,6,train,1220,1255,1
split_06,6,train,1889,1980,0
split_06,6,train,43,45,1
split_06,6,train,281,288,1
split_06,6,train,2181,2325,0
split_06,6,train,1900,1992,0
split_06,6,train,1591,1630,1
split_06,6,train,2746,2982,0
split_06,6,train,1677,1731,1
split_06,6,train,2044,2168,0
split_06,6,train,1427,1464,1
split_06,6,train,2043,2167,0
split_06,6,train,2322,2491,0
split_06,6,train,2626,2845,0
split_06,6,train,1096,1128,1
split_06,6,train,2915,3169,0
split_06,6,train,1912,2008,0
split_06,6,train,149,152,1
split_06,6,train,1089,1120,1
split_06,6,train,434,443,1
split_06,6,train,1132,1166,1
split_06,6,train,1248,1283,1
split_06,6,train,1421,1458,1
split_06,6,train,1794,1870,0
split_06,6,train,412,421,1
split_06,6,train,1409,1445,1
split_06,6,train,810,831,1
split_06,6,train,2047,2171,0
split_06,6,train,2211,2361,0
split_06,6,train,400,409,1
split_06,6,train,2089,2223,0
split_06,6,train,3061,3339,0
split_06,6,train,637,654,1
split_06,6,train,312,320,1
split_06,6,train,31,32,1
split_06,6,train,1211,1246,1
split_06,6,train,236,242,1
split_06,6,train,812,833,1
split_06,6,train,2249,2402,0
split_06,6,train,2005,2116,0
split_06,6,train,1035,1063,1
split_06,6,train,1574,1611,1
split_06,6,train,704,723,1
split_06,6,train,1856,1942,0
split_06,6,train,207,213,1
split_06,6,train,625,641,1
split_06,6,train,1823,1903,0
split_06,6,train,1600,1639,1
split_06,6,train,104,106,1
split_06,6,train,2351,2522,0
split_06,6,train,2588,2793,0
split_06,6,train,2639,2859,0
split_06,6,train,1998,2108,0
split_06,6,train,55,57,1
split_06,6,train,1318,1353,1
split_06,6,train,605,620,1
split_06,6,train,967,993,1
split_06,6,train,1124,1157,1
split_06,6,train,1483,1520,1
split_06,6,train,1656,1710,1
split_06,6,train,566,581,1
split_06,6,train,612,627,1
split_06,6,train,2661,2885,0
split_06,6,train,2108,2243,0
split_06,6,train,1551,1588,1
split_06,6,train,900,923,1
split_06,6,train,1725,1785,0
split_06,6,train,2091,2225,0
split_06,6,train,180,184,1
split_06,6,train,3142,3427,0
split_06,6,train,547,562,1
split_06,6,train,1444,1481,1
split_06,6,train,1650,1704,1
split_06,6,train,9,10,1
split_06,6,train,2628,2847,0
split_06,6,train,732,752,1
split_06,6,train,2156,2296,0
split_06,6,train,576,591,1
split_06,6,train,1925,2022,0
split_06,6,train,2552,2749,0
split_06,6,train,791,812,1
split_06,6,train,1122,1155,1
split_06,6,train,11,12,1
split_06,6,train,3143,3428,0
split_06,6,train,1713,1773,0
split_06,6,train,3064,3342,0
split_06,6,train,2316,2485,0
split_06,6,train,520,532,1
split_06,6,train,1465,1502,1
split_06,6,train,1442,1479,1
split_06,6,train,339,348,1
split_06,6,train,2636,2856,0
split_06,6,train,3099,3380,0
split_06,6,train,757,778,1
split_06,6,train,2355,2526,0
split_06,6,train,2119,2255,0
split_06,6,train,23,24,1
split_06,6,train,2376,2550,0
split_06,6,train,2371,2542,0
split_06,6,train,2616,2831,0
split_06,6,train,1596,1635,1
split_06,6,train,1639,1689,1
split_06,6,train,1257,1292,1
split_06,6,train,36,37,1
split_06,6,train,3104,3387,0
split_06,6,train,2529,2723,0
split_06,6,train,2902,3154,0
split_06,6,train,1013,1041,1
split_06,6,train,948,974,1
split_06,6,train,2606,2819,0
split_06,6,train,1082,1112,1
split_06,6,train,2567,2769,0
split_06,6,train,101,103,1
split_06,6,train,2152,2291,0
split_06,6,train,2449,2634,0
split_06,6,train,959,985,1
split_06,6,train,1511,1548,1
split_06,6,train,2541,2736,0
split_06,6,train,1985,2091,0
split_06,6,train,358,367,1
split_06,6,train,2346,2517,0
split_06,6,train,158,162,1
split_06,6,train,1580,1617,1
split_06,6,train,2294,2458,0
split_06,6,train,1995,2105,0
split_06,6,train,1834,1915,0
split_06,6,train,2957,3214,0
split_06,6,train,1054,1082,1
split_06,6,train,1164,1199,1
split_06,6,train,1446,1483,1
split_06,6,train,999,1026,1
split_06,6,train,1674,1728,1
split_06,6,train,1986,2092,0
split_06,6,train,343,352,1
split_06,6,train,1464,1501,1
split_06,6,train,2182,2326,0
split_06,6,train,327,335,1
split_06,6,train,134,137,1
split_06,6,train,604,619,1
split_06,6,train,1801,1878,0
split_06,6,train,1934,2031,0
split_06,6,train,1744,1810,0
split_06,6,train,3012,3280,0
split_06,6,train,777,798,1
split_06,6,train,726,746,1
split_06,6,train,910,935,1
split_06,6,train,1558,1595,1
split_06,6,train,2440,2623,0
split_06,6,train,1999,2109,0
split_06,6,train,58,60,1
split_06,6,train,3098,3379,0
split_06,6,train,1515,1552,1
split_06,6,train,1407,1443,1
split_06,6,train,361,370,1
split_06,6,train,2150,2289,0
split_06,6,train,380,389,1
split_06,6,train,654,672,1
split_06,6,train,715,734,1
split_06,6,train,841,862,1
split_06,6,train,2336,2506,0
split_06,6,train,2723,2956,0
split_06,6,train,2026,2149,0
split_06,6,train,1150,1184,1
split_06,6,train,20,21,1
split_06,6,train,1791,1866,0
split_06,6,train,2137,2274,0
split_06,6,train,3080,3359,0
split_06,6,train,633,650,1
split_06,6,train,2998,3263,0
split_06,6,train,648,666,1
split_06,6,train,3078,3357,0
split_06,6,train,3009,3277,0
split_06,6,train,1820,1900,0
split_06,6,train,499,510,1
split_06,6,train,3037,3309,0
split_06,6,train,1471,1508,1
split_06,6,train,2205,2355,0
split_06,6,train,97,99,1
split_06,6,train,2082,2214,0
split_06,6,train,1480,1517,1
split_06,6,train,2942,3199,0
split_06,6,train,1887,1978,0
split_06,6,train,969,996,1
split_06,6,train,2582,2787,0
split_06,6,train,1321,1356,1
split_06,6,train,3095,3376,0
split_06,6,train,3109,3392,0
split_06,6,train,1166,1201,1
split_06,6,train,2622,2838,0
split_06,6,train,1623,1668,1
split_06,6,train,752,773,1
split_06,6,train,18,19,1
split_06,6,train,2149,2288,0
split_06,6,train,2758,2996,0
split_06,6,train,2729,2963,0
split_06,6,train,2288,2452,0
split_06,6,train,163,167,1
split_06,6,train,3169,3465,0
split_06,6,train,1989,2097,0
split_06,6,train,1742,1807,0
split_06,6,train,1548,1585,1
split_06,6,train,2393,2569,0
split_06,6,train,1991,2100,0
split_06,6,train,801,822,1
split_06,6,train,1382,1418,1
split_06,6,train,2461,2646,0
split_06,6,train,3151,3438,0
split_06,6,train,1299,1334,1
split_06,6,train,188,192,1
split_06,6,train,2918,3172,0
split_06,6,train,2101,2236,0
split_06,6,train,1928,2025,0
split_06,6,train,3105,3388,0
split_06,6,train,593,608,1
split_06,6,train,2894,3146,0
split_06,6,train,1881,1971,0
split_06,6,train,690,708,1
split_06,6,train,1286,1321,1
split_06,6,train,852,873,1
split_06,6,train,2778,3019,0
split_06,6,train,2120,2256,0
split_06,6,train,928,954,1
split_06,6,train,2799,3043,0
split_06,6,train,258,264,1
split_06,6,train,356,365,1
split_06,6,train,703,722,1
split_06,6,train,1937,2035,0
split_06,6,train,1467,1504,1
split_06,6,train,735,755,1
split_06,6,train,2398,2575,0
split_06,6,train,2198,2345,0
split_06,6,train,2571,2774,0
split_06,6,train,2744,2980,0
split_06,6,train,317,325,1
split_06,6,train,1461,1498,1
split_06,6,train,2631,2850,0
split_06,6,train,2618,2834,0
split_06,6,train,751,772,1
split_06,6,train,578,593,1
split_06,6,train,548,563,1
split_06,6,train,1648,1698,1
split_06,6,train,1693,1751,0
split_06,6,train,1390,1426,1
split_06,6,train,1833,1914,0
split_06,6,train,298,306,1
split_06,6,train,2917,3171,0
split_06,6,train,2333,2503,0
split_06,6,train,2741,2977,0
split_06,6,train,1694,1753,0
split_06,6,train,1658,1712,1
split_06,6,train,744,764,1
split_06,6,train,2551,2748,0
split_06,6,train,2332,2502,0
split_06,6,train,1578,1615,1
split_06,6,train,1475,1512,1
split_06,6,train,374,383,1
split_06,6,train,1142,1176,1
split_06,6,train,1618,1661,1
split_06,6,train,1523,1560,1
split_06,6,train,2675,2902,0
split_06,6,train,1375,1411,1
split_06,6,train,3140,3425,0
split_06,6,train,1246,1281,1
split_06,6,train,342,351,1
split_06,6,train,802,823,1
split_06,6,train,438,447,1
split_06,6,train,1960,2064,0
split_06,6,train,1125,1158,1
split_06,6,train,1301,1336,1
split_06,6,train,488,498,1
split_06,6,train,885,907,1
split_06,6,train,1199,1234,1
split_06,6,train,337,346,1
split_06,6,train,156,160,1
split_06,6,train,2865,3116,0
split_06,6,train,1181,1216,1
split_06,6,train,3122,3405,0
split_06,6,train,2426,2607,0
split_06,6,train,142,145,1
split_06,6,train,2204,2353,0
split_06,6,train,38,40,1
split_06,6,train,1118,1151,1
split_06,6,train,1655,1709,1
split_06,6,train,195,201,1
split_06,6,train,2168,2310,0
split_06,6,train,93,95,1
split_06,6,train,2768,3009,0
split_06,6,train,824,845,1
split_06,6,train,1816,1895,0
split_06,6,train,44,46,1
split_06,6,train,2364,2535,0
split_06,6,train,1966,2070,0
split_06,6,train,859,880,1
split_06,6,train,432,441,1
split_06,6,train,2803,3047,0
split_06,6,train,2432,2614,0
split_06,6,train,3114,3397,0
split_06,6,train,2825,3071,0
split_06,6,train,754,775,1
split_06,6,train,313,321,1
split_06,6,train,738,758,1
split_06,6,train,2652,2875,0
split_06,6,train,1201,1236,1
split_06,6,train,1417,1454,1
split_06,6,train,551,566,1
split_06,6,train,1560,1597,1
split_06,6,train,2910,3164,0
split_06,6,train,28,29,1
split_06,6,train,799,820,1
split_06,6,train,1802,1879,0
split_06,6,train,2877,3128,0
split_06,6,train,2107,2242,0
split_06,6,train,497,508,1
split_06,6,train,1061,1090,1
split_06,6,train,27,28,1
split_06,6,train,2087,2221,0
split_06,6,train,3148,3433,0
split_06,6,train,2804,3048,0
split_06,6,train,2935,3192,0
split_06,6,train,2710,2942,0
split_06,6,train,2556,2756,0
split_06,6,train,995,1022,1
split_06,6,train,2695,2927,0
split_06,6,train,179,183,1
split_06,6,train,1866,1954,0
split_06,6,train,603,618,1
split_06,6,train,1327,1362,1
split_06,6,train,39,41,1
split_06,6,train,1151,1185,1
split_06,6,train,1048,1076,1
split_06,6,train,1215,1250,1
split_06,6,train,2388,2564,0
split_06,6,train,1565,1602,1
split_06,6,train,2381,2557,0
split_06,6,train,1806,1883,0
split_06,6,train,1973,2078,0
split_06,6,train,2846,3095,0
split_06,6,train,3018,3287,0
split_06,6,train,689,707,1
split_06,6,train,3165,3461,0
split_06,6,train,2374,2545,0
split_06,6,train,1701,1760,0
split_06,6,train,416,425,1
split_06,6,train,1863,1950,0
split_06,6,train,2836,3084,0
split_06,6,train,2401,2578,0
split_06,6,train,2277,2435,0
split_06,6,train,563,578,1
split_06,6,train,2475,2661,0
split_06,6,train,2718,2950,0
split_06,6,train,2493,2679,0
split_06,6,train,933,959,1
split_06,6,train,127,129,1
split_06,6,train,413,422,1
split_06,6,train,3111,3394,0
split_06,6,train,3096,3377,0
split_06,6,train,2118,2254,0
split_06,6,train,1042,1070,1
split_06,6,train,3024,3293,0
split_06,6,train,1470,1507,1
split_06,6,train,1276,1311,1
split_06,6,train,485,495,1
split_06,6,train,1981,2087,0
split_06,6,train,558,573,1
split_06,6,train,2177,2319,0
split_06,6,train,192,197,1
split_06,6,train,1331,1366,1
split_06,6,train,534,547,1
split_06,6,train,419,428,1
split_06,6,train,2603,2816,0
split_06,6,train,3149,3435,0
split_06,6,train,1915,2011,0
split_06,6,train,1026,1054,1
split_06,6,train,2317,2486,0
split_06,6,train,2845,3094,0
split_06,6,train,2872,3123,0
split_06,6,train,985,1012,1
split_06,6,train,1906,2002,0
split_06,6,train,1638,1688,1
split_06,6,train,321,329,1
split_06,6,train,2633,2852,0
split_06,6,train,1316,1351,1
split_06,6,train,1028,1056,1
split_06,6,train,2059,2186,0
split_06,6,train,2593,2799,0
split_06,6,train,1050,1078,1
split_06,6,train,532,545,1
split_06,6,train,784,805,1
split_06,6,train,424,433,1
split_06,6,train,888,910,1
split_06,6,train,2175,2317,0
split_06,6,train,1012,1040,1
split_06,6,train,993,1020,1
split_06,6,train,1317,1352,1
split_06,6,train,1741,1805,0
split_06,6,train,1401,1437,1
split_06,6,train,1622,1667,1
split_06,6,train,1452,1489,1
split_06,6,train,257,263,1
split_06,6,train,1780,1853,0
split_06,6,train,3082,3361,0
split_06,6,train,481,491,1
split_06,6,train,2602,2815,0
split_06,6,train,2664,2888,0
split_06,6,train,820,841,1
split_06,6,train,1127,1160,1
split_06,6,train,2927,3183,0
split_06,6,train,538,552,1
split_06,6,train,2027,2150,0
split_06,6,train,2341,2512,0
split_06,6,train,51,53,1
split_06,6,train,1437,1474,1
split_06,6,train,2714,2946,0
split_06,6,train,1883,1973,0
split_06,6,train,2190,2335,0
split_06,6,train,1146,1180,1
split_06,6,train,116,118,1
split_06,6,train,800,821,1
split_06,6,train,2323,2492,0
split_06,6,train,1871,1961,0
split_06,6,train,915,940,1
split_06,6,train,2335,2505,0
split_06,6,train,2760,2998,0
split_06,6,train,2995,3260,0
split_06,6,train,2663,2887,0
split_06,6,train,448,458,1
split_06,6,train,978,1005,1
split_06,6,train,333,342,1
split_06,6,train,817,838,1
split_06,6,train,1439,1476,1
split_06,6,train,2638,2858,0
split_06,6,train,2353,2524,0
split_06,6,train,2867,3118,0
split_06,6,train,2145,2283,0
split_06,6,train,110,112,1
split_06,6,train,2966,3226,0
split_06,6,train,1667,1721,1
split_06,6,train,16,17,1
split_06,6,train,610,625,1
split_06,6,train,1191,1226,1
split_06,6,train,1707,1766,0
split_06,6,train,1397,1433,1
split_06,6,train,1625,1673,1
split_06,6,train,2054,2179,0
split_06,6,train,137,140,1
split_06,6,train,1224,1259,1
split_06,6,train,252,258,1
split_06,6,train,714,733,1
split_06,6,train,1522,1559,1
split_06,6,train,2609,2822,0
split_06,6,train,1537,1574,1
split_06,6,train,2512,2699,0
split_06,6,train,496,507,1
split_06,6,train,1131,1165,1
split_06,6,train,3133,3418,0
split_06,6,train,1274,1309,1
split_06,6,train,1539,1576,1
split_06,6,train,1058,1087,1
split_06,6,train,2161,2301,0
split_06,6,train,697,716,1
split_06,6,train,7,8,1
split_06,6,train,2160,2300,0
split_06,6,train,3076,3355,0
split_06,6,train,1585,1624,1
split_06,6,train,174,178,1
split_06,6,train,848,869,1
split_06,6,train,2879,3130,0
split_06,6,train,963,989,1
split_06,6,train,1729,1790,0
split_06,6,train,623,639,1
split_06,6,train,2611,2825,0
split_06,6,train,657,675,1
split_06,6,train,681,699,1
split_06,6,train,709,728,1
split_06,6,train,2117,2253,0
split_06,6,train,3152,3439,0
split_06,6,train,2073,2205,0
split_06,6,train,2251,2404,0
split_06,6,train,153,157,1
split_06,6,train,2671,2898,0
split_06,6,train,212,218,1
split_06,6,train,1059,1088,1
split_06,6,train,2051,2176,0
split_06,6,train,240,246,1
split_06,6,train,718,737,1
split_06,6,train,2789,3033,0
split_06,6,train,1708,1767,0
split_06,6,train,442,451,1
split_06,6,train,962,988,1
split_06,6,train,61,63,1
split_06,6,train,1599,1638,1
split_06,6,train,1477,1514,1
split_06,6,train,2563,2764,0
split_06,6,train,1284,1319,1
split_06,6,train,1099,1131,1
split_06,6,train,1333,1368,1
split_06,6,train,1730,1791,0
split_06,6,train,1423,1460,1
split_06,6,train,1400,1436,1
split_06,6,train,834,855,1
split_06,6,train,2406,2585,0
split_06,6,train,2416,2595,0
split_06,6,train,2685,2915,0
split_06,6,train,651,669,1
split_06,6,train,2931,3187,0
split_06,6,train,693,711,1
split_06,6,train,669,687,1
split_06,6,train,2941,3198,0
split_06,6,train,649,667,1
split_06,6,train,2820,3066,0
split_06,6,train,1772,1841,0
split_06,6,train,643,660,1
split_06,6,train,764,785,1
split_06,6,train,1822,1902,0
split_06,6,train,1720,1780,0
split_06,6,train,140,143,1
split_06,6,train,1775,1847,0
split_06,6,train,1961,2065,0
split_06,6,train,629,645,1
split_06,6,train,2313,2482,0
split_06,6,train,2699,2931,0
split_06,6,train,2678,2906,0
split_06,6,train,3102,3383,0
split_06,6,train,835,856,1
split_06,6,train,529,542,1
split_06,6,train,2680,2908,0
split_06,6,train,2982,3245,0
split_06,6,train,815,836,1
split_06,6,train,268,275,1
split_06,6,train,2417,2596,0
split_06,6,train,1022,1050,1
split_06,6,train,1690,1748,0
split_06,6,train,1547,1584,1
split_06,6,train,1388,1424,1
split_06,6,train,165,169,1
split_06,6,train,1557,1594,1
split_06,6,train,701,720,1
split_06,6,train,1710,1770,0
split_06,6,train,1183,1218,1
split_06,6,train,665,683,1
split_06,6,train,2909,3163,0
split_06,6,train,1500,1537,1
split_06,6,train,1795,1871,0
split_06,6,train,728,748,1
split_06,6,train,1482,1519,1
split_06,6,train,3083,3362,0
split_06,6,train,1128,1161,1
split_06,6,train,1383,1419,1
split_06,6,train,2788,3032,0
split_06,6,train,2996,3261,0
split_06,6,train,57,59,1
split_06,6,train,2647,2869,0
split_06,6,train,2437,2619,0
split_06,6,train,748,769,1
split_06,6,train,2429,2610,0
split_06,6,train,2780,3021,0
split_06,6,train,2486,2672,0
split_06,6,train,1664,1718,1
split_06,6,train,2483,2669,0
split_06,6,train,2203,2352,0
split_06,6,train,78,80,1
split_06,6,train,1668,1722,1
split_06,6,train,295,303,1
split_06,6,train,991,1018,1
split_06,6,train,2921,3175,0
split_06,6,train,638,655,1
split_06,6,train,2977,3237,0
split_06,6,train,3051,3327,0
split_06,6,train,1607,1646,1
split_06,6,train,2186,2330,0
split_06,6,train,1440,1477,1
split_06,6,train,3147,3432,0
split_06,6,train,3116,3399,0
split_06,6,train,1586,1625,1
split_06,6,train,868,890,1
split_06,6,train,1851,1937,0
split_06,6,train,3047,3321,0
split_06,6,train,1805,1882,0
split_06,6,train,267,274,1
split_06,6,train,2944,3201,0
split_06,6,train,1584,1623,1
split_06,6,train,484,494,1
split_06,6,train,1531,1568,1
split_06,6,train,659,677,1
split_06,6,train,2248,2401,0
split_06,6,train,306,314,1
split_06,6,train,1103,1136,1
split_06,6,train,2443,2628,0
split_06,6,train,1004,1031,1
split_06,6,train,56,58,1
split_06,6,train,2496,2682,0
split_06,6,train,1563,1600,1
split_06,6,train,1066,1095,1
split_06,6,train,2784,3026,0
split_06,6,train,1611,1652,1
split_06,6,train,535,548,1
split_06,6,train,1979,2084,0
split_06,6,train,33,34,1
split_06,6,train,580,595,1
split_06,6,train,1295,1330,1
split_06,6,train,2976,3236,0
split_06,6,train,2908,3162,0
split_06,6,train,3074,3353,0
split_06,6,train,2646,2868,0
split_06,6,train,217,223,1
split_06,6,train,478,488,1
split_06,6,train,2893,3145,0
split_06,6,train,2747,2983,0
split_06,6,train,1593,1632,1
split_06,6,train,3125,3409,0
split_06,6,train,449,459,1
split_06,6,train,525,537,1
split_06,6,train,1644,1694,1
split_06,6,train,851,872,1
split_06,6,train,2938,3195,0
split_06,6,train,1630,1678,1
split_06,6,train,956,982,1
split_06,6,train,2620,2836,0
split_06,6,train,2539,2734,0
split_06,6,train,1403,1439,1
split_06,6,train,2766,3007,0
split_06,6,train,1194,1229,1
split_06,6,train,1807,1884,0
split_06,6,train,2389,2565,0
split_06,6,train,2617,2833,0
split_06,6,train,2413,2592,0
split_06,6,train,3046,3320,0
split_06,6,train,8,9,1
split_06,6,train,220,226,1
split_06,6,train,903,926,1
split_06,6,train,1556,1593,1
split_06,6,train,1853,1939,0
split_06,6,train,2275,2433,0
split_06,6,train,509,520,1
split_06,6,train,483,493,1
split_06,6,train,184,188,1
split_06,6,train,2463,2649,0
split_06,6,train,1064,1093,1
split_06,6,train,1304,1339,1
split_06,6,train,2922,3176,0
split_06,6,train,1939,2037,0
split_06,6,train,716,735,1
split_06,6,train,336,345,1
split_06,6,train,1385,1421,1
split_06,6,train,807,828,1
split_06,6,train,1568,1605,1
split_06,6,train,1692,1750,0
split_06,6,train,2709,2941,0
split_06,6,train,1419,1456,1
split_06,6,train,1431,1468,1
split_06,6,train,4,5,1
split_06,6,train,290,298,1
split_06,6,train,1490,1527,1
split_06,6,train,1411,1447,1
split_06,6,train,397,406,1
split_06,6,train,2081,2213,0
split_06,6,train,1576,1613,1
split_06,6,train,831,852,1
split_06,6,train,1062,1091,1
split_06,6,train,2984,3248,0
split_06,6,train,19,20,1
split_06,6,train,1529,1566,1
split_06,6,train,3124,3407,0
split_06,6,train,2726,2959,0
split_06,6,train,1323,1358,1
split_06,6,train,381,390,1
split_06,6,train,1955,2056,0
split_06,6,train,668,686,1
split_06,6,train,92,94,1
split_06,6,train,2458,2643,0
split_06,6,train,1195,1230,1
split_06,6,train,1988,2096,0
split_06,6,train,3090,3369,0
split_06,6,train,350,359,1
split_06,6,train,804,825,1
split_06,6,train,2494,2680,0
split_06,6,train,1976,2081,0
split_06,6,train,3043,3317,0
split_06,6,train,816,837,1
split_06,6,train,2725,2958,0
split_06,6,train,1739,1801,0
split_06,6,train,2289,2453,0
split_06,6,train,340,349,1
split_06,6,train,2503,2689,0
split_06,6,train,2295,2459,0
split_06,6,train,1782,1855,0
split_06,6,train,2536,2731,0
split_06,6,train,2683,2913,0
split_06,6,train,1476,1513,1
split_06,6,train,1839,1921,0
split_06,6,train,2357,2528,0
split_06,6,train,980,1007,1
split_06,6,train,2798,3042,0
split_06,6,train,1121,1154,1
split_06,6,train,1488,1525,1
split_06,6,train,2830,3077,0
split_06,6,train,1466,1503,1
split_06,6,train,2469,2655,0
split_06,6,train,2691,2922,0
split_06,6,train,2826,3073,0
split_06,6,train,2619,2835,0
split_06,6,train,585,600,1
split_06,6,train,842,863,1
split_06,6,train,632,649,1
split_06,6,train,1228,1263,1
split_06,6,train,2682,2912,0
split_06,6,train,2828,3075,0
split_06,6,train,2651,2873,0
split_06,6,train,2383,2559,0
split_06,6,train,2380,2555,0
split_06,6,train,688,706,1
split_06,6,train,1874,1964,0
split_06,6,train,1340,1376,1
split_06,6,train,395,404,1
split_06,6,train,3044,3318,0
split_06,6,train,1011,1039,1
split_06,6,train,190,195,1
split_06,6,train,1392,1428,1
split_06,6,train,453,463,1
split_06,6,train,1314,1349,1
split_06,6,train,1687,1745,0
split_06,6,train,3167,3463,0
split_06,6,train,630,646,1
split_06,6,train,3146,3431,0
split_06,6,train,1256,1291,1
split_06,6,train,3155,3444,0
split_06,6,train,769,790,1
split_06,6,train,2006,2118,0
split_06,6,train,1732,1793,0
split_06,6,train,1190,1225,1
split_06,6,train,1341,1377,1
split_06,6,train,721,740,1
split_06,6,train,2697,2929,0
split_06,6,train,2992,3256,0
split_06,6,train,790,811,1
split_06,6,train,2088,2222,0
split_06,6,train,678,696,1
split_06,6,train,1239,1274,1
split_06,6,train,2242,2395,0
split_06,6,train,3001,3266,0
split_06,6,train,1679,1733,1
split_06,6,train,2532,2726,0
split_06,6,train,670,688,1
split_06,6,train,52,54,1
split_06,6,train,316,324,1
split_06,6,train,783,804,1
split_06,6,train,2162,2304,0
split_06,6,train,2525,2719,0
split_06,6,train,1293,1328,1
split_06,6,train,2268,2425,0
split_06,6,train,2042,2166,0
split_06,6,train,947,973,1
split_06,6,train,1430,1467,1
split_06,6,train,1705,1764,0
split_06,6,train,929,955,1
split_06,6,train,2270,2427,0
split_06,6,train,2229,2380,0
split_06,6,train,1133,1167,1
split_06,6,train,854,875,1
split_06,6,train,1014,1042,1
split_06,6,train,742,762,1
split_06,6,train,540,554,1
split_06,6,train,686,704,1
split_06,6,train,479,489,1
split_06,6,train,2777,3018,0
split_06,6,train,119,121,1
split_06,6,train,788,809,1
split_06,6,train,1198,1233,1
split_06,6,train,2829,3076,0
split_06,6,train,1357,1393,1
split_06,6,train,1942,2040,0
split_06,6,train,2500,2686,0
split_06,6,train,262,268,1
split_06,6,train,727,747,1
split_06,6,train,1517,1554,1
split_06,6,train,126,128,1
split_06,6,train,2387,2563,0
split_06,6,train,1399,1435,1
split_06,6,train,2489,2675,0
split_06,6,train,1964,2068,0
split_06,6,train,2658,2882,0
split_06,6,train,431,440,1
split_06,6,train,1654,1708,1
split_06,6,train,867,889,1
split_06,6,train,1685,1742,0
split_06,6,train,2020,2139,0
split_06,6,train,1163,1198,1
split_06,6,train,84,86,1
split_06,6,train,1379,1415,1
split_06,6,train,2959,3217,0
split_06,6,train,1532,1569,1
split_06,6,train,2901,3153,0
split_06,6,train,1223,1258,1
split_06,6,train,2342,2513,0
split_06,6,train,1754,1821,0
split_06,6,train,2368,2539,0
split_06,6,train,2653,2877,0
split_06,6,train,514,525,1
split_06,6,train,600,615,1
split_06,6,train,1508,1545,1
split_06,6,train,1870,1960,0
split_06,6,train,755,776,1
split_06,6,train,765,786,1
split_06,6,train,667,685,1
split_06,6,train,1978,2083,0
split_06,6,train,1272,1307,1
split_06,6,train,1332,1367,1
split_06,6,train,2806,3050,0
split_06,6,train,1512,1549,1
split_06,6,train,2164,2306,0
split_06,6,train,3045,3319,0
split_06,6,train,2488,2674,0
split_06,6,train,1891,1982,0
split_06,6,train,405,414,1
split_06,6,train,2550,2747,0
split_06,6,train,1309,1344,1
split_06,6,train,141,144,1
split_06,6,train,2133,2269,0
split_06,6,train,2704,2936,0
split_06,6,train,2022,2145,0
split_06,6,train,2484,2670,0
split_06,6,train,1208,1243,1
split_06,6,train,781,802,1
split_06,6,train,1060,1089,1
split_06,6,train,3137,3422,0
split_06,6,train,1649,1703,1
split_06,6,train,261,267,1
split_06,6,train,3157,3447,0
split_06,6,train,3092,3371,0
split_06,6,train,2949,3206,0
split_06,6,train,864,886,1
split_06,6,train,2159,2299,0
split_06,6,train,2862,3113,0
split_06,6,train,550,565,1
split_06,6,train,2961,3219,0
split_06,6,train,523,535,1
split_06,6,train,2334,2504,0
split_06,6,train,355,364,1
split_06,6,train,2720,2952,0
split_06,6,train,2075,2207,0
split_06,6,train,1921,2017,0
split_06,6,train,363,372,1
split_06,6,train,2581,2786,0
split_06,6,train,2601,2814,0
split_06,6,train,592,607,1
split_06,6,train,176,180,1
split_06,6,train,1083,1113,1
split_06,6,train,740,760,1
split_06,6,train,1179,1214,1
split_06,6,train,1990,2099,0
split_06,6,train,1530,1567,1
split_06,6,train,935,961,1
split_06,6,train,1601,1640,1
split_06,6,train,2732,2966,0
split_06,6,train,1905,2000,0
split_06,6,train,1158,1193,1
split_06,6,train,1406,1442,1
split_06,6,train,325,333,1
split_06,6,train,1473,1510,1
split_06,6,train,401,410,1
split_06,6,train,2566,2768,0
split_06,6,train,2468,2654,0
split_06,6,train,1386,1422,1
split_06,6,train,3052,3328,0
split_06,6,train,2963,3222,0
split_06,6,train,2738,2974,0
split_06,6,train,1100,1132,1
split_06,6,train,724,743,1
split_06,6,train,1931,2028,0
split_06,6,train,1231,1266,1
split_06,6,train,862,884,1
split_06,6,train,2391,2567,0
split_06,6,train,2199,2346,0
split_06,6,train,729,749,1
split_06,6,train,1037,1065,1
split_06,6,train,2962,3221,0
split_06,6,train,3023,3292,0
split_06,6,train,2454,2639,0
split_06,6,train,462,472,1
split_06,6,train,2166,2308,0
split_06,6,train,2722,2955,0
split_06,6,train,1219,1254,1
split_06,6,train,2645,2867,0
split_06,6,train,1844,1929,0
split_06,6,train,911,936,1
split_06,6,train,420,429,1
split_06,6,train,2763,3004,0
split_06,6,train,2669,2896,0
split_06,6,train,351,360,1
split_06,6,train,83,85,1
split_06,6,train,2345,2516,0
split_06,6,train,2207,2357,0
split_06,6,train,2235,2386,0
split_06,6,train,2696,2928,0
split_06,6,train,455,465,1
split_06,6,train,396,405,1
split_06,6,train,1279,1314,1
split_06,6,train,1155,1189,1
split_06,6,train,2657,2881,0
split_06,6,train,1109,1142,1
split_06,6,train,573,588,1
split_06,6,train,74,76,1
split_06,6,train,2951,3208,0
split_06,6,train,2296,2460,0
split_06,6,train,2283,2442,0
split_06,6,train,2050,2175,0
split_06,6,train,1258,1293,1
split_06,6,train,2179,2321,0
split_06,6,train,1376,1412,1
split_06,6,train,546,561,1
split_06,6,train,1740,1803,0
split_06,6,train,1288,1323,1
split_06,6,train,2752,2989,0
split_06,6,train,2356,2527,0
split_06,6,train,1899,1991,0
split_06,6,train,2807,3052,0
split_06,6,train,14,15,1
split_06,6,train,2359,2530,0
split_06,6,train,1102,1134,1
split_06,6,train,2464,2650,0
split_06,6,train,2189,2334,0
split_06,6,train,66,68,1
split_06,6,train,1326,1361,1
split_06,6,train,1408,1444,1
split_06,6,train,433,442,1
split_06,6,train,2028,2151,0
split_06,6,train,984,1011,1
split_06,6,train,1391,1427,1
split_06,6,train,1160,1195,1
split_06,6,train,2715,2947,0
split_06,6,train,2546,2742,0
split_06,6,train,875,897,1
split_06,6,train,827,848,1
split_06,6,train,1405,1441,1
split_06,6,train,1535,1572,1
split_06,6,train,2762,3002,0
split_06,6,train,1567,1604,1
split_06,6,train,45,47,1
split_06,6,train,2102,2237,0
split_06,6,train,105,107,1
split_06,6,train,1365,1401,1
split_06,6,train,454,464,1
split_06,6,train,1361,1397,1
split_06,6,train,1349,1385,1
split_06,6,train,3053,3330,0
split_06,6,train,2821,3067,0
split_06,6,train,2442,2627,0
split_06,6,train,2869,3120,0
split_06,6,train,1758,1825,0
split_06,6,train,1468,1505,1
split_06,6,train,819,840,1
split_06,6,train,1040,1068,1
split_06,6,train,1503,1540,1
split_06,6,train,601,616,1
split_06,6,train,575,590,1
split_06,6,train,1344,1380,1
split_06,6,train,2956,3213,0
split_06,6,train,1487,1524,1
split_06,6,train,270,277,1
split_06,6,train,773,794,1
split_06,6,train,2049,2174,0
split_06,6,train,2257,2412,0
split_06,6,train,493,504,1
split_06,6,train,973,1000,1
split_06,6,train,1415,1451,1
split_06,6,train,49,51,1
split_06,6,train,458,468,1
split_06,6,train,2019,2138,0
split_06,6,train,1094,1126,1
split_06,6,train,2465,2651,0
split_06,6,train,2624,2842,0
split_06,6,train,2554,2753,0
split_06,6,train,2649,2871,0
split_06,6,train,370,379,1
split_06,6,train,838,859,1
split_06,6,train,3042,3315,0
split_06,6,train,1997,2107,0
split_06,6,train,1919,2015,0
split_06,6,train,2419,2598,0
split_06,6,train,476,486,1
split_06,6,train,216,222,1
split_06,6,train,1230,1265,1
split_06,6,train,2265,2421,0
split_06,6,train,2999,3264,0
split_06,6,train,474,484,1
split_06,6,train,2487,2673,0
split_06,6,train,2096,2231,0
split_06,6,train,2147,2286,0
split_06,6,train,968,994,1
split_06,6,train,157,161,1
split_06,6,train,1414,1450,1
split_06,6,train,2392,2568,0
split_06,6,train,3056,3334,0
split_06,6,train,91,93,1
split_06,6,train,2362,2533,0
split_06,6,train,2965,3225,0
split_06,6,train,775,796,1
split_06,6,train,1746,1812,0
split_06,6,train,1824,1904,0
split_06,6,train,1956,2059,0
split_06,6,train,1308,1343,1
split_06,6,train,2095,2230,0
split_06,6,train,2206,2356,0
split_06,6,train,1743,1808,0
split_06,6,train,3036,3308,0
split_06,6,train,2079,2211,0
split_06,6,train,2702,2934,0
split_06,6,train,3120,3403,0
split_06,6,train,1074,1103,1
split_06,6,train,1626,1674,1
split_06,6,train,222,228,1
split_06,6,train,231,237,1
split_06,6,train,73,75,1
split_06,6,train,908,933,1
split_06,6,train,1555,1592,1
split_06,6,train,2561,2762,0
split_06,6,train,758,779,1
split_06,6,train,829,850,1
split_06,6,train,952,978,1
split_06,6,train,2629,2848,0
split_06,6,train,673,691,1
split_06,6,train,1783,1856,0
split_06,6,train,926,952,1
split_06,6,train,1092,1124,1
split_06,6,train,311,319,1
split_06,6,train,2612,2826,0
split_06,6,train,1236,1271,1
split_06,6,train,1777,1849,0
split_06,6,train,2405,2584,0
split_06,6,train,152,156,1
split_06,6,train,2271,2428,0
split_06,6,train,1140,1174,1
split_06,6,train,3014,3282,0
split_06,6,train,1994,2104,0
split_06,6,train,1170,1205,1
split_06,6,train,2642,2864,0
split_06,6,train,1147,1181,1
split_06,6,train,2968,3228,0
split_06,6,train,2969,3229,0
split_06,6,train,29,30,1
split_06,6,train,1573,1610,1
split_06,6,train,80,82,1
split_06,6,train,568,583,1
split_06,6,train,2122,2258,0
split_06,6,train,780,801,1
split_06,6,train,451,461,1
split_06,6,train,694,712,1
split_06,6,train,2579,2784,0
split_06,6,train,2906,3159,0
split_06,6,train,2291,2455,0
split_06,6,train,1696,1755,0
split_06,6,train,2794,3038,0
split_06,6,train,1670,1724,1
split_06,6,train,3019,3288,0
split_06,6,train,2545,2741,0
split_06,6,train,2573,2777,0
split_06,6,train,1425,1462,1
split_06,6,train,594,609,1
split_06,6,train,1711,1771,0
split_06,6,train,2853,3102,0
split_06,6,train,1263,1298,1
split_06,6,train,2139,2277,0
split_06,6,train,2394,2570,0
split_06,6,train,1967,2071,0
split_06,6,train,1130,1163,1
split_06,6,train,2808,3053,0
split_06,6,train,1992,2101,0
split_06,6,train,2396,2572,0
split_06,6,train,24,25,1
split_06,6,train,1554,1591,1
split_06,6,train,315,323,1
split_06,6,train,1016,1044,1
split_06,6,train,2819,3065,0
split_06,6,train,1950,2050,0
split_06,6,train,1380,1416,1
split_06,6,train,2881,3132,0
split_06,6,train,2831,3079,0
split_06,6,train,2849,3098,0
split_06,6,train,2103,2238,0
split_06,6,train,191,196,1
split_06,6,train,60,62,1
split_06,6,train,1977,2082,0
split_06,6,train,2013,2132,0
split_06,6,train,787,808,1
split_06,6,train,2812,3057,0
split_06,6,train,425,434,1
split_06,6,train,2743,2979,0
split_06,6,train,1038,1066,1
split_06,6,train,1646,1696,1
split_06,6,train,487,497,1
split_06,6,train,347,356,1
split_06,6,train,2339,2510,0
split_06,6,train,598,613,1
split_06,6,train,480,490,1
split_06,6,train,2045,2169,0
split_06,6,train,671,689,1
split_06,6,train,934,960,1
split_06,6,train,3072,3350,0
split_06,6,train,2655,2879,0
split_06,6,train,2754,2991,0
split_06,6,train,1204,1239,1
split_06,6,train,3088,3367,0
split_06,6,train,1404,1440,1
split_06,6,train,949,975,1
split_06,6,train,1982,2088,0
split_06,6,train,2615,2830,0
split_06,6,train,2455,2640,0
split_06,6,train,215,221,1
split_06,6,train,663,681,1
split_06,6,train,1413,1449,1
split_06,6,train,1056,1085,1
split_06,6,train,1156,1190,1
split_06,6,train,3020,3289,0
split_06,6,train,1787,1860,0
split_06,6,train,794,815,1
split_06,6,train,2460,2645,0
split_06,6,train,1544,1581,1
split_06,6,train,426,435,1
split_06,6,train,2343,2514,0
split_06,6,train,2298,2466,0
split_06,6,train,2814,3059,0
split_06,6,train,37,38,1
split_06,6,train,2771,3012,0
split_06,6,train,881,903,1
split_06,6,train,1448,1485,1
split_06,6,train,539,553,1
split_06,6,train,2577,2782,0
split_06,6,train,2673,2900,0
split_06,6,train,147,150,1
split_06,6,train,2793,3037,0
split_06,6,train,1029,1057,1
split_06,6,train,1303,1338,1
split_06,6,train,1000,1027,1
split_06,6,train,1459,1496,1
split_06,6,train,1659,1713,1
split_06,6,train,3075,3354,0
split_06,6,train,1306,1341,1
split_06,6,train,893,915,1
split_06,6,train,2764,3005,0
split_06,6,train,2319,2488,0
split_06,6,train,2694,2925,0
split_06,6,train,2436,2618,0
split_06,6,train,3108,3391,0
split_06,6,train,833,854,1
split_06,6,train,1590,1629,1
split_06,6,train,273,280,1
split_06,6,train,265,271,1
split_06,6,train,1653,1707,1
split_06,6,train,3110,3393,0
split_06,6,train,2717,2949,0
split_06,6,train,515,526,1
split_06,6,train,2569,2772,0
split_06,6,train,2072,2203,0
split_06,6,train,285,293,1
split_06,6,train,734,754,1
split_06,6,train,2124,2260,0
split_06,6,train,1764,1831,0
split_06,6,train,899,922,1
split_06,6,train,700,719,1
split_06,6,train,302,310,1
split_06,6,train,536,549,1
split_06,6,train,2947,3204,0
split_06,6,train,2023,2146,0
split_06,6,train,1378,1414,1
split_06,6,train,2375,2548,0
split_06,6,train,507,518,1
split_06,6,train,2813,3058,0
split_06,6,train,2112,2247,0
split_06,6,train,2314,2483,0
split_06,6,train,524,536,1
split_06,6,train,1700,1759,0
split_06,6,train,2191,2336,0
split_06,6,train,452,462,1
split_06,6,train,63,65,1
split_06,6,train,2367,2538,0
split_06,6,train,430,439,1
split_06,6,train,1784,1857,0
split_06,6,train,2379,2554,0
split_06,6,train,966,992,1
split_06,6,train,1123,1156,1
split_06,6,train,2548,2744,0
split_06,6,train,378,387,1
split_06,6,train,1640,1690,1
split_06,6,train,863,885,1
split_06,6,train,542,556,1
split_06,6,train,272,279,1
split_06,6,train,3035,3306,0
split_06,6,train,2477,2663,0
split_06,6,train,2838,3086,0
split_06,6,train,2708,2940,0
split_06,6,train,650,668,1
split_06,6,train,3107,3390,0
split_06,6,train,653,671,1
split_06,6,train,627,643,1
split_06,6,train,2896,3148,0
split_06,6,train,307,315,1
split_06,6,train,2327,2496,0
split_06,6,train,2299,2467,0
split_06,6,train,2154,2294,0
split_06,6,train,767,788,1
split_06,6,train,1234,1269,1
split_06,6,train,1971,2076,0
split_06,6,train,2644,2866,0
split_06,6,train,806,827,1
split_06,6,train,1933,2030,0
split_06,6,train,467,477,1
split_06,6,train,647,665,1
split_06,6,train,50,52,1
split_06,6,train,1104,1137,1
split_06,6,train,2140,2278,0
split_06,6,train,46,48,1
split_06,6,train,2568,2770,0
split_06,6,train,513,524,1
split_06,6,train,2111,2246,0
split_06,6,train,691,709,1
split_06,6,train,1075,1104,1
split_06,6,train,778,799,1
split_06,6,train,1718,1778,0
split_06,6,train,1864,1951,0
split_06,6,train,2408,2587,0
split_06,6,train,2195,2341,0
split_06,6,train,2285,2449,0
split_06,6,train,2337,2507,0
split_06,6,train,1153,1187,1
split_06,6,train,2135,2272,0
split_06,6,train,1489,1526,1
split_06,6,train,2007,2119,0
split_06,6,train,1057,1086,1
split_06,6,train,569,584,1
split_06,6,train,2782,3023,0
split_06,6,train,2063,2191,0
split_06,6,train,1562,1599,1
split_06,6,train,111,113,1
split_06,6,train,2943,3200,0
split_06,6,train,1447,1484,1
split_06,6,train,2888,3139,0
split_06,6,train,2441,2626,0
split_06,6,train,2065,2193,0
split_06,6,train,403,412,1
split_06,6,train,2170,2312,0
split_06,6,train,808,829,1
split_06,6,train,1422,1459,1
split_06,6,train,366,375,1
split_06,6,train,398,407,1
split_06,6,train,1946,2046,0
split_06,6,train,346,355,1
split_06,6,train,324,332,1
split_06,6,train,2056,2181,0
split_06,6,train,2767,3008,0
split_06,6,train,1632,1680,1
split_06,6,train,2731,2965,0
split_06,6,train,503,514,1
split_06,6,train,1993,2102,0
split_06,6,train,2325,2494,0
split_06,6,train,1273,1308,1
split_06,6,train,3121,3404,0
split_06,6,train,2506,2692,0
split_06,6,train,1980,2085,0
split_06,6,train,238,244,1
split_06,6,train,662,680,1
split_06,6,train,974,1001,1
split_06,6,train,931,957,1
split_06,6,train,2887,3138,0
split_06,6,train,456,466,1
split_06,6,train,954,980,1
split_06,6,train,130,132,1
split_06,6,train,2863,3114,0
split_06,6,train,2262,2418,0
split_06,6,train,508,519,1
split_06,6,train,269,276,1
split_06,6,train,2076,2208,0
split_06,6,train,1857,1944,0
split_06,6,train,987,1014,1
split_06,6,train,2183,2327,0
split_06,6,train,2850,3099,0
split_06,6,train,465,475,1
split_06,6,train,2531,2725,0
split_06,6,train,2555,2754,0
split_06,6,train,2946,3203,0
split_06,6,train,1680,1734,0
split_06,6,train,2492,2678,0
split_06,6,train,2456,2641,0
split_06,6,train,965,991,1
split_06,6,train,941,967,1
split_06,6,train,1177,1212,1
split_06,6,train,1903,1998,0
split_06,6,train,1803,1880,0
split_06,6,train,2779,3020,0
split_06,6,train,1959,2063,0
split_06,6,train,2041,2165,0
split_06,6,train,263,269,1
split_06,6,train,608,623,1
split_06,6,train,1610,1651,1
split_06,6,train,2727,2961,0
split_06,6,train,2978,3238,0
split_06,6,train,71,73,1
split_06,6,train,1589,1628,1
split_06,6,train,3027,3297,0
split_06,6,train,1097,1129,1
split_06,6,train,746,767,1
split_06,6,train,994,1021,1
split_06,6,train,2686,2916,0
split_06,6,train,3021,3290,0
split_06,6,train,1039,1067,1
split_06,6,train,2097,2232,0
split_06,6,train,2883,3134,0
split_06,6,train,1963,2067,0
split_06,6,train,1636,1686,1
split_06,6,train,2031,2154,0
split_06,6,train,243,249,1
split_06,6,train,199,205,1
split_06,6,train,2349,2520,0
split_06,6,train,805,826,1
split_06,6,train,2035,2158,0
split_06,6,train,1518,1555,1
split_06,6,train,1253,1288,1
split_06,6,train,1902,1997,0
split_06,6,train,1098,1130,1
split_06,6,train,2269,2426,0
split_06,6,train,309,317,1
split_06,6,train,2858,3108,0
split_06,6,train,3170,3466,0
split_06,6,train,1281,1316,1
split_06,6,train,3127,3412,0
split_06,6,train,2178,2320,0
split_06,6,train,2670,2897,0
split_06,6,train,821,842,1
split_06,6,train,869,891,1
split_06,6,train,2018,2137,0
split_06,6,train,1221,1256,1
split_06,6,train,1328,1363,1
split_06,6,train,103,105,1
split_06,6,train,634,651,1
split_06,6,train,2656,2880,0
split_06,6,train,1755,1822,0
split_06,6,train,2099,2234,0
split_06,6,train,1778,1851,0
split_06,6,train,2231,2382,0
split_06,6,train,256,262,1
split_06,6,train,2640,2860,0
split_06,6,train,512,523,1
split_06,6,train,2852,3101,0
split_06,6,train,198,204,1
split_06,6,train,40,42,1
split_06,6,train,602,617,1
split_06,6,train,631,648,1
split_06,6,train,2067,2196,0
split_06,6,train,3025,3295,0
split_06,6,train,1704,1763,0
split_06,6,train,237,243,1
split_06,6,train,181,185,1
split_06,6,train,713,732,1
split_06,6,train,874,896,1
split_06,6,train,3010,3278,0
split_06,6,train,622,638,1
split_06,6,train,154,158,1
split_06,6,train,3153,3440,0
split_06,6,train,904,928,1
split_06,6,train,1920,2016,0
split_06,6,train,1259,1294,1
split_06,6,train,1907,2003,0
split_06,6,train,2648,2870,0
split_06,6,train,1908,2004,0
split_06,6,train,1737,1799,0
split_06,6,train,557,572,1
split_06,6,train,2131,2267,0
split_06,6,train,205,211,1
split_06,6,train,1799,1876,0
split_06,6,train,211,217,1
split_06,6,train,2491,2677,0
split_06,6,train,1053,1081,1
split_06,6,train,2474,2660,0
split_06,6,train,241,247,1
split_06,6,train,1255,1290,1
split_06,6,train,41,43,1
split_06,6,train,1238,1273,1
split_06,6,train,2851,3100,0
split_06,6,train,440,449,1
split_06,6,train,3123,3406,0
split_06,6,train,1101,1133,1
split_06,6,train,144,147,1
split_06,6,train,2757,2995,0
split_06,6,train,639,656,1
split_06,6,train,2997,3262,0
split_06,6,train,878,900,1
split_06,6,train,1305,1340,1
split_06,6,train,660,678,1
split_06,6,train,1643,1693,1
split_06,6,train,1145,1179,1
split_06,6,train,1034,1062,1
split_06,6,train,1324,1359,1
split_06,6,train,230,236,1
split_06,6,train,234,240,1
split_06,6,train,2958,3215,0
split_06,6,train,2507,2693,0
split_06,6,train,1334,1369,1
split_06,6,train,2,3,1
split_06,6,train,3160,3450,0
split_06,6,train,1686,1743,0
split_06,6,train,661,679,1
split_06,6,train,150,154,1
split_06,6,train,1144,1178,1
split_06,6,train,944,970,1
split_06,6,train,644,661,1
split_06,6,train,822,843,1
split_06,6,train,1709,1768,0
split_06,6,train,2220,2371,0
split_06,6,train,304,312,1
split_06,6,train,323,331,1
split_06,6,train,1120,1153,1
split_06,6,train,59,61,1
split_06,6,train,2635,2854,0
split_06,6,train,185,189,1
split_06,6,train,596,611,1
split_06,6,train,1453,1490,1
split_06,6,train,2787,3031,0
split_06,6,train,2775,3016,0
split_06,6,train,1270,1305,1
split_06,6,train,1088,1119,1
split_06,6,train,160,164,1
split_06,6,train,1197,1232,1
split_06,6,train,2880,3131,0
split_06,6,train,2348,2519,0
split_06,6,train,274,281,1
split_06,6,train,1895,1987,0
split_06,6,train,1243,1278,1
split_06,6,train,392,401,1
split_06,6,train,2913,3167,0
split_06,6,train,170,174,1
split_06,6,train,923,949,1
split_06,6,train,655,673,1
split_06,6,train,2816,3061,0
split_06,6,train,1001,1028,1
split_06,6,train,2476,2662,0
split_06,6,train,133,136,1
split_06,6,train,1894,1986,0
split_06,6,train,553,568,1
split_06,6,train,2733,2967,0
split_06,6,train,1267,1302,1
split_06,6,train,486,496,1
split_06,6,train,1116,1149,1
split_06,6,train,0,1,1
split_06,6,train,895,917,1
split_06,6,train,1796,1872,0
split_06,6,train,2841,3090,0
split_06,6,train,2911,3165,0
split_06,6,train,2810,3055,0
split_06,6,train,2594,2800,0
split_06,6,train,2312,2481,0
split_06,6,train,770,791,1
split_06,6,train,526,538,1
split_06,6,train,428,437,1
split_06,6,train,114,116,1
split_06,6,train,1524,1561,1
split_06,6,train,1763,1830,0
split_06,6,train,357,366,1
split_06,6,train,2447,2632,0
split_06,6,train,1792,1867,0
split_06,6,train,2033,2156,0
split_06,6,train,702,721,1
split_06,6,train,506,517,1
split_06,6,train,1922,2018,0
split_06,6,train,1924,2020,0
split_06,6,train,17,18,1
split_06,6,train,2233,2384,0
split_06,6,train,1904,1999,0
split_06,6,train,1300,1335,1
split_06,6,train,1735,1796,0
split_06,6,train,2126,2262,0
split_06,6,train,359,368,1
split_06,6,train,1671,1725,1
split_06,6,train,855,876,1
split_06,6,train,435,444,1
split_06,6,train,3135,3420,0
split_06,6,train,677,695,1
split_06,6,train,3013,3281,0
split_06,6,train,761,782,1
split_06,6,train,1278,1313,1
split_06,6,train,2462,2648,0
split_06,6,train,277,284,1
split_06,6,train,1779,1852,0
split_06,6,train,2854,3104,0
split_06,6,train,1865,1953,0
split_06,6,train,2800,3044,0
split_06,6,train,522,534,1
split_06,6,train,1688,1746,0
split_06,6,train,710,729,1
split_06,6,train,2330,2500,0
split_06,6,train,385,394,1
split_06,6,train,3118,3401,0
split_06,6,train,3091,3370,0
split_06,6,train,795,816,1
split_06,6,train,774,795,1
split_06,6,train,2560,2761,0
split_06,6,train,1025,1053,1
split_06,6,train,1210,1245,1
split_06,6,train,319,327,1
split_06,6,train,266,272,1
split_06,6,train,47,49,1
split_06,6,train,1642,1692,1
split_06,6,train,1647,1697,1
split_06,6,train,772,793,1
split_06,6,train,2866,3117,0
split_06,6,train,2797,3041,0
split_06,6,train,171,175,1
split_06,6,train,2802,3046,0
split_06,6,train,1073,1102,1
split_06,6,train,3154,3441,0
split_06,6,train,168,172,1
split_06,6,train,3003,3269,0
split_06,6,train,2278,2437,0
split_06,6,train,1909,2005,0
split_06,6,train,404,413,1
split_06,6,train,1484,1521,1
split_06,6,train,1032,1060,1
split_06,6,train,2681,2910,0
split_06,6,train,2597,2806,0
split_06,6,train,2309,2478,0
split_06,6,train,1538,1575,1
split_06,6,train,1627,1675,1
split_06,6,train,2187,2331,0
split_06,6,train,177,181,1
split_06,6,train,1545,1582,1
split_06,6,train,3039,3311,0
split_06,6,train,1633,1681,1
split_06,6,train,609,624,1
split_06,6,train,3041,3314,0
split_06,6,train,2324,2493,0
split_06,6,train,1493,1530,1
split_06,6,train,2142,2280,0
split_06,6,train,1645,1695,1
split_06,6,train,82,84,1
split_06,6,train,86,88,1
split_06,6,train,942,968,1
split_06,6,train,2438,2621,0
split_06,6,train,543,558,1
split_06,6,train,2395,2571,0
split_06,6,train,1715,1775,0
split_06,6,train,2280,2439,0
split_06,6,train,2090,2224,0
split_06,6,train,96,98,1
split_06,6,train,3119,3402,0
split_06,6,train,1426,1463,1
split_06,6,train,2847,3096,0
split_06,6,train,1136,1170,1
split_06,6,train,1681,1737,0
split_06,6,train,1968,2073,0
split_06,6,train,1826,1906,0
split_06,6,train,112,114,1
split_06,6,train,1789,1864,0
split_06,6,train,1206,1241,1
split_06,6,train,2329,2498,0
split_06,6,train,1226,1261,1
split_06,6,train,3062,3340,0
split_06,6,train,889,911,1
split_06,6,train,247,253,1
split_06,6,train,3004,3270,0
split_06,6,train,996,1023,1
split_06,6,train,2899,3151,0
split_06,6,train,2304,2473,0
split_06,6,train,1271,1306,1
split_06,6,train,2614,2829,0
split_06,6,train,422,431,1
split_06,6,train,282,289,1
split_06,6,train,877,899,1
split_06,6,train,1106,1139,1
split_06,6,train,3131,3416,0
split_06,6,train,1240,1275,1
split_06,6,train,2352,2523,0
split_06,6,train,2070,2201,0
split_06,6,train,1938,2036,0
split_06,6,train,1497,1534,1
split_06,6,train,2069,2200,0
split_06,6,train,1520,1557,1
split_06,6,train,930,956,1
split_06,6,train,1861,1948,0
split_06,6,train,621,637,1
split_06,6,train,2036,2159,0
split_06,6,train,977,1004,1
split_06,6,train,113,115,1
split_06,6,train,945,971,1
split_06,6,train,2365,2536,0
split_06,6,train,2307,2476,0
split_06,6,train,1347,1383,1
split_06,6,train,1582,1621,1
split_06,6,train,225,231,1
split_06,6,train,2194,2340,0
split_06,6,train,626,642,1
split_06,6,train,421,430,1
split_06,6,train,1843,1928,0
split_06,6,train,1019,1047,1
split_06,6,train,3015,3283,0
split_06,6,train,1254,1289,1
split_06,6,train,2515,2707,0
split_06,6,train,2238,2390,0
split_06,6,train,2148,2287,0
split_06,6,train,3156,3446,0
split_06,6,train,924,950,1
split_06,6,train,376,385,1
split_06,6,train,3087,3366,0
split_06,6,train,2224,2375,0
split_06,6,train,2711,2943,0
split_06,6,train,443,452,1
split_06,6,train,1543,1580,1
split_06,6,train,1797,1874,0
split_06,6,train,853,874,1
split_06,6,train,3101,3382,0
split_06,6,train,1516,1553,1
split_06,6,train,1750,1817,0
split_06,6,train,235,241,1
split_06,6,train,861,883,1
split_06,6,train,3,4,1
split_06,6,train,34,35,1
split_06,6,train,2623,2841,0
split_06,6,train,2481,2667,0
split_06,6,train,135,138,1
split_06,6,train,1821,1901,0
split_06,6,train,1494,1531,1
split_06,6,train,2418,2597,0
split_06,6,train,2960,3218,0
split_06,6,train,2422,2602,0
split_06,6,train,1828,1908,0
split_06,6,train,1962,2066,0
split_06,6,train,200,206,1
split_06,6,train,2625,2843,0
split_06,6,train,1662,1716,1
split_06,6,train,776,797,1
split_06,6,train,2078,2210,0
split_06,6,train,2824,3070,0
split_06,6,train,759,780,1
split_06,6,train,1527,1564,1
split_06,6,train,2973,3233,0
split_06,6,train,148,151,1
split_06,6,train,1698,1757,0
split_06,6,train,1665,1719,1
split_06,6,train,2523,2717,0
split_06,6,train,1242,1277,1
split_06,6,train,747,768,1
split_06,6,train,1936,2034,0
split_06,6,train,1119,1152,1
split_06,6,train,857,878,1
split_06,6,train,2276,2434,0
split_06,6,train,1342,1378,1
split_06,6,train,1793,1868,0
split_06,6,train,844,865,1
split_06,6,train,1090,1122,1
split_06,6,train,695,713,1
split_06,6,train,275,282,1
split_06,6,train,244,250,1
split_06,6,train,1762,1829,0
split_06,6,train,2630,2849,0
split_06,6,train,2032,2155,0
split_06,6,train,1947,2047,0
split_06,6,train,161,165,1
split_06,6,train,1738,1800,0
split_06,6,train,1749,1816,0
split_06,6,train,1721,1781,0
split_06,6,train,590,605,1
split_06,6,train,2423,2603,0
split_06,6,train,975,1002,1
split_06,6,train,1441,1478,1
split_06,6,train,1972,2077,0
split_06,6,train,2970,3230,0
split_06,6,train,2538,2733,0
split_06,6,train,2728,2962,0
split_06,6,train,352,361,1
split_06,6,train,1892,1983,0
split_06,6,train,1485,1522,1
split_06,6,train,2136,2273,0
split_06,6,train,87,89,1
split_06,6,train,811,832,1
split_06,6,train,1672,1726,1
split_06,6,train,2584,2789,0
split_06,6,train,2534,2728,0
split_06,6,train,1021,1049,1
split_06,6,train,2188,2333,0
split_06,6,train,2003,2113,0
split_06,6,train,837,858,1
split_06,6,train,2586,2791,0
split_06,6,train,906,931,1
split_06,6,train,1396,1432,1
split_06,6,train,2719,2951,0
split_06,6,train,1225,1260,1
split_06,6,train,2080,2212,0
split_06,6,train,1541,1578,1
split_06,6,train,905,929,1
split_06,6,train,201,207,1
split_06,6,train,1068,1097,1
split_06,6,train,436,445,1
split_06,6,train,418,427,1
split_06,6,train,809,830,1
split_06,6,train,1152,1186,1
split_06,6,train,2955,3212,0
split_06,6,train,2420,2600,0
split_06,6,train,1247,1282,1
split_06,6,train,1438,1475,1
split_06,6,train,1313,1348,1
split_06,6,train,2021,2140,0
split_06,6,train,393,402,1
split_06,6,train,1283,1318,1
split_06,6,train,2411,2590,0
split_06,6,train,1322,1357,1
split_06,6,train,570,585,1
split_06,6,train,1203,1238,1
split_06,6,train,193,198,1
split_06,6,train,1975,2080,0
split_06,6,train,1760,1827,0
split_06,6,train,1456,1493,1
split_06,6,train,1137,1171,1
split_06,6,train,2030,2153,0
split_06,6,train,502,513,1
split_06,6,train,620,635,1
split_06,6,train,1536,1573,1
split_06,6,train,3144,3429,0
split_06,6,train,1245,1280,1
split_06,6,train,2169,2311,0
split_06,6,train,1984,2090,0
split_06,6,train,2244,2397,0
split_06,6,train,884,906,1
split_06,6,train,3059,3337,0
split_06,6,train,1774,1846,0
split_06,6,train,2871,3122,0
split_06,6,train,645,663,1
split_06,6,train,1808,1886,0
split_06,6,train,314,322,1
split_06,6,train,2774,3015,0
split_06,6,train,2495,2681,0
split_06,6,train,26,27,1
split_06,6,train,692,710,1
split_06,6,train,2993,3257,0
split_06,6,train,1675,1729,1
split_06,6,train,675,693,1
split_06,6,train,2835,3083,0
split_06,6,train,1445,1482,1
split_06,6,train,707,726,1
split_06,6,train,2155,2295,0
split_06,6,train,373,382,1
split_06,6,train,429,438,1
split_06,6,train,640,657,1
split_06,6,train,2730,2964,0
split_06,6,train,2445,2630,0
split_06,6,train,2414,2593,0
split_06,6,train,1604,1643,1
split_06,6,train,1067,1096,1
split_06,6,train,1836,1917,0
split_06,6,train,545,560,1
split_06,6,train,1294,1329,1
split_06,6,train,870,892,1
split_06,6,train,847,868,1
split_06,6,train,427,436,1
split_06,6,train,441,450,1
split_06,6,train,2904,3156,0
split_06,6,train,730,750,1
split_06,6,train,2735,2971,0
split_06,6,train,1817,1897,0
split_06,6,train,2739,2975,0
split_06,6,train,2377,2552,0
split_06,6,train,2945,3202,0
split_06,6,train,2201,2348,0
split_06,6,train,2012,2131,0
split_06,6,train,1141,1175,1
split_06,6,train,1854,1940,0
split_06,6,train,1553,1590,1
split_06,6,train,756,777,1
split_06,6,train,1363,1399,1
split_06,6,train,505,516,1
split_06,6,train,511,522,1
split_06,6,train,2243,2396,0
split_06,6,train,3011,3279,0
split_06,6,train,2457,2642,0
split_06,6,train,560,575,1
split_06,6,train,2354,2525,0
split_06,6,train,2668,2894,0
split_06,6,train,1165,1200,1
split_06,6,train,1003,1030,1
split_06,6,train,680,698,1
split_06,6,train,2632,2851,0
split_06,6,train,845,866,1
split_06,6,train,696,714,1
split_06,6,train,1450,1487,1
split_06,6,train,2501,2687,0
split_06,6,train,2895,3147,0
split_06,6,train,1018,1046,1
split_06,6,train,322,330,1
split_06,6,train,2937,3194,0
split_06,6,train,98,100,1
split_06,6,train,1571,1608,1
split_06,6,train,2286,2450,0
split_06,6,train,328,336,1
split_06,6,train,2587,2792,0
split_06,6,train,2274,2432,0
split_06,6,train,684,702,1
split_06,6,train,1346,1382,1
split_06,6,train,1182,1217,1
split_06,6,train,1184,1219,1
split_06,6,train,300,308,1
split_06,6,train,2905,3157,0
split_06,6,train,415,424,1
split_06,6,train,2320,2489,0
split_06,6,train,2171,2313,0
split_06,6,train,2562,2763,0
split_06,6,train,410,419,1
split_06,6,train,825,846,1
split_06,6,train,1174,1209,1
split_06,6,train,766,787,1
split_06,6,train,1940,2038,0
split_06,6,train,876,898,1
split_06,6,train,1370,1406,1
split_06,6,train,920,945,1
split_06,6,train,743,763,1
split_06,6,train,3166,3462,0
split_06,6,train,2693,2924,0
split_06,6,train,1896,1988,0
split_06,6,train,287,295,1
split_06,6,train,2637,2857,0
split_06,6,train,2151,2290,0
split_06,6,train,1435,1472,1
split_06,6,train,2344,2515,0
split_06,6,train,2315,2484,0
split_06,6,train,2521,2715,0
split_06,6,train,1570,1607,1
split_06,6,train,466,476,1
split_06,6,train,1810,1888,0
split_06,6,train,2510,2696,0
split_06,6,train,2167,2309,0
split_06,6,train,898,920,1
split_06,6,train,495,506,1
split_06,6,train,1063,1092,1
split_06,6,train,617,632,1
split_06,6,train,2621,2837,0
split_06,6,train,2724,2957,0
split_06,6,train,1052,1080,1
split_06,6,train,914,939,1
split_06,6,train,100,102,1
split_06,6,train,785,806,1
split_06,6,train,2986,3250,0
split_06,6,train,1504,1541,1
split_06,6,train,846,867,1
split_06,6,train,2516,2708,0
split_06,6,train,1202,1237,1
split_06,6,train,901,924,1
split_06,6,train,658,676,1
split_06,6,train,1337,1373,1
split_06,6,train,998,1025,1
split_06,6,train,682,700,1
split_06,6,train,2662,2886,0
split_06,6,train,129,131,1
split_06,6,train,989,1016,1
split_06,6,train,2435,2617,0
split_06,6,train,2068,2197,0
split_06,6,train,1398,1434,1
split_06,6,train,2060,2187,0
split_06,6,train,940,966,1
split_06,6,train,245,251,1
split_06,6,train,1918,2014,0
split_06,6,train,1108,1141,1
split_06,6,train,1916,2012,0
split_06,6,train,1575,1612,1
split_06,6,train,1009,1037,1
split_06,6,train,1609,1650,1
split_06,6,train,2583,2788,0
split_06,6,train,1581,1620,1
split_06,6,train,982,1009,1
split_06,6,train,595,610,1
split_06,6,train,556,571,1
split_06,6,train,2210,2360,0
split_06,6,train,102,104,1
split_06,6,train,2761,3001,0
split_06,6,train,789,810,1
split_06,6,train,1460,1497,1
split_06,6,train,248,254,1
split_06,6,train,1930,2027,0
split_06,6,train,2795,3039,0
split_06,6,train,1726,1786,0
split_06,6,train,2415,2594,0
split_06,6,train,399,408,1
split_06,6,train,3145,3430,0
split_06,6,train,1416,1453,1
split_06,6,train,2093,2228,0
split_06,6,train,1269,1304,1
split_06,6,train,2920,3174,0
split_06,6,train,871,893,1
split_06,6,train,2716,2948,0
split_06,6,train,1597,1636,1
split_06,6,train,194,199,1
split_06,6,train,2712,2944,0
split_06,6,train,1761,1828,0
split_06,6,train,394,403,1
split_06,6,train,1867,1955,0
split_06,6,train,2558,2758,0
split_06,6,train,2770,3011,0
split_06,6,train,1172,1207,1
split_06,6,train,489,499,1
split_06,6,train,988,1015,1
split_06,6,train,233,239,1
split_06,6,train,1218,1253,1
split_06,6,train,3038,3310,0
split_06,6,train,983,1010,1
split_06,6,train,2402,2580,0
split_06,6,train,2467,2653,0
split_06,6,train,2236,2388,0
split_06,6,train,2427,2608,0
split_06,6,train,360,369,1
split_06,6,train,572,587,1
split_06,6,train,2272,2429,0
split_06,6,train,882,904,1
split_06,6,train,2471,2657,0
split_06,6,train,123,125,1
split_06,6,train,2077,2209,0
split_06,6,train,2839,3087,0
split_06,6,train,2930,3186,0
split_06,6,train,124,126,1
split_06,6,train,1723,1783,0
split_06,6,train,2706,2938,0
split_06,6,train,2873,3124,0
split_06,6,train,943,969,1
split_06,6,train,3094,3375,0
split_06,6,train,737,757,1
split_06,6,train,2907,3161,0
split_06,6,train,1212,1247,1
split_06,6,train,2163,2305,0
split_06,6,train,2859,3109,0
split_06,6,train,3084,3363,0
split_06,6,train,2972,3232,0
split_06,6,train,2524,2718,0
split_06,6,train,2086,2220,0
split_06,6,train,2246,2399,0
split_06,6,train,652,670,1
split_06,6,train,2834,3082,0
split_06,6,train,76,78,1
split_06,6,train,2400,2577,0
split_06,6,train,1753,1820,0
split_06,6,train,2172,2314,0
split_06,6,train,2599,2808,0
split_06,6,train,2519,2713,0
split_06,6,train,957,983,1
split_06,6,train,1785,1858,0
split_06,6,train,2750,2987,0
split_06,6,train,2890,3141,0
split_06,6,train,2928,3184,0
split_06,6,train,537,550,1
split_06,6,train,2790,3034,0
split_06,6,train,916,941,1
split_06,6,train,2407,2586,0
split_06,6,train,2897,3149,0
split_06,6,train,2684,2914,0
split_06,6,train,583,598,1
split_06,6,train,1335,1370,1
split_06,6,train,1954,2055,0
split_06,6,train,446,455,1
split_06,6,train,2293,2457,0
split_06,6,train,2071,2202,0
split_06,6,train,2688,2918,0
split_06,6,train,2827,3074,0
split_06,6,train,2340,2511,0
split_06,6,train,1829,1909,0
split_06,6,train,2748,2984,0
split_06,6,train,1129,1162,1
split_06,6,train,2805,3049,0
split_06,6,train,459,469,1
split_06,6,train,1703,1762,0
split_06,6,train,2801,3045,0
split_06,6,train,843,864,1
split_06,6,train,1813,1892,0
split_06,6,train,48,50,1
split_06,6,train,1424,1461,1
split_06,6,train,2223,2374,0
split_06,6,train,986,1013,1
split_06,6,train,2192,2338,0
split_06,6,train,725,745,1
split_06,6,train,872,894,1
split_06,6,train,921,947,1
split_06,6,train,276,283,1
split_06,6,train,2040,2164,0
split_06,6,train,2953,3210,0
split_06,6,train,1837,1918,0
split_06,6,train,388,397,1
split_06,6,train,2659,2883,0
split_06,6,train,2472,2658,0
split_06,6,train,1114,1147,1
split_06,6,train,2740,2976,0
split_06,6,train,2001,2111,0
split_06,6,train,1207,1242,1
split_06,6,train,2213,2364,0
split_06,6,train,1002,1029,1
split_06,6,train,2700,2932,0
split_06,6,train,2239,2391,0
split_06,6,train,2654,2878,0
split_06,6,train,1355,1391,1
split_06,6,train,79,81,1
split_06,6,train,2690,2920,0
split_06,6,train,2543,2739,0
split_06,6,train,1159,1194,1
split_06,6,train,2301,2470,0
split_06,6,train,685,703,1
split_06,6,train,2990,3254,0
split_06,6,train,2932,3188,0
split_06,6,train,674,692,1
split_06,6,train,1699,1758,0
split_06,6,train,1362,1398,1
split_06,6,train,1592,1631,1
split_06,6,train,2511,2698,0
split_06,6,train,723,742,1
split_06,6,train,293,301,1
split_06,6,train,2444,2629,0
split_06,6,train,1552,1589,1
split_06,6,train,1095,1127,1
split_06,6,train,879,901,1
split_06,6,train,2756,2993,0
split_06,6,train,1767,1836,0
split_06,6,train,2533,2727,0
split_06,6,train,2948,3205,0
split_06,6,train,2751,2988,0
split_06,6,train,1594,1633,1
split_06,6,train,2822,3068,0
split_06,6,train,1678,1732,1
split_06,6,train,1285,1320,1
split_06,6,train,411,420,1
split_06,6,train,1932,2029,0
split_06,6,train,2034,2157,0
split_06,6,train,1420,1457,1
split_06,6,train,1872,1962,0
split_06,6,train,1091,1123,1
split_06,6,train,736,756,1
split_06,6,train,2123,2259,0
split_06,6,train,955,981,1
split_06,6,train,1499,1536,1
split_06,6,train,2891,3142,0
split_06,6,train,1868,1957,0
split_06,6,train,2216,2367,0
split_06,6,train,1790,1865,0
split_06,6,train,2975,3235,0
split_06,6,train,1804,1881,0
split_06,6,train,320,328,1
split_06,6,train,2509,2695,0
split_06,6,train,2925,3179,0
split_06,6,train,823,844,1
split_06,6,train,2843,3092,0
split_06,6,train,67,69,1
split_06,6,train,390,399,1
split_06,6,train,2878,3129,0
split_06,6,train,2039,2162,0
split_06,6,train,1616,1659,1
split_06,6,train,1533,1570,1
split_06,6,train,850,871,1
split_06,6,train,64,66,1
split_06,6,train,2448,2633,0
split_06,6,train,162,166,1
split_06,6,train,335,344,1
split_06,6,train,2517,2709,0
split_06,6,train,271,278,1
split_06,6,train,1433,1470,1
split_06,6,train,2564,2765,0
split_06,6,train,1495,1532,1
split_06,6,train,2772,3013,0
split_06,6,train,2677,2904,0
split_06,6,train,2386,2562,0
split_06,6,train,950,976,1
split_06,6,train,1360,1396,1
split_06,6,train,606,621,1
split_06,6,train,1232,1267,1
split_06,6,train,1727,1787,0
split_06,6,train,2369,2540,0
split_06,6,train,2360,2531,0
split_06,6,train,255,261,1
split_06,6,train,2128,2264,0
split_06,6,train,229,235,1
split_06,6,train,2157,2297,0
split_06,6,train,1974,2079,0
split_06,6,train,561,576,1
split_06,6,train,2987,3251,0
split_06,6,train,329,337,1
split_06,6,train,117,119,1
split_06,6,train,383,392,1
split_06,6,train,2759,2997,0
split_06,6,train,683,701,1
split_06,6,train,2267,2423,0
split_06,6,train,2898,3150,0
split_06,6,train,1078,1107,1
split_06,6,train,1635,1683,1
split_06,6,train,1175,1210,1
split_06,6,train,1605,1644,1
split_06,6,train,932,958,1
split_06,6,train,1055,1083,1
split_06,6,train,1631,1679,1
split_06,6,train,922,948,1
split_06,6,train,120,122,1
split_06,6,train,3016,3284,0
split_06,6,train,1910,2006,0
split_06,6,train,1769,1838,0
split_06,6,train,178,182,1
split_06,6,train,856,877,1
split_06,6,train,1825,1905,0
split_06,6,train,2318,2487,0
split_06,6,train,3002,3268,0
split_06,6,train,1107,1140,1
split_06,6,train,1549,1586,1
split_06,6,train,2676,2903,0
split_06,6,train,2490,2676,0
split_06,6,train,3031,3301,0
split_06,6,train,676,694,1
split_06,6,train,1076,1105,1
split_06,6,train,2687,2917,0
split_06,6,train,1879,1969,0
split_06,6,train,2297,2461,0
split_06,6,train,883,905,1
split_06,6,train,1395,1431,1
split_06,6,train,2547,2743,0
split_06,6,train,2305,2474,0
split_06,6,train,1171,1206,1
split_06,6,train,472,482,1
split_06,6,train,1319,1354,1
split_06,6,train,1697,1756,0
split_06,6,train,3069,3347,0
split_06,6,train,3071,3349,0
split_06,6,train,1941,2039,0
split_06,6,train,521,533,1
split_06,6,train,1858,1945,0
split_06,6,train,223,229,1
split_06,6,train,646,664,1
split_06,6,train,250,256,1
split_06,6,train,1250,1285,1
split_06,6,train,197,203,1
split_06,6,train,919,944,1
split_06,6,train,1841,1924,0
split_06,6,train,414,423,1
split_06,6,train,1081,1111,1
split_06,6,train,936,962,1
split_06,6,train,310,318,1
split_06,6,train,2903,3155,0
split_06,6,train,2705,2937,0
split_06,6,train,2815,3060,0
split_06,6,train,1418,1455,1
split_06,6,train,1330,1365,1
split_06,6,train,1800,1877,0
split_06,6,train,2165,2307,0
split_06,6,train,417,426,1
split_06,6,train,896,918,1
split_06,6,train,492,503,1
split_06,6,train,1389,1425,1
split_06,6,train,2689,2919,0
split_06,6,train,1603,1642,1
split_06,6,train,641,658,1
split_06,6,train,2180,2324,0
split_06,6,train,1564,1601,1
split_06,6,train,1657,1711,1
split_06,6,train,2607,2820,0
split_06,6,train,1983,2089,0
split_06,6,train,2650,2872,0
split_06,6,train,2535,2730,0
split_06,6,train,2209,2359,0
split_06,6,train,2241,2393,0
split_06,6,train,504,515,1
split_06,6,train,1117,1150,1
split_06,6,train,1788,1861,0
split_06,6,train,2864,3115,0
split_06,6,train,423,432,1
split_06,6,train,624,640,1
split_06,6,train,1745,1811,0
split_06,6,train,1189,1224,1
split_06,6,train,880,902,1
split_06,6,train,1161,1196,1
split_06,6,train,1261,1296,1
split_06,6,train,232,238,1
split_06,6,train,3150,3436,0
split_06,6,train,2823,3069,0
split_06,6,train,574,589,1
split_06,6,train,65,67,1
split_06,6,train,6,7,1
split_06,6,train,2466,2652,0
split_06,6,train,115,117,1
split_06,6,train,2358,2529,0
split_06,6,train,2084,2216,0
split_06,6,train,2570,2773,0
split_06,6,train,2605,2818,0
split_06,6,train,2643,2865,0
split_06,6,train,1628,1676,1
split_06,6,train,937,963,1
split_06,6,train,1528,1565,1
split_06,6,train,294,302,1
split_06,6,train,1070,1099,1
split_06,6,train,3057,3335,0
split_06,6,train,2184,2328,0
split_06,6,train,1005,1033,1
split_06,6,train,2776,3017,0
split_06,6,train,1683,1740,0
split_06,6,train,3026,3296,0
split_06,6,train,1434,1471,1
split_06,6,train,2923,3177,0
split_06,6,train,1280,1315,1
split_06,6,train,1714,1774,0
split_06,6,train,2954,3211,0
split_06,6,train,2132,2268,0
split_06,6,train,32,33,1
split_06,6,train,196,202,1
split_06,6,train,2281,2440,0
split_06,6,train,2540,2735,0
split_06,6,train,326,334,1
split_06,6,train,2856,3106,0
split_06,6,train,2061,2188,0
split_06,6,train,391,400,1
split_06,6,train,1455,1492,1
split_06,6,train,278,285,1
split_06,6,train,516,527,1
split_06,6,train,2848,3097,0
split_06,6,train,1747,1813,0
split_06,6,train,1244,1279,1
split_06,6,train,94,96,1
split_06,6,train,2230,2381,0
split_06,6,train,1970,2075,0
split_06,6,train,3141,3426,0
split_06,6,train,1364,1400,1
split_06,6,train,1374,1410,1
split_06,6,train,62,64,1
split_06,6,train,2424,2604,0
split_06,6,train,2114,2249,0
split_06,6,train,2106,2241,0
split_06,6,train,2219,2370,0
split_06,6,train,1878,1968,0
split_06,6,train,779,800,1
split_06,6,train,2537,2732,0
split_06,6,train,2755,2992,0
split_06,6,train,303,311,1
split_06,6,train,288,296,1
split_06,6,train,1235,1270,1
split_06,6,train,81,83,1
split_06,6,train,151,155,1
split_06,6,train,2125,2261,0
split_06,6,train,145,148,1
split_06,6,train,3163,3459,0
split_06,6,train,2971,3231,0
split_06,6,train,189,194,1
split_06,6,train,1084,1114,1
split_06,6,train,2221,2372,0
split_06,6,train,719,738,1
split_06,6,train,1479,1516,1
split_06,6,train,1209,1244,1
split_06,6,train,25,26,1
split_06,6,train,705,724,1
split_06,6,train,1595,1634,1
split_06,6,train,782,803,1
split_06,6,train,210,216,1
split_06,6,train,1358,1394,1
split_06,6,train,2967,3227,0
split_06,6,train,1356,1392,1
split_06,6,train,159,163,1
split_06,6,train,1451,1488,1
split_06,6,train,584,599,1
split_06,6,train,976,1003,1
split_06,6,train,1410,1446,1
split_06,6,train,2665,2889,0
split_06,6,train,2431,2613,0
split_06,6,train,1559,1596,1
split_06,6,train,1757,1824,0
split_06,6,train,70,72,1
split_06,6,train,368,377,1
split_06,6,train,3079,3358,0
split_06,6,train,552,567,1
split_06,6,train,2674,2901,0
split_06,6,train,3130,3415,0
split_06,6,train,1885,1975,0
split_06,6,train,464,474,1
split_06,6,train,1546,1583,1
split_06,6,train,1996,2106,0
split_06,6,train,2225,2376,0
split_06,6,train,687,705,1
split_06,6,train,1691,1749,0
split_06,6,train,1702,1761,0
split_06,6,train,1045,1073,1
split_06,6,train,2713,2945,0
split_06,6,train,2478,2664,0
split_06,6,train,2459,2644,0
split_06,6,train,3139,3424,0
split_06,6,train,226,232,1
split_06,6,train,204,210,1
split_06,6,train,344,353,1
split_06,6,train,1138,1172,1
split_06,6,train,42,44,1
split_06,6,train,2576,2781,0
split_06,6,train,2434,2616,0
split_06,6,train,3103,3385,0
split_06,6,train,2482,2668,0
split_06,6,train,1669,1723,1
split_06,6,train,2110,2245,0
split_06,6,train,364,373,1
split_06,6,train,2326,2495,0
split_06,6,train,1292,1327,1
split_06,6,train,1926,2023,0
split_06,6,train,1888,1979,0
split_06,6,train,2559,2759,0
split_06,6,train,2818,3064,0
split_06,6,train,206,212,1
split_06,6,train,1311,1346,1
split_06,6,train,132,134,1
split_06,6,train,2470,2656,0
split_06,6,train,362,371,1
split_06,6,train,1617,1660,1
split_06,6,train,1614,1657,1
split_06,6,train,2485,2671,0
split_06,6,train,1629,1677,1
split_06,6,train,89,91,1
split_06,6,train,345,354,1
split_06,6,train,1180,1215,1
split_06,6,train,1869,1958,0
split_06,6,train,793,814,1
split_06,6,train,1192,1227,1
split_06,6,train,1154,1188,1
split_06,6,train,635,652,1
split_06,6,train,1501,1538,1
split_06,6,train,2002,2112,0
split_06,6,train,571,586,1
split_06,6,train,10,11,1
split_06,6,train,2212,2362,0
split_06,6,train,1706,1765,0
split_06,6,train,1010,1038,1
split_06,6,train,2011,2130,0
split_06,6,train,1394,1430,1
split_06,6,train,717,736,1
split_06,6,train,1173,1208,1
split_06,6,train,1569,1606,1
split_06,6,train,990,1017,1
split_06,6,train,1855,1941,0
split_06,6,train,2010,2129,0
split_06,6,train,1298,1333,1
split_06,6,train,1827,1907,0
split_06,6,train,1877,1967,0
split_06,6,train,15,16,1
split_06,6,train,289,297,1
split_06,6,train,2062,2190,0
split_06,6,train,187,191,1
split_06,6,train,122,124,1
split_06,6,train,2811,3056,0
split_06,6,train,2146,2285,0
split_06,6,train,577,592,1
split_06,6,train,402,411,1
split_06,6,train,771,792,1
split_06,6,train,138,141,1
split_06,6,train,541,555,1
split_06,6,train,865,887,1
split_06,6,train,2260,2416,0
split_06,6,train,1598,1637,1
split_06,6,train,2505,2691,0
split_06,6,train,1036,1064,1
split_06,6,train,1506,1543,1
split_06,6,train,3030,3300,0
split_06,6,train,382,391,1
split_06,6,train,2094,2229,0
split_06,6,train,3113,3396,0
split_06,6,train,2753,2990,0
split_06,6,train,332,340,1
split_06,6,train,286,294,1
split_06,6,train,305,313,1
split_06,6,train,1046,1074,1
split_06,6,train,2228,2379,0
split_06,6,train,384,393,1
split_06,6,train,1969,2074,0
split_06,6,train,745,765,1
split_06,6,train,2936,3193,0
split_06,6,train,1756,1823,0
split_06,6,train,2840,3089,0
split_06,6,train,3158,3448,0
split_06,6,train,2218,2369,0
split_06,6,train,586,601,1
split_06,6,train,2526,2720,0
split_06,6,train,2176,2318,0
split_06,6,train,1540,1577,1
split_06,6,train,2311,2480,0
split_06,6,train,3168,3464,0
split_06,6,train,182,186,1
split_06,6,train,2641,2863,0
split_06,6,train,253,259,1
split_06,6,train,2052,2177,0
split_06,6,train,482,492,1
split_06,6,train,2370,2541,0
split_06,6,train,3032,3302,0
split_06,6,train,2991,3255,0
split_06,6,train,2261,2417,0
split_06,6,train,1428,1465,1
split_06,6,train,1486,1523,1
split_06,6,train,1944,2042,0
split_06,6,train,348,357,1
split_06,6,train,338,347,1
split_06,6,train,2608,2821,0
split_06,6,train,3050,3325,0
split_06,6,train,2029,2152,0
split_06,6,train,2259,2414,0
split_06,6,train,1852,1938,0
split_06,6,train,1583,1622,1
split_06,6,train,519,531,1
split_06,6,train,2452,2637,0
split_06,6,train,457,467,1
split_06,6,train,369,378,1
split_06,6,train,2453,2638,0
split_06,6,train,1602,1641,1
split_06,6,train,2328,2497,0
split_06,6,train,1275,1310,1
split_06,6,train,786,807,1
split_06,6,train,913,938,1
split_06,6,train,2372,2543,0
split_06,6,train,1951,2052,0
split_06,6,train,642,659,1
split_06,6,train,3054,3331,0
split_06,6,train,792,813,1
split_06,6,train,2258,2413,0
split_06,6,train,2952,3209,0
split_06,6,train,1786,1859,0
split_06,6,train,1818,1898,0
split_06,6,train,1429,1466,1
split_06,6,train,909,934,1
split_06,6,train,2889,3140,0
split_06,6,train,409,418,1
split_06,6,train,3128,3413,0
split_06,6,train,1377,1413,1
split_06,6,train,219,225,1
split_06,6,train,2173,2315,0
split_06,6,train,1023,1051,1
split_06,6,train,1862,1949,0
split_06,6,train,2916,3170,0
split_06,6,train,1020,1048,1
split_06,6,train,3060,3338,0
split_06,6,train,239,245,1
split_06,6,train,2064,2192,0
split_06,6,train,13,14,1
split_06,6,train,2008,2124,0
split_06,6,train,611,626,1
split_06,6,train,1006,1034,1
split_06,6,train,2610,2824,0
split_06,6,train,3007,3275,0
split_06,6,train,607,622,1
split_06,6,train,283,290,1
split_06,6,train,375,384,1
split_06,6,train,2310,2479,0
split_06,6,train,1325,1360,1
split_06,6,train,387,396,1
split_06,6,train,564,579,1
split_06,6,train,2765,3006,0
split_06,6,train,407,416,1
split_06,6,train,1157,1192,1
split_06,6,train,1811,1889,0
split_06,6,train,291,299,1
split_06,6,train,894,916,1
split_06,6,train,1814,1893,0
split_06,6,train,3017,3286,0
split_06,6,test,477,487,1
split_06,6,test,2158,2298,0
split_06,6,test,2692,2923,0
split_06,6,test,470,480,1
split_06,6,test,1436,1473,1
split_06,6,test,1148,1182,1
split_06,6,test,3086,3365,0
split_06,6,test,1200,1235,1
split_06,6,test,763,784,1
split_06,6,test,2450,2635,0
split_06,6,test,565,580,1
split_06,6,test,88,90,1
split_06,6,test,2038,2161,0
split_06,6,test,1893,1984,0
split_06,6,test,3066,3344,0
split_06,6,test,1457,1494,1
split_06,6,test,1087,1117,1
split_06,6,test,2240,2392,0
split_06,6,test,1044,1072,1
split_06,6,test,2399,2576,0
split_06,6,test,463,473,1
split_06,6,test,1139,1173,1
split_06,6,test,3028,3298,0
split_06,6,test,439,448,1
split_06,6,test,1454,1491,1
split_06,6,test,961,987,1
split_06,6,test,2522,2716,0
split_06,6,test,1149,1183,1
split_06,6,test,1336,1371,1
split_06,6,test,2542,2737,0
split_06,6,test,2015,2134,0
split_06,6,test,444,453,1
split_06,6,test,365,374,1
split_06,6,test,1606,1645,1
split_06,6,test,1481,1518,1
split_06,6,test,559,574,1
split_06,6,test,1252,1287,1
split_06,6,test,334,343,1
split_06,6,test,1663,1717,1
split_06,6,test,354,363,1
split_06,6,test,733,753,1
split_06,6,test,1412,1448,1
split_06,6,test,1126,1159,1
split_06,6,test,2292,2456,0
split_06,6,test,849,870,1
split_06,6,test,1387,1423,1
split_06,6,test,1296,1331,1
split_06,6,test,2926,3182,0
split_06,6,test,30,31,1
split_06,6,test,280,287,1
split_06,6,test,2439,2622,0
split_06,6,test,164,168,1
split_06,6,test,892,914,1
split_06,6,test,1072,1101,1
split_06,6,test,299,307,1
split_06,6,test,1188,1223,1
split_06,6,test,99,101,1
split_06,6,test,2479,2665,0
split_06,6,test,2914,3168,0
split_06,6,test,3033,3304,0
split_06,6,test,3093,3373,0
split_06,6,test,2116,2252,0
split_06,6,test,2433,2615,0
split_06,6,test,2321,2490,0
split_06,6,test,2141,2279,0
split_06,6,test,35,36,1
split_06,6,test,1695,1754,0
split_06,6,test,1684,1741,0
split_06,6,test,460,470,1
split_06,6,test,753,774,1
split_06,6,test,839,860,1
split_06,6,test,1771,1840,0
split_06,6,test,1176,1211,1
split_06,6,test,2237,2389,0
split_06,6,test,1024,1052,1
split_06,6,test,1264,1299,1
split_06,6,test,1178,1213,1
split_06,6,test,1953,2054,0
split_06,6,test,2403,2582,0
split_06,6,test,2338,2508,0
split_06,6,test,2667,2893,0
split_06,6,test,1519,1556,1
split_06,6,test,2985,3249,0
split_06,6,test,946,972,1
split_06,6,test,2497,2683,0
split_06,6,test,1047,1075,1
split_06,6,test,2303,2472,0
split_06,6,test,1731,1792,0
split_06,6,test,3085,3364,0
split_06,6,test,3115,3398,0
split_06,6,test,2428,2609,0
split_06,6,test,1049,1077,1
split_06,6,test,964,990,1
split_06,6,test,2868,3119,0
split_06,6,test,341,350,1
split_06,6,test,349,358,1
split_06,6,test,2284,2448,0
split_06,6,test,1135,1169,1
split_06,6,test,2939,3196,0
split_06,6,test,1302,1337,1
split_06,6,test,2197,2344,0
split_06,6,test,2105,2240,0
split_06,6,test,1043,1071,1
split_06,6,test,1366,1402,1
split_06,6,test,614,629,1
split_06,6,test,1496,1533,1
split_06,6,test,760,781,1
split_06,6,test,1748,1814,0
split_06,6,test,118,120,1
split_06,6,test,2884,3135,0
split_06,6,test,1030,1058,1
split_06,6,test,2109,2244,0
split_06,6,test,2912,3166,0
split_06,6,test,2786,3030,0
split_06,6,test,3005,3271,0
split_06,6,test,887,909,1
split_06,6,test,927,953,1
split_06,6,test,1634,1682,1
split_06,6,test,1329,1364,1
split_06,6,test,938,964,1
split_06,6,test,461,471,1
split_06,6,test,296,304,1
split_06,6,test,1458,1495,1
split_06,6,test,2520,2714,0
split_06,6,test,1613,1656,1
split_06,6,test,331,339,1
split_06,6,test,2832,3080,0
split_06,6,test,1249,1284,1
split_06,6,test,1719,1779,0
split_06,6,test,2924,3178,0
split_06,6,test,1776,1848,0
split_06,6,test,907,932,1
split_06,6,test,1277,1312,1
split_06,6,test,615,630,1
split_06,6,test,528,540,1
split_06,6,test,722,741,1
split_06,6,test,166,170,1
split_06,6,test,1217,1252,1
split_06,6,test,3089,3368,0
split_06,6,test,836,857,1
split_06,6,test,2785,3027,0
split_06,6,test,1712,1772,0
split_06,6,test,1216,1251,1
split_06,6,test,308,316,1
split_06,6,test,953,979,1
split_06,6,test,1897,1989,0
split_06,6,test,1162,1197,1
split_06,6,test,2595,2803,0
split_06,6,test,68,70,1
split_06,6,test,1472,1509,1
split_06,6,test,3008,3276,0
split_06,6,test,1079,1108,1
split_06,6,test,588,603,1
split_06,6,test,858,879,1
split_06,6,test,227,233,1
split_06,6,test,873,895,1
split_06,6,test,798,819,1
split_06,6,test,2247,2400,0
split_06,6,test,1080,1110,1
split_06,6,test,2404,2583,0
split_06,6,test,1196,1231,1
split_06,6,test,832,853,1
split_06,6,test,1,2,1
split_06,6,test,1241,1276,1
split_06,6,test,2514,2702,0
split_06,6,test,2009,2125,0
split_06,6,test,2875,3126,0
split_06,6,test,1652,1706,1
split_06,6,test,2528,2722,0
split_06,6,test,2809,3054,0
split_06,6,test,1498,1535,1
split_06,6,test,1752,1819,0
split_06,6,test,1320,1355,1
split_06,6,test,1359,1395,1
split_06,6,test,1624,1670,1
split_06,6,test,2196,2343,0
split_06,6,test,2113,2248,0
split_06,6,test,2499,2685,0
split_06,6,test,2549,2745,0
split_06,6,test,1676,1730,1
split_06,6,test,2745,2981,0
split_06,6,test,450,460,1
split_06,6,test,1876,1966,0
split_06,6,test,1031,1059,1
split_06,6,test,2200,2347,0
split_06,6,test,1368,1404,1
split_06,6,test,3112,3395,0
split_06,6,test,2174,2316,0
split_06,6,test,1722,1782,0
split_06,6,test,2974,3234,0
split_06,6,test,2870,3121,0
split_06,6,test,2575,2779,0
split_06,6,test,2129,2265,0
split_06,6,test,2585,2790,0
split_06,6,test,2024,2147,0
split_06,6,test,3161,3457,0
split_06,6,test,284,291,1
split_06,6,test,3063,3341,0
split_06,6,test,379,388,1
split_06,6,test,1884,1974,0
split_06,6,test,762,783,1
split_06,6,test,1287,1322,1
split_06,6,test,997,1024,1
split_06,6,test,699,718,1
split_06,6,test,3106,3389,0
split_06,6,test,1290,1325,1
split_06,6,test,1297,1332,1
split_06,6,test,1566,1603,1
split_06,6,test,613,628,1
split_06,6,test,912,937,1
split_06,6,test,1751,1818,0
split_06,6,test,1033,1061,1
split_06,6,test,3126,3411,0
split_06,6,test,1526,1563,1
split_06,6,test,1367,1403,1
split_06,6,test,1815,1894,0
split_06,6,test,1008,1036,1
split_06,6,test,1846,1931,0
split_06,6,test,1873,1963,0
split_06,6,test,2557,2757,0
split_06,6,test,1882,1972,0
split_06,6,test,1660,1714,1
split_06,6,test,203,209,1
split_06,6,test,1641,1691,1
split_06,6,test,1561,1598,1
split_06,6,test,2057,2182,0
split_06,6,test,2940,3197,0
split_06,6,test,2530,2724,0
split_06,6,test,3138,3423,0
split_06,6,test,616,631,1
split_06,6,test,891,913,1
split_06,6,test,1268,1303,1
split_06,6,test,3129,3414,0
split_06,6,test,918,943,1
split_06,6,test,3134,3419,0
split_06,6,test,2410,2589,0
split_06,6,test,2703,2935,0
split_06,6,test,172,176,1
split_06,6,test,1943,2041,0
split_06,6,test,218,224,1
split_06,6,test,828,849,1
split_06,6,test,2202,2349,0
split_06,6,test,517,528,1
split_06,6,test,2430,2611,0
split_06,6,test,2144,2282,0
split_06,6,test,2227,2378,0
split_06,6,test,2279,2438,0
split_06,6,test,1766,1833,0
split_06,6,test,386,395,1
split_06,6,test,698,717,1
split_06,6,test,471,481,1
split_06,6,test,2773,3014,0
split_06,6,test,1781,1854,0
split_06,6,test,494,505,1
split_06,6,test,3164,3460,0
split_06,6,test,213,219,1
split_06,6,test,367,376,1
split_06,6,test,1773,1842,0
split_06,6,test,1886,1977,0
split_06,6,test,1542,1579,1
split_06,6,test,3159,3449,0
split_06,6,test,260,266,1
split_06,6,test,2964,3223,0
split_06,6,test,2361,2532,0
split_06,6,test,1890,1981,0
split_06,6,test,860,881,1
split_06,6,test,628,644,1
split_06,6,test,1689,1747,0
split_06,6,test,749,770,1
split_06,6,test,2981,3244,0
split_06,6,test,1041,1069,1
split_06,6,test,2115,2250,0
split_06,6,test,2980,3243,0
split_06,6,test,1384,1420,1
split_06,6,test,1214,1249,1
split_06,6,test,1812,1890,0
split_06,6,test,1443,1480,1
split_06,6,test,1105,1138,1
split_06,6,test,2085,2218,0
split_06,6,test,2373,2544,0
split_06,6,test,297,305,1
split_06,6,test,469,479,1
split_06,6,test,1222,1257,1
split_06,6,test,768,789,1
split_06,6,test,1086,1116,1
split_06,6,test,408,417,1
split_06,6,test,3006,3272,0
split_06,6,test,886,908,1
split_06,6,test,679,697,1
split_06,6,test,2425,2606,0
split_06,6,test,3067,3345,0
split_06,6,test,353,362,1
split_06,6,test,544,559,1
split_06,6,test,2273,2430,0
split_06,6,test,2983,3246,0
split_06,6,test,108,110,1
split_06,6,test,960,986,1
split_06,6,test,2222,2373,0
split_06,6,test,1588,1627,1
split_06,6,test,2025,2148,0
split_06,6,test,1502,1539,1
split_06,6,test,1185,1220,1
split_06,6,test,1492,1529,1
split_06,6,test,109,111,1
split_06,6,test,2253,2407,0
split_06,6,test,406,415,1
split_06,6,test,1111,1144,1
split_06,6,test,1134,1168,1
split_06,6,test,1770,1839,0
split_06,6,test,155,159,1
split_06,6,test,2817,3063,0
split_06,6,test,581,596,1
split_06,6,test,1765,1832,0
split_06,6,test,2701,2933,0
split_06,6,test,2721,2954,0
split_06,6,test,1798,1875,0
split_06,6,test,1819,1899,0
split_06,6,test,90,92,1
split_06,6,test,797,818,1
split_06,6,test,445,454,1
split_06,6,test,1167,1202,1
split_06,6,test,2290,2454,0
split_06,6,test,866,888,1
split_06,6,test,214,220,1
split_06,6,test,2215,2366,0
split_06,6,test,377,386,1
split_06,6,test,1513,1550,1
split_06,6,test,1534,1571,1
split_06,6,test,473,483,1
split_06,6,test,3077,3356,0
split_06,6,test,318,326,1
split_06,6,test,2734,2968,0
split_06,6,test,139,142,1
split_06,6,test,131,133,1
split_06,6,test,597,612,1
split_06,6,test,242,248,1
split_06,6,test,2390,2566,0
split_06,6,test,2384,2560,0
split_06,6,test,2900,3152,0
split_06,6,test,1169,1204,1
split_06,6,test,813,834,1
split_06,6,test,2934,3191,0
split_06,6,test,1929,2026,0
split_06,6,test,2498,2684,0
split_06,6,test,2589,2795,0
split_06,6,test,796,817,1
split_06,6,test,1734,1795,0
split_06,6,test,2988,3252,0
split_06,6,test,12,13,1
split_06,6,test,22,23,1
split_06,6,test,1838,1920,0
split_06,6,test,555,570,1
split_06,6,test,2565,2767,0
split_06,6,test,2004,2115,0
split_06,6,test,2245,2398,0
split_06,6,test,3136,3421,0
split_06,6,test,136,139,1
split_06,6,test,3162,3458,0
split_06,6,test,2217,2368,0
split_06,6,test,1350,1386,1
split_06,6,test,75,77,1
split_06,6,test,2121,2257,0
split_06,6,test,3048,3322,0
split_06,6,test,2513,2700,0
split_06,6,test,2544,2740,0
split_06,6,test,619,634,1
split_06,6,test,1371,1407,1
split_06,6,test,121,123,1
split_06,6,test,818,839,1
split_06,6,test,1187,1222,1
split_06,6,test,1521,1558,1
split_06,6,test,1381,1417,1
split_06,6,test,2255,2409,0
split_06,6,test,731,751,1
split_06,6,test,2613,2827,0
split_06,6,test,209,215,1
split_06,6,test,1849,1935,0
split_06,6,test,1911,2007,0
split_06,6,test,1666,1720,1
split_06,6,test,1017,1045,1
split_06,6,test,530,543,1
split_06,6,test,2451,2636,0
split_06,6,test,3070,3348,0
split_06,6,test,2979,3242,0
split_06,6,test,510,521,1
split_06,6,test,1115,1148,1
split_06,6,test,2350,2521,0
split_06,6,test,259,265,1
split_06,6,test,2058,2184,0
split_06,6,test,750,771,1
split_06,6,test,2627,2846,0
split_06,6,test,228,234,1
split_06,6,test,2214,2365,0
split_06,6,test,2185,2329,0
split_06,6,test,897,919,1
split_06,6,test,1733,1794,0
split_06,6,test,2037,2160,0
split_06,6,test,1007,1035,1
split_06,6,test,2017,2136,0
split_06,6,test,2264,2420,0
split_06,6,test,1509,1546,1
split_06,6,test,1673,1727,1
split_06,6,test,2781,3022,0
split_06,6,test,1859,1946,0
split_06,6,test,1027,1055,1
split_06,6,test,249,255,1
split_06,6,test,1847,1932,0
split_06,6,test,2046,2170,0
split_06,6,test,1716,1776,0
split_06,6,test,2421,2601,0
split_06,6,test,2252,2405,0
split_06,6,test,279,286,1
split_06,6,test,3100,3381,0
split_06,6,test,1615,1658,1
split_06,6,test,1505,1542,1
split_06,6,test,1193,1228,1
split_06,6,test,1262,1297,1
split_06,6,test,208,214,1
split_06,6,test,175,179,1
split_06,6,test,1265,1300,1
split_06,6,test,2347,2518,0
split_06,6,test,1310,1345,1
split_06,6,test,1759,1826,0
split_06,6,test,2842,3091,0
split_06,6,test,1587,1626,1
split_06,6,test,1343,1379,1
split_06,6,test,708,727,1
split_06,6,test,5,6,1
split_06,6,test,2604,2817,0
split_06,6,test,1957,2060,0
split_06,6,test,971,998,1
split_06,6,test,2256,2410,0
split_06,6,test,1948,2048,0
split_06,6,test,1835,1916,0
split_06,6,test,2300,2468,0
split_06,6,test,1168,1203,1
split_06,6,test,2749,2985,0
split_06,6,test,498,509,1
split_06,6,test,1949,2049,0
split_06,6,test,1402,1438,1
split_06,6,test,128,130,1
split_06,6,test,2098,2233,0
split_06,6,test,2518,2712,0
split_06,6,test,1661,1715,1
split_06,6,test,1266,1301,1
split_06,6,test,618,633,1
split_06,6,test,1491,1528,1
split_06,6,test,475,485,1
split_06,6,test,2366,2537,0
split_06,6,test,389,398,1
split_06,6,test,2306,2475,0
split_06,6,test,1898,1990,0
split_06,6,test,1608,1647,1
split_06,6,test,2989,3253,0
split_06,6,test,330,338,1
split_06,6,test,1229,1264,1
split_06,6,test,2886,3137,0
split_06,6,test,2736,2972,0
split_06,6,test,224,230,1
split_06,6,test,1289,1324,1
split_06,6,test,2950,3207,0
split_06,6,test,2574,2778,0
split_06,6,test,221,227,1
split_06,6,test,2066,2195,0
split_06,6,test,254,260,1
split_06,6,test,1474,1511,1
split_06,6,test,72,74,1
split_06,6,test,3029,3299,0
split_06,6,test,1682,1739,0
split_06,6,test,902,925,1
split_06,6,test,2860,3111,0
split_06,6,test,925,951,1
split_06,6,test,3132,3417,0
split_06,6,test,2791,3035,0
split_06,6,test,53,55,1
split_06,6,test,2590,2796,0
split_06,6,test,2138,2276,0
split_06,6,test,1809,1887,0
split_06,6,test,1051,1079,1
split_06,6,test,167,171,1
split_06,6,test,1927,2024,0
split_06,6,test,2679,2907,0
split_06,6,test,2580,2785,0
split_06,6,test,1875,1965,0
split_06,6,test,1339,1375,1
split_06,6,test,2598,2807,0
split_06,6,test,2882,3133,0
split_06,6,test,202,208,1
split_06,6,test,3117,3400,0
split_06,6,test,2844,3093,0
split_06,6,test,3055,3333,0
split_06,6,test,1372,1408,1
split_06,6,test,2412,2591,0
split_06,6,test,579,594,1
split_06,6,test,656,674,1
split_06,6,test,1917,2013,0
split_06,6,test,2083,2215,0
split_06,6,test,1913,2009,0
split_06,6,test,1572,1609,1
split_06,6,test,1113,1146,1
split_06,6,test,2480,2666,0
split_06,6,test,3049,3324,0
split_06,6,test,1840,1923,0
split_06,6,test,292,300,1
split_06,6,test,1071,1100,1
split_06,6,test,840,861,1
split_06,6,test,1237,1272,1
split_06,6,test,1369,1405,1
split_06,6,test,1945,2043,0
split_06,6,test,664,682,1
split_06,6,test,3058,3336,0
split_06,6,test,3065,3343,0
split_06,6,test,2929,3185,0
split_06,6,test,1251,1286,1
split_06,6,test,2100,2235,0
split_06,6,test,2263,2419,0
split_06,6,test,2208,2358,0
split_06,6,test,2016,2135,0
split_06,6,test,2660,2884,0
split_06,6,test,1312,1347,1
split_06,6,test,1987,2094,0
split_06,6,test,2892,3144,0
split_06,6,test,1830,1910,0
split_06,6,test,951,977,1
split_06,6,test,2796,3040,0
split_06,6,test,1393,1429,1
split_06,6,test,501,512,1
split_06,6,test,1514,1551,1
split_06,6,test,1880,1970,0
split_06,6,test,2876,3127,0
split_06,6,test,1351,1387,1
split_06,6,test,2473,2659,0
split_06,6,test,533,546,1
split_06,6,test,814,835,1
split_06,6,test,739,759,1
split_06,6,test,146,149,1
split_06,6,test,1110,1143,1
split_06,6,test,500,511,1
split_06,6,test,2331,2501,0
split_06,6,test,1432,1469,1
split_06,6,test,970,997,1
split_06,6,test,437,446,1
split_06,6,test,2266,2422,0
split_06,6,test,981,1008,1
split_06,6,test,803,824,1
split_06,6,test,264,270,1
split_06,6,test,2193,2339,0
split_06,6,test,3073,3352,0
split_06,6,test,3034,3305,0
split_06,6,test,636,653,1
split_06,6,test,2508,2694,0
split_06,6,test,1338,1374,1
split_06,6,test,251,257,1
split_06,6,test,2092,2227,0
split_06,6,test,527,539,1
split_06,6,test,567,582,1
split_06,6,test,1233,1268,1
split_06,6,test,589,604,1
split_06,6,test,3068,3346,0
split_06,6,test,1354,1390,1
split_06,6,test,712,731,1
split_06,6,test,2742,2978,0
split_06,6,test,173,177,1
split_06,6,test,2397,2574,0
split_06,6,test,2282,2441,0
split_06,6,test,2074,2206,0
split_06,6,test,95,97,1
split_06,6,test,2592,2798,0
split_06,6,test,549,564,1
split_06,6,test,3097,3378,0
split_06,6,test,958,984,1
split_06,6,test,1510,1547,1
split_06,6,test,2504,2690,0
split_06,6,test,2874,3125,0
split_06,6,test,3022,3291,0
split_06,6,test,2127,2263,0
split_06,6,test,1143,1177,1
split_06,6,test,599,614,1
split_06,6,test,2226,2377,0
split_06,6,test,2792,3036,0
split_06,6,test,1478,1515,1
split_06,6,test,2837,3085,0
split_06,6,test,372,381,1
split_06,6,test,2634,2853,0
split_06,6,test,21,22,1
split_06,6,test,531,544,1
split_06,6,test,2707,2939,0
split_06,6,test,1307,1342,1
split_06,6,test,1728,1788,0
split_06,6,test,2933,3190,0
split_06,6,test,2885,3136,0
split_06,6,test,666,684,1
split_06,6,test,591,606,1
split_06,6,test,143,146,1
split_06,6,test,890,912,1
split_06,6,test,1842,1925,0
split_06,6,test,1965,2069,0
split_06,6,test,917,942,1
split_06,6,test,2385,2561,0
split_06,6,test,2553,2752,0
split_06,6,test,1621,1666,1
split_06,6,test,2672,2899,0
split_06,6,test,1345,1381,1
split_06,6,test,69,71,1
split_06,6,test,1352,1388,1
split_06,6,test,1353,1389,1
split_06,6,test,1935,2032,0
split_06,6,test,979,1006,1
split_06,6,test,2596,2805,0
split_06,6,test,2308,2477,0
split_06,6,test,2302,2471,0
split_06,6,test,1768,1837,0
split_06,6,test,1845,1930,0
split_06,6,test,1848,1933,0
split_06,6,test,830,851,1
split_06,6,test,1923,2019,0
split_06,6,test,2857,3107,0
split_06,6,test,2234,2385,0
split_06,6,test,1619,1664,1
split_06,6,test,1717,1777,0
split_06,6,test,2783,3024,0
split_06,6,test,741,761,1
split_06,6,test,562,577,1
split_06,6,test,2382,2558,0
split_06,6,test,1205,1240,1
split_06,6,test,491,501,1
split_06,6,test,1579,1616,1
split_06,6,test,186,190,1
split_06,6,test,672,690,1
split_06,6,test,1525,1562,1
split_06,6,test,2833,3081,0
split_06,6,test,183,187,1
split_06,6,test,3081,3360,0
split_06,6,test,711,730,1
split_06,6,test,2287,2451,0
split_07,7,train,2157,2297,0
split_07,7,train,841,862,1
split_07,7,train,2102,2237,0
split_07,7,train,392,401,1
split_07,7,train,1078,1107,1
split_07,7,train,1265,1300,1
split_07,7,train,750,771,1
split_07,7,train,3091,3370,0
split_07,7,train,1151,1185,1
split_07,7,train,1690,1748,0
split_07,7,train,1761,1828,0
split_07,7,train,2367,2538,0
split_07,7,train,98,100,1
split_07,7,train,2366,2537,0
split_07,7,train,1485,1522,1
split_07,7,train,1490,1527,1
split_07,7,train,1787,1860,0
split_07,7,train,3031,3301,0
split_07,7,train,2914,3168,0
split_07,7,train,2221,2372,0
split_07,7,train,640,657,1
split_07,7,train,1874,1964,0
split_07,7,train,744,764,1
split_07,7,train,2401,2578,0
split_07,7,train,1495,1532,1
split_07,7,train,2726,2959,0
split_07,7,train,1018,1046,1
split_07,7,train,1654,1708,1
split_07,7,train,2468,2654,0
split_07,7,train,1329,1364,1
split_07,7,train,159,163,1
split_07,7,train,2144,2282,0
split_07,7,train,2334,2504,0
split_07,7,train,461,471,1
split_07,7,train,94,96,1
split_07,7,train,7,8,1
split_07,7,train,913,938,1
split_07,7,train,2041,2165,0
split_07,7,train,1856,1942,0
split_07,7,train,3154,3441,0
split_07,7,train,2705,2937,0
split_07,7,train,1435,1472,1
split_07,7,train,423,432,1
split_07,7,train,2774,3015,0
split_07,7,train,498,509,1
split_07,7,train,1925,2022,0
split_07,7,train,501,512,1
split_07,7,train,2627,2846,0
split_07,7,train,2980,3243,0
split_07,7,train,2190,2335,0
split_07,7,train,2520,2714,0
split_07,7,train,486,496,1
split_07,7,train,2803,3047,0
split_07,7,train,1953,2054,0
split_07,7,train,1020,1048,1
split_07,7,train,309,317,1
split_07,7,train,417,426,1
split_07,7,train,1156,1190,1
split_07,7,train,1534,1571,1
split_07,7,train,1763,1830,0
split_07,7,train,1621,1666,1
split_07,7,train,2287,2451,0
split_07,7,train,2359,2530,0
split_07,7,train,1927,2024,0
split_07,7,train,2827,3074,0
split_07,7,train,2437,2619,0
split_07,7,train,212,218,1
split_07,7,train,1466,1503,1
split_07,7,train,329,337,1
split_07,7,train,2340,2511,0
split_07,7,train,1426,1463,1
split_07,7,train,665,683,1
split_07,7,train,1103,1136,1
split_07,7,train,2821,3067,0
split_07,7,train,1866,1954,0
split_07,7,train,2996,3261,0
split_07,7,train,2611,2825,0
split_07,7,train,822,843,1
split_07,7,train,2253,2407,0
split_07,7,train,1418,1455,1
split_07,7,train,2916,3170,0
split_07,7,train,395,404,1
split_07,7,train,3100,3381,0
split_07,7,train,1920,2016,0
split_07,7,train,1653,1707,1
split_07,7,train,2716,2948,0
split_07,7,train,2607,2820,0
split_07,7,train,1239,1274,1
split_07,7,train,1314,1349,1
split_07,7,train,868,890,1
split_07,7,train,1983,2089,0
split_07,7,train,2671,2898,0
split_07,7,train,938,964,1
split_07,7,train,1958,2061,0
split_07,7,train,1284,1319,1
split_07,7,train,1855,1941,0
split_07,7,train,1319,1354,1
split_07,7,train,1379,1415,1
split_07,7,train,3158,3448,0
split_07,7,train,3106,3389,0
split_07,7,train,3050,3325,0
split_07,7,train,2989,3253,0
split_07,7,train,31,32,1
split_07,7,train,249,255,1
split_07,7,train,414,423,1
split_07,7,train,2541,2736,0
split_07,7,train,2758,2996,0
split_07,7,train,726,746,1
split_07,7,train,2015,2134,0
split_07,7,train,2413,2592,0
split_07,7,train,1942,2040,0
split_07,7,train,428,437,1
split_07,7,train,372,381,1
split_07,7,train,2288,2452,0
split_07,7,train,527,539,1
split_07,7,train,463,473,1
split_07,7,train,3065,3343,0
split_07,7,train,2475,2661,0
split_07,7,train,2114,2249,0
split_07,7,train,1117,1150,1
split_07,7,train,1984,2090,0
split_07,7,train,2033,2156,0
split_07,7,train,2132,2268,0
split_07,7,train,421,430,1
split_07,7,train,510,521,1
split_07,7,train,438,447,1
split_07,7,train,450,460,1
split_07,7,train,368,377,1
split_07,7,train,391,400,1
split_07,7,train,204,210,1
split_07,7,train,781,802,1
split_07,7,train,1851,1937,0
split_07,7,train,1993,2102,0
split_07,7,train,1973,2078,0
split_07,7,train,900,923,1
split_07,7,train,1552,1589,1
split_07,7,train,924,950,1
split_07,7,train,2065,2193,0
split_07,7,train,538,552,1
split_07,7,train,1432,1469,1
split_07,7,train,1045,1073,1
split_07,7,train,2020,2139,0
split_07,7,train,2746,2982,0
split_07,7,train,508,519,1
split_07,7,train,16,17,1
split_07,7,train,754,775,1
split_07,7,train,2806,3050,0
split_07,7,train,1791,1866,0
split_07,7,train,1248,1283,1
split_07,7,train,2909,3163,0
split_07,7,train,1277,1312,1
split_07,7,train,45,47,1
split_07,7,train,2949,3206,0
split_07,7,train,1528,1565,1
split_07,7,train,52,54,1
split_07,7,train,637,654,1
split_07,7,train,2449,2634,0
split_07,7,train,2784,3026,0
split_07,7,train,1127,1160,1
split_07,7,train,1152,1186,1
split_07,7,train,507,518,1
split_07,7,train,1143,1177,1
split_07,7,train,173,177,1
split_07,7,train,663,681,1
split_07,7,train,1916,2012,0
split_07,7,train,1538,1575,1
split_07,7,train,1391,1427,1
split_07,7,train,1264,1299,1
split_07,7,train,1893,1984,0
split_07,7,train,1036,1064,1
split_07,7,train,1029,1057,1
split_07,7,train,2744,2980,0
split_07,7,train,1788,1861,0
split_07,7,train,2517,2709,0
split_07,7,train,739,759,1
split_07,7,train,1276,1311,1
split_07,7,train,2191,2336,0
split_07,7,train,248,254,1
split_07,7,train,2155,2295,0
split_07,7,train,553,568,1
split_07,7,train,2796,3040,0
split_07,7,train,214,220,1
split_07,7,train,126,128,1
split_07,7,train,2407,2586,0
split_07,7,train,2753,2990,0
split_07,7,train,2168,2310,0
split_07,7,train,1810,1888,0
split_07,7,train,2880,3131,0
split_07,7,train,3006,3272,0
split_07,7,train,1577,1614,1
split_07,7,train,350,359,1
split_07,7,train,1770,1839,0
split_07,7,train,2373,2544,0
split_07,7,train,1905,2000,0
split_07,7,train,170,174,1
split_07,7,train,1169,1204,1
split_07,7,train,2610,2824,0
split_07,7,train,2888,3139,0
split_07,7,train,2737,2973,0
split_07,7,train,468,478,1
split_07,7,train,1990,2099,0
split_07,7,train,1858,1945,0
split_07,7,train,965,991,1
split_07,7,train,381,390,1
split_07,7,train,3101,3382,0
split_07,7,train,606,621,1
split_07,7,train,2451,2636,0
split_07,7,train,269,276,1
split_07,7,train,714,733,1
split_07,7,train,1784,1857,0
split_07,7,train,2828,3075,0
split_07,7,train,464,474,1
split_07,7,train,2815,3060,0
split_07,7,train,1752,1819,0
split_07,7,train,881,903,1
split_07,7,train,1754,1821,0
split_07,7,train,2830,3077,0
split_07,7,train,1912,2008,0
split_07,7,train,708,727,1
split_07,7,train,1355,1391,1
split_07,7,train,1992,2101,0
split_07,7,train,590,605,1
split_07,7,train,1473,1510,1
split_07,7,train,2802,3046,0
split_07,7,train,1021,1049,1
split_07,7,train,74,76,1
split_07,7,train,3011,3279,0
split_07,7,train,1396,1432,1
split_07,7,train,65,67,1
split_07,7,train,1261,1296,1
split_07,7,train,1037,1065,1
split_07,7,train,1294,1329,1
split_07,7,train,2187,2331,0
split_07,7,train,246,252,1
split_07,7,train,2470,2656,0
split_07,7,train,2284,2448,0
split_07,7,train,2668,2894,0
split_07,7,train,2808,3053,0
split_07,7,train,2297,2461,0
split_07,7,train,2483,2669,0
split_07,7,train,452,462,1
split_07,7,train,157,161,1
split_07,7,train,1101,1133,1
split_07,7,train,2164,2306,0
split_07,7,train,3055,3333,0
split_07,7,train,2440,2623,0
split_07,7,train,1876,1966,0
split_07,7,train,2925,3179,0
split_07,7,train,2493,2679,0
split_07,7,train,1448,1485,1
split_07,7,train,1831,1912,0
split_07,7,train,1545,1582,1
split_07,7,train,2121,2257,0
split_07,7,train,1154,1188,1
split_07,7,train,1952,2053,0
split_07,7,train,2227,2378,0
split_07,7,train,933,959,1
split_07,7,train,1659,1713,1
split_07,7,train,1529,1566,1
split_07,7,train,2045,2169,0
split_07,7,train,1898,1990,0
split_07,7,train,687,705,1
split_07,7,train,2779,3020,0
split_07,7,train,2747,2983,0
split_07,7,train,145,148,1
split_07,7,train,2640,2860,0
split_07,7,train,2206,2356,0
split_07,7,train,2285,2449,0
split_07,7,train,2723,2956,0
split_07,7,train,3034,3305,0
split_07,7,train,1238,1273,1
split_07,7,train,774,795,1
split_07,7,train,1520,1557,1
split_07,7,train,695,713,1
split_07,7,train,2756,2993,0
split_07,7,train,795,816,1
split_07,7,train,3085,3364,0
split_07,7,train,2377,2552,0
split_07,7,train,1279,1314,1
split_07,7,train,2688,2918,0
split_07,7,train,1652,1706,1
split_07,7,train,2112,2247,0
split_07,7,train,555,570,1
split_07,7,train,85,87,1
split_07,7,train,1818,1898,0
split_07,7,train,869,891,1
split_07,7,train,13,14,1
split_07,7,train,1976,2081,0
split_07,7,train,2631,2850,0
split_07,7,train,2158,2298,0
split_07,7,train,1522,1559,1
split_07,7,train,727,747,1
split_07,7,train,1504,1541,1
split_07,7,train,2863,3114,0
split_07,7,train,2884,3135,0
split_07,7,train,2638,2858,0
split_07,7,train,1736,1798,0
split_07,7,train,1779,1852,0
split_07,7,train,480,490,1
split_07,7,train,1144,1178,1
split_07,7,train,1972,2077,0
split_07,7,train,2148,2287,0
split_07,7,train,1977,2082,0
split_07,7,train,872,894,1
split_07,7,train,2860,3111,0
split_07,7,train,922,948,1
split_07,7,train,614,629,1
split_07,7,train,458,468,1
split_07,7,train,766,787,1
split_07,7,train,2958,3215,0
split_07,7,train,1147,1181,1
split_07,7,train,278,285,1
split_07,7,train,2226,2377,0
split_07,7,train,201,207,1
split_07,7,train,3160,3450,0
split_07,7,train,370,379,1
split_07,7,train,3026,3296,0
split_07,7,train,689,707,1
split_07,7,train,2313,2482,0
split_07,7,train,3020,3289,0
split_07,7,train,264,270,1
split_07,7,train,2504,2690,0
split_07,7,train,3117,3400,0
split_07,7,train,383,392,1
split_07,7,train,2109,2244,0
split_07,7,train,2416,2595,0
split_07,7,train,2967,3227,0
split_07,7,train,1137,1171,1
split_07,7,train,1272,1307,1
split_07,7,train,2006,2118,0
split_07,7,train,1689,1747,0
split_07,7,train,541,555,1
split_07,7,train,1530,1567,1
split_07,7,train,273,280,1
split_07,7,train,398,407,1
split_07,7,train,2642,2864,0
split_07,7,train,2056,2181,0
split_07,7,train,1354,1390,1
split_07,7,train,1115,1148,1
split_07,7,train,399,408,1
split_07,7,train,1053,1081,1
split_07,7,train,908,933,1
split_07,7,train,874,896,1
split_07,7,train,2051,2176,0
split_07,7,train,339,348,1
split_07,7,train,2080,2212,0
split_07,7,train,2151,2290,0
split_07,7,train,130,132,1
split_07,7,train,2941,3198,0
split_07,7,train,978,1005,1
split_07,7,train,2124,2260,0
split_07,7,train,1291,1326,1
split_07,7,train,2619,2835,0
split_07,7,train,2870,3121,0
split_07,7,train,2656,2880,0
split_07,7,train,2199,2346,0
split_07,7,train,2670,2897,0
split_07,7,train,32,33,1
split_07,7,train,3149,3435,0
split_07,7,train,1512,1549,1
split_07,7,train,1841,1924,0
split_07,7,train,534,547,1
split_07,7,train,532,545,1
split_07,7,train,456,466,1
split_07,7,train,1287,1322,1
split_07,7,train,2970,3230,0
split_07,7,train,1728,1788,0
split_07,7,train,2446,2631,0
split_07,7,train,131,133,1
split_07,7,train,1150,1184,1
split_07,7,train,1389,1425,1
split_07,7,train,1352,1388,1
split_07,7,train,3067,3345,0
split_07,7,train,850,871,1
split_07,7,train,2701,2933,0
split_07,7,train,702,721,1
split_07,7,train,1211,1246,1
split_07,7,train,1228,1263,1
split_07,7,train,2397,2574,0
split_07,7,train,315,323,1
split_07,7,train,539,553,1
split_07,7,train,997,1024,1
split_07,7,train,3156,3446,0
split_07,7,train,1561,1598,1
split_07,7,train,855,876,1
split_07,7,train,3017,3286,0
split_07,7,train,1444,1481,1
split_07,7,train,577,592,1
split_07,7,train,1030,1058,1
split_07,7,train,1286,1321,1
split_07,7,train,1885,1975,0
split_07,7,train,789,810,1
split_07,7,train,2566,2768,0
split_07,7,train,2507,2693,0
split_07,7,train,536,549,1
split_07,7,train,2088,2222,0
split_07,7,train,1087,1117,1
split_07,7,train,2465,2651,0
split_07,7,train,1615,1658,1
split_07,7,train,613,628,1
split_07,7,train,2244,2397,0
split_07,7,train,2499,2685,0
split_07,7,train,2664,2888,0
split_07,7,train,937,963,1
split_07,7,train,1342,1378,1
split_07,7,train,889,911,1
split_07,7,train,2893,3145,0
split_07,7,train,2209,2359,0
split_07,7,train,2648,2870,0
split_07,7,train,563,578,1
split_07,7,train,942,968,1
split_07,7,train,2966,3226,0
split_07,7,train,1803,1880,0
split_07,7,train,1806,1883,0
split_07,7,train,1306,1341,1
split_07,7,train,1346,1382,1
split_07,7,train,299,307,1
split_07,7,train,790,811,1
split_07,7,train,479,489,1
split_07,7,train,945,971,1
split_07,7,train,2995,3260,0
split_07,7,train,610,625,1
split_07,7,train,531,544,1
split_07,7,train,2715,2947,0
split_07,7,train,1308,1343,1
split_07,7,train,1012,1040,1
split_07,7,train,2530,2724,0
split_07,7,train,2722,2955,0
split_07,7,train,361,370,1
split_07,7,train,3151,3438,0
split_07,7,train,1085,1115,1
split_07,7,train,257,263,1
split_07,7,train,1477,1514,1
split_07,7,train,3159,3449,0
split_07,7,train,2368,2539,0
split_07,7,train,1906,2002,0
split_07,7,train,972,999,1
split_07,7,train,1445,1482,1
split_07,7,train,2510,2696,0
split_07,7,train,58,60,1
split_07,7,train,847,868,1
split_07,7,train,765,786,1
split_07,7,train,3060,3338,0
split_07,7,train,2829,3076,0
split_07,7,train,2250,2403,0
split_07,7,train,1918,2014,0
split_07,7,train,2781,3022,0
split_07,7,train,1063,1092,1
split_07,7,train,1695,1754,0
split_07,7,train,2606,2819,0
split_07,7,train,1606,1645,1
split_07,7,train,1095,1127,1
split_07,7,train,2614,2829,0
split_07,7,train,1318,1353,1
split_07,7,train,2485,2671,0
split_07,7,train,3013,3281,0
split_07,7,train,3004,3270,0
split_07,7,train,2550,2747,0
split_07,7,train,673,691,1
split_07,7,train,2161,2301,0
split_07,7,train,1514,1551,1
split_07,7,train,1611,1652,1
split_07,7,train,1108,1141,1
split_07,7,train,2535,2730,0
split_07,7,train,437,446,1
split_07,7,train,814,835,1
split_07,7,train,44,46,1
split_07,7,train,41,43,1
split_07,7,train,1999,2109,0
split_07,7,train,179,183,1
split_07,7,train,1699,1758,0
split_07,7,train,2455,2640,0
split_07,7,train,2239,2391,0
split_07,7,train,470,480,1
split_07,7,train,647,665,1
split_07,7,train,2911,3165,0
split_07,7,train,1963,2067,0
split_07,7,train,2029,2152,0
split_07,7,train,3039,3311,0
split_07,7,train,3049,3324,0
split_07,7,train,1931,2028,0
split_07,7,train,1955,2056,0
split_07,7,train,1328,1363,1
split_07,7,train,2415,2594,0
split_07,7,train,808,829,1
split_07,7,train,224,230,1
split_07,7,train,3169,3465,0
split_07,7,train,1627,1675,1
split_07,7,train,1062,1091,1
split_07,7,train,2021,2140,0
split_07,7,train,2632,2851,0
split_07,7,train,2326,2495,0
split_07,7,train,2096,2231,0
split_07,7,train,1033,1061,1
split_07,7,train,1645,1695,1
split_07,7,train,2693,2924,0
split_07,7,train,1453,1490,1
split_07,7,train,2695,2927,0
split_07,7,train,2014,2133,0
split_07,7,train,1624,1670,1
split_07,7,train,1646,1696,1
split_07,7,train,1179,1214,1
split_07,7,train,3107,3390,0
split_07,7,train,67,69,1
split_07,7,train,1637,1687,1
split_07,7,train,318,326,1
split_07,7,train,975,1002,1
split_07,7,train,1224,1259,1
split_07,7,train,2386,2562,0
split_07,7,train,2725,2958,0
split_07,7,train,1395,1431,1
split_07,7,train,1488,1525,1
split_07,7,train,1233,1268,1
split_07,7,train,2583,2788,0
split_07,7,train,393,402,1
split_07,7,train,633,650,1
split_07,7,train,731,751,1
split_07,7,train,334,343,1
split_07,7,train,2458,2643,0
split_07,7,train,1195,1230,1
split_07,7,train,2163,2305,0
split_07,7,train,1509,1546,1
split_07,7,train,472,482,1
split_07,7,train,1795,1871,0
split_07,7,train,1215,1250,1
split_07,7,train,552,567,1
split_07,7,train,1989,2097,0
split_07,7,train,3033,3304,0
split_07,7,train,1891,1982,0
split_07,7,train,549,564,1
split_07,7,train,198,204,1
split_07,7,train,1719,1779,0
split_07,7,train,1943,2041,0
split_07,7,train,2501,2687,0
split_07,7,train,1571,1608,1
split_07,7,train,1822,1902,0
split_07,7,train,2352,2523,0
split_07,7,train,2030,2153,0
split_07,7,train,1812,1890,0
split_07,7,train,798,819,1
split_07,7,train,735,755,1
split_07,7,train,1267,1302,1
split_07,7,train,2171,2313,0
split_07,7,train,970,997,1
split_07,7,train,134,137,1
split_07,7,train,1428,1465,1
split_07,7,train,1161,1196,1
split_07,7,train,2402,2580,0
split_07,7,train,2563,2764,0
split_07,7,train,2780,3021,0
split_07,7,train,2810,3055,0
split_07,7,train,462,472,1
split_07,7,train,2456,2641,0
split_07,7,train,1569,1606,1
split_07,7,train,3121,3404,0
split_07,7,train,2697,2929,0
split_07,7,train,543,558,1
split_07,7,train,471,481,1
split_07,7,train,2813,3058,0
split_07,7,train,2276,2434,0
split_07,7,train,1417,1454,1
split_07,7,train,1304,1339,1
split_07,7,train,3127,3412,0
split_07,7,train,3005,3271,0
split_07,7,train,1991,2100,0
split_07,7,train,2436,2618,0
split_07,7,train,2793,3037,0
split_07,7,train,2620,2836,0
split_07,7,train,2146,2285,0
split_07,7,train,772,793,1
split_07,7,train,1565,1602,1
split_07,7,train,344,353,1
split_07,7,train,40,42,1
split_07,7,train,2569,2772,0
split_07,7,train,205,211,1
split_07,7,train,2555,2754,0
split_07,7,train,1170,1205,1
split_07,7,train,149,152,1
split_07,7,train,2657,2881,0
split_07,7,train,2897,3149,0
split_07,7,train,3059,3337,0
split_07,7,train,1827,1907,0
split_07,7,train,1025,1053,1
split_07,7,train,247,253,1
split_07,7,train,2692,2923,0
split_07,7,train,1378,1414,1
split_07,7,train,1676,1730,1
split_07,7,train,609,624,1
split_07,7,train,572,587,1
split_07,7,train,266,272,1
split_07,7,train,2938,3195,0
split_07,7,train,2058,2184,0
split_07,7,train,3000,3265,0
split_07,7,train,1226,1261,1
split_07,7,train,1281,1316,1
split_07,7,train,1814,1893,0
split_07,7,train,1013,1041,1
split_07,7,train,3150,3436,0
split_07,7,train,688,706,1
split_07,7,train,358,367,1
split_07,7,train,3001,3266,0
split_07,7,train,2579,2784,0
split_07,7,train,3083,3362,0
split_07,7,train,2060,2187,0
split_07,7,train,2568,2770,0
split_07,7,train,1884,1974,0
split_07,7,train,977,1004,1
split_07,7,train,1792,1867,0
split_07,7,train,2814,3059,0
split_07,7,train,1497,1534,1
split_07,7,train,2149,2288,0
split_07,7,train,1242,1277,1
split_07,7,train,1360,1396,1
split_07,7,train,499,510,1
split_07,7,train,43,45,1
split_07,7,train,958,984,1
split_07,7,train,1777,1849,0
split_07,7,train,703,722,1
split_07,7,train,2928,3184,0
split_07,7,train,3114,3397,0
split_07,7,train,1431,1468,1
split_07,7,train,1738,1800,0
split_07,7,train,2026,2149,0
split_07,7,train,608,623,1
split_07,7,train,2506,2692,0
split_07,7,train,1297,1332,1
split_07,7,train,2292,2456,0
split_07,7,train,1365,1401,1
split_07,7,train,2904,3156,0
split_07,7,train,2376,2550,0
split_07,7,train,1410,1446,1
split_07,7,train,209,215,1
split_07,7,train,2087,2221,0
split_07,7,train,208,214,1
split_07,7,train,1631,1679,1
split_07,7,train,321,329,1
split_07,7,train,2962,3221,0
split_07,7,train,1299,1334,1
split_07,7,train,1525,1562,1
split_07,7,train,2965,3225,0
split_07,7,train,1433,1470,1
split_07,7,train,825,846,1
split_07,7,train,1124,1157,1
split_07,7,train,2926,3182,0
split_07,7,train,22,23,1
split_07,7,train,2519,2713,0
split_07,7,train,2919,3173,0
split_07,7,train,2741,2977,0
split_07,7,train,2661,2885,0
split_07,7,train,523,535,1
split_07,7,train,963,989,1
split_07,7,train,2960,3218,0
split_07,7,train,90,92,1
split_07,7,train,2807,3052,0
split_07,7,train,1834,1915,0
split_07,7,train,592,607,1
split_07,7,train,2346,2517,0
split_07,7,train,3163,3459,0
split_07,7,train,422,431,1
split_07,7,train,845,866,1
split_07,7,train,1649,1703,1
split_07,7,train,225,231,1
split_07,7,train,690,708,1
split_07,7,train,1941,2039,0
split_07,7,train,305,313,1
split_07,7,train,1896,1988,0
split_07,7,train,2012,2131,0
split_07,7,train,2717,2949,0
split_07,7,train,2053,2178,0
split_07,7,train,1581,1620,1
split_07,7,train,804,825,1
split_07,7,train,752,773,1
split_07,7,train,220,226,1
split_07,7,train,1386,1422,1
split_07,7,train,347,356,1
split_07,7,train,2868,3119,0
split_07,7,train,2405,2584,0
split_07,7,train,2403,2582,0
split_07,7,train,2098,2233,0
split_07,7,train,618,633,1
split_07,7,train,1449,1486,1
split_07,7,train,964,990,1
split_07,7,train,78,80,1
split_07,7,train,636,653,1
split_07,7,train,2974,3234,0
split_07,7,train,989,1016,1
split_07,7,train,888,910,1
split_07,7,train,2900,3152,0
split_07,7,train,826,847,1
split_07,7,train,1895,1987,0
split_07,7,train,957,983,1
split_07,7,train,222,228,1
split_07,7,train,405,414,1
split_07,7,train,2788,3032,0
split_07,7,train,2289,2453,0
split_07,7,train,725,745,1
split_07,7,train,596,611,1
split_07,7,train,1794,1870,0
split_07,7,train,883,905,1
split_07,7,train,1074,1103,1
split_07,7,train,2549,2745,0
split_07,7,train,1050,1078,1
split_07,7,train,1384,1420,1
split_07,7,train,2930,3186,0
split_07,7,train,1801,1878,0
split_07,7,train,3053,3330,0
split_07,7,train,2902,3154,0
split_07,7,train,616,631,1
split_07,7,train,2323,2492,0
split_07,7,train,2237,2389,0
split_07,7,train,143,146,1
split_07,7,train,1585,1624,1
split_07,7,train,2851,3100,0
split_07,7,train,356,365,1
split_07,7,train,2982,3245,0
split_07,7,train,1405,1441,1
split_07,7,train,1182,1217,1
split_07,7,train,2976,3236,0
split_07,7,train,1521,1558,1
split_07,7,train,2233,2384,0
split_07,7,train,1162,1197,1
split_07,7,train,294,302,1
split_07,7,train,2885,3136,0
split_07,7,train,3145,3430,0
split_07,7,train,2957,3214,0
split_07,7,train,2623,2841,0
split_07,7,train,380,389,1
split_07,7,train,3113,3396,0
split_07,7,train,718,737,1
split_07,7,train,2032,2155,0
split_07,7,train,2264,2420,0
split_07,7,train,2324,2493,0
split_07,7,train,34,35,1
split_07,7,train,117,119,1
split_07,7,train,1348,1384,1
split_07,7,train,1398,1434,1
split_07,7,train,1089,1120,1
split_07,7,train,1407,1443,1
split_07,7,train,1315,1350,1
split_07,7,train,1919,2015,0
split_07,7,train,2200,2347,0
split_07,7,train,2215,2366,0
split_07,7,train,2985,3249,0
split_07,7,train,1854,1940,0
split_07,7,train,39,41,1
split_07,7,train,2578,2783,0
split_07,7,train,649,667,1
split_07,7,train,1959,2063,0
split_07,7,train,928,954,1
split_07,7,train,2516,2708,0
split_07,7,train,2069,2200,0
split_07,7,train,408,417,1
split_07,7,train,1419,1456,1
split_07,7,train,1584,1623,1
split_07,7,train,1957,2060,0
split_07,7,train,1390,1426,1
split_07,7,train,548,563,1
split_07,7,train,1589,1628,1
split_07,7,train,1780,1853,0
split_07,7,train,295,303,1
split_07,7,train,1622,1667,1
split_07,7,train,546,561,1
split_07,7,train,1436,1473,1
split_07,7,train,2459,2644,0
split_07,7,train,2115,2250,0
split_07,7,train,1325,1360,1
split_07,7,train,1579,1616,1
split_07,7,train,2342,2513,0
split_07,7,train,279,286,1
split_07,7,train,793,814,1
split_07,7,train,292,300,1
split_07,7,train,870,892,1
split_07,7,train,1499,1536,1
split_07,7,train,554,569,1
split_07,7,train,2680,2908,0
split_07,7,train,800,821,1
split_07,7,train,2265,2421,0
split_07,7,train,724,743,1
split_07,7,train,998,1025,1
split_07,7,train,1109,1142,1
split_07,7,train,1826,1906,0
split_07,7,train,178,182,1
split_07,7,train,1537,1574,1
split_07,7,train,895,917,1
split_07,7,train,2325,2494,0
split_07,7,train,2665,2889,0
split_07,7,train,2296,2460,0
split_07,7,train,1515,1552,1
split_07,7,train,3019,3288,0
split_07,7,train,1746,1812,0
split_07,7,train,1203,1238,1
split_07,7,train,1828,1908,0
split_07,7,train,1660,1714,1
split_07,7,train,698,717,1
split_07,7,train,1470,1507,1
split_07,7,train,382,391,1
split_07,7,train,2848,3097,0
split_07,7,train,2442,2627,0
split_07,7,train,1956,2059,0
split_07,7,train,1134,1168,1
split_07,7,train,1613,1656,1
split_07,7,train,1055,1083,1
split_07,7,train,1740,1803,0
split_07,7,train,2086,2220,0
split_07,7,train,505,516,1
split_07,7,train,2472,2658,0
split_07,7,train,584,599,1
split_07,7,train,759,780,1
split_07,7,train,3126,3411,0
split_07,7,train,2246,2399,0
split_07,7,train,112,114,1
split_07,7,train,47,49,1
split_07,7,train,837,858,1
split_07,7,train,821,842,1
split_07,7,train,1867,1955,0
split_07,7,train,20,21,1
split_07,7,train,2189,2334,0
split_07,7,train,2009,2125,0
split_07,7,train,363,372,1
split_07,7,train,46,48,1
split_07,7,train,2154,2294,0
split_07,7,train,911,936,1
split_07,7,train,794,815,1
split_07,7,train,709,728,1
split_07,7,train,910,935,1
split_07,7,train,374,383,1
split_07,7,train,252,258,1
split_07,7,train,2279,2438,0
split_07,7,train,1937,2035,0
split_07,7,train,2984,3248,0
split_07,7,train,1476,1513,1
split_07,7,train,1501,1538,1
split_07,7,train,1096,1128,1
split_07,7,train,1119,1152,1
split_07,7,train,2302,2471,0
split_07,7,train,1176,1211,1
split_07,7,train,2143,2281,0
split_07,7,train,1860,1947,0
split_07,7,train,3104,3387,0
split_07,7,train,2256,2410,0
split_07,7,train,2529,2723,0
split_07,7,train,285,293,1
split_07,7,train,2992,3256,0
split_07,7,train,2712,2944,0
split_07,7,train,2764,3005,0
split_07,7,train,2910,3164,0
split_07,7,train,148,151,1
split_07,7,train,810,831,1
split_07,7,train,234,240,1
split_07,7,train,1340,1376,1
split_07,7,train,1965,2069,0
split_07,7,train,245,251,1
split_07,7,train,1479,1516,1
split_07,7,train,1750,1817,0
split_07,7,train,314,322,1
split_07,7,train,785,806,1
split_07,7,train,3088,3367,0
split_07,7,train,558,573,1
split_07,7,train,1387,1423,1
split_07,7,train,831,852,1
split_07,7,train,893,915,1
split_07,7,train,1338,1374,1
split_07,7,train,2647,2869,0
split_07,7,train,631,648,1
split_07,7,train,2261,2417,0
split_07,7,train,401,410,1
split_07,7,train,2372,2543,0
split_07,7,train,2090,2224,0
split_07,7,train,2027,2150,0
split_07,7,train,675,693,1
split_07,7,train,3122,3405,0
split_07,7,train,2959,3217,0
split_07,7,train,1371,1407,1
split_07,7,train,943,969,1
split_07,7,train,2845,3094,0
split_07,7,train,824,845,1
split_07,7,train,2734,2968,0
split_07,7,train,3070,3348,0
split_07,7,train,2195,2341,0
split_07,7,train,1155,1189,1
split_07,7,train,816,837,1
split_07,7,train,2751,2988,0
split_07,7,train,1423,1460,1
split_07,7,train,1687,1745,0
split_07,7,train,2497,2683,0
split_07,7,train,1724,1784,0
split_07,7,train,411,420,1
split_07,7,train,2590,2796,0
split_07,7,train,2107,2242,0
split_07,7,train,625,641,1
split_07,7,train,333,342,1
split_07,7,train,1450,1487,1
split_07,7,train,2,3,1
split_07,7,train,2374,2545,0
split_07,7,train,1797,1874,0
split_07,7,train,2694,2925,0
split_07,7,train,719,738,1
split_07,7,train,2130,2266,0
split_07,7,train,2232,2383,0
split_07,7,train,1680,1734,0
split_07,7,train,1440,1477,1
split_07,7,train,2498,2684,0
split_07,7,train,3123,3406,0
split_07,7,train,1543,1580,1
split_07,7,train,3132,3417,0
split_07,7,train,3046,3320,0
split_07,7,train,2625,2843,0
split_07,7,train,514,525,1
split_07,7,train,1313,1348,1
split_07,7,train,876,898,1
split_07,7,train,1500,1537,1
split_07,7,train,3164,3460,0
split_07,7,train,944,970,1
split_07,7,train,2304,2473,0
split_07,7,train,912,937,1
split_07,7,train,1273,1308,1
split_07,7,train,1288,1323,1
split_07,7,train,659,677,1
split_07,7,train,2461,2646,0
split_07,7,train,525,537,1
split_07,7,train,906,931,1
split_07,7,train,2194,2340,0
split_07,7,train,327,335,1
split_07,7,train,482,492,1
split_07,7,train,832,853,1
split_07,7,train,2968,3228,0
split_07,7,train,3082,3361,0
split_07,7,train,2913,3167,0
split_07,7,train,2093,2228,0
split_07,7,train,2089,2223,0
split_07,7,train,677,695,1
split_07,7,train,1825,1905,0
split_07,7,train,1960,2064,0
split_07,7,train,1190,1225,1
split_07,7,train,2915,3169,0
split_07,7,train,1664,1718,1
split_07,7,train,407,416,1
split_07,7,train,2739,2975,0
split_07,7,train,780,801,1
split_07,7,train,2636,2856,0
split_07,7,train,166,170,1
split_07,7,train,442,451,1
split_07,7,train,1769,1838,0
split_07,7,train,1741,1805,0
split_07,7,train,2175,2317,0
split_07,7,train,2677,2904,0
split_07,7,train,646,664,1
split_07,7,train,435,444,1
split_07,7,train,1658,1712,1
split_07,7,train,2245,2398,0
split_07,7,train,1201,1236,1
split_07,7,train,3048,3322,0
split_07,7,train,1374,1410,1
split_07,7,train,736,756,1
split_07,7,train,990,1017,1
split_07,7,train,1250,1285,1
split_07,7,train,1808,1886,0
split_07,7,train,1773,1842,0
split_07,7,train,2856,3106,0
split_07,7,train,1730,1791,0
split_07,7,train,2531,2725,0
split_07,7,train,971,998,1
split_07,7,train,1873,1963,0
split_07,7,train,68,70,1
split_07,7,train,1745,1811,0
split_07,7,train,716,735,1
split_07,7,train,2003,2113,0
split_07,7,train,680,698,1
split_07,7,train,2142,2280,0
split_07,7,train,1625,1673,1
split_07,7,train,1694,1753,0
split_07,7,train,1591,1630,1
split_07,7,train,55,57,1
split_07,7,train,1533,1570,1
split_07,7,train,2626,2845,0
split_07,7,train,2581,2786,0
split_07,7,train,274,281,1
split_07,7,train,324,332,1
split_07,7,train,3029,3299,0
split_07,7,train,2783,3024,0
split_07,7,train,1292,1327,1
split_07,7,train,2167,2309,0
split_07,7,train,310,318,1
split_07,7,train,2044,2168,0
split_07,7,train,1210,1245,1
split_07,7,train,2921,3175,0
split_07,7,train,1253,1288,1
split_07,7,train,1254,1289,1
split_07,7,train,2592,2798,0
split_07,7,train,844,865,1
split_07,7,train,231,237,1
split_07,7,train,914,939,1
split_07,7,train,1720,1780,0
split_07,7,train,1256,1291,1
split_07,7,train,1222,1257,1
split_07,7,train,2268,2425,0
split_07,7,train,1762,1829,0
split_07,7,train,3014,3282,0
split_07,7,train,474,484,1
split_07,7,train,2750,2987,0
split_07,7,train,160,164,1
split_07,7,train,2886,3137,0
split_07,7,train,443,452,1
split_07,7,train,336,345,1
split_07,7,train,50,52,1
split_07,7,train,158,162,1
split_07,7,train,2356,2527,0
split_07,7,train,2575,2779,0
split_07,7,train,1006,1034,1
split_07,7,train,2536,2731,0
split_07,7,train,1723,1783,0
split_07,7,train,1547,1584,1
split_07,7,train,1847,1932,0
split_07,7,train,784,805,1
split_07,7,train,1643,1693,1
split_07,7,train,1567,1604,1
split_07,7,train,1701,1760,0
split_07,7,train,916,941,1
split_07,7,train,686,704,1
split_07,7,train,522,534,1
split_07,7,train,2305,2474,0
split_07,7,train,2616,2831,0
split_07,7,train,1681,1737,0
split_07,7,train,223,229,1
split_07,7,train,1848,1933,0
split_07,7,train,2635,2854,0
split_07,7,train,2277,2435,0
split_07,7,train,2457,2642,0
split_07,7,train,818,839,1
split_07,7,train,439,448,1
split_07,7,train,1950,2050,0
split_07,7,train,2825,3071,0
split_07,7,train,2480,2666,0
split_07,7,train,2389,2565,0
split_07,7,train,1923,2019,0
split_07,7,train,1610,1651,1
split_07,7,train,1502,1539,1
split_07,7,train,1388,1424,1
split_07,7,train,2736,2972,0
split_07,7,train,796,817,1
split_07,7,train,1455,1492,1
split_07,7,train,644,661,1
split_07,7,train,737,757,1
split_07,7,train,2198,2345,0
split_07,7,train,1048,1076,1
split_07,7,train,2865,3116,0
split_07,7,train,979,1006,1
split_07,7,train,3153,3440,0
split_07,7,train,237,243,1
split_07,7,train,440,449,1
split_07,7,train,3139,3424,0
split_07,7,train,3081,3360,0
split_07,7,train,1007,1035,1
split_07,7,train,1555,1592,1
split_07,7,train,873,895,1
split_07,7,train,1656,1710,1
split_07,7,train,57,59,1
split_07,7,train,2391,2567,0
split_07,7,train,565,580,1
split_07,7,train,1575,1612,1
split_07,7,train,75,77,1
split_07,7,train,2816,3061,0
split_07,7,train,2782,3023,0
split_07,7,train,28,29,1
split_07,7,train,1908,2004,0
split_07,7,train,1370,1406,1
split_07,7,train,1475,1512,1
split_07,7,train,656,674,1
split_07,7,train,1168,1203,1
split_07,7,train,71,73,1
split_07,7,train,2362,2533,0
split_07,7,train,2953,3210,0
split_07,7,train,221,227,1
split_07,7,train,2431,2613,0
split_07,7,train,2823,3069,0
split_07,7,train,2126,2262,0
split_07,7,train,862,884,1
split_07,7,train,335,344,1
split_07,7,train,1437,1474,1
split_07,7,train,465,475,1
split_07,7,train,2702,2934,0
split_07,7,train,1441,1478,1
split_07,7,train,2714,2946,0
split_07,7,train,2328,2497,0
split_07,7,train,3077,3356,0
split_07,7,train,1090,1122,1
split_07,7,train,2894,3146,0
split_07,7,train,2381,2557,0
split_07,7,train,884,906,1
split_07,7,train,2369,2540,0
split_07,7,train,2537,2732,0
split_07,7,train,490,500,1
split_07,7,train,2869,3120,0
split_07,7,train,1798,1875,0
split_07,7,train,2837,3085,0
split_07,7,train,2258,2413,0
split_07,7,train,2071,2202,0
split_07,7,train,2540,2735,0
split_07,7,train,2936,3193,0
split_07,7,train,2654,2878,0
split_07,7,train,3037,3309,0
split_07,7,train,2849,3098,0
split_07,7,train,2438,2621,0
split_07,7,train,860,881,1
split_07,7,train,2674,2901,0
split_07,7,train,124,126,1
split_07,7,train,390,399,1
split_07,7,train,2185,2329,0
split_07,7,train,1843,1928,0
split_07,7,train,80,82,1
split_07,7,train,164,168,1
split_07,7,train,2452,2637,0
split_07,7,train,1300,1335,1
split_07,7,train,2216,2367,0
split_07,7,train,1163,1198,1
split_07,7,train,346,355,1
split_07,7,train,17,18,1
split_07,7,train,2972,3232,0
split_07,7,train,293,301,1
split_07,7,train,846,867,1
split_07,7,train,2231,2382,0
split_07,7,train,1341,1377,1
split_07,7,train,2979,3242,0
split_07,7,train,1420,1457,1
split_07,7,train,902,925,1
split_07,7,train,1451,1488,1
split_07,7,train,667,685,1
split_07,7,train,29,30,1
split_07,7,train,2361,2532,0
split_07,7,train,643,660,1
split_07,7,train,2690,2920,0
split_07,7,train,2659,2883,0
split_07,7,train,1907,2003,0
split_07,7,train,1336,1371,1
split_07,7,train,2857,3107,0
split_07,7,train,2011,2130,0
split_07,7,train,1679,1733,1
split_07,7,train,1614,1657,1
split_07,7,train,2420,2600,0
split_07,7,train,2382,2558,0
split_07,7,train,48,50,1
split_07,7,train,2901,3153,0
split_07,7,train,624,640,1
split_07,7,train,2205,2355,0
split_07,7,train,79,81,1
split_07,7,train,2560,2761,0
split_07,7,train,939,965,1
split_07,7,train,1902,1997,0
split_07,7,train,1837,1918,0
split_07,7,train,488,498,1
split_07,7,train,3043,3317,0
split_07,7,train,2548,2744,0
split_07,7,train,1452,1489,1
split_07,7,train,1198,1233,1
split_07,7,train,153,157,1
split_07,7,train,1408,1444,1
split_07,7,train,2511,2698,0
split_07,7,train,753,774,1
split_07,7,train,328,336,1
split_07,7,train,2735,2971,0
split_07,7,train,935,961,1
split_07,7,train,2017,2136,0
split_07,7,train,2210,2360,0
split_07,7,train,2159,2299,0
split_07,7,train,1209,1244,1
split_07,7,train,1510,1547,1
split_07,7,train,530,543,1
split_07,7,train,2908,3162,0
split_07,7,train,1004,1031,1
split_07,7,train,1557,1594,1
split_07,7,train,144,147,1
split_07,7,train,2844,3093,0
split_07,7,train,497,508,1
split_07,7,train,2785,3027,0
split_07,7,train,864,886,1
split_07,7,train,2061,2188,0
split_07,7,train,3045,3319,0
split_07,7,train,1948,2048,0
split_07,7,train,320,328,1
split_07,7,train,60,62,1
split_07,7,train,2229,2380,0
split_07,7,train,1632,1680,1
split_07,7,train,2259,2414,0
split_07,7,train,1892,1983,0
split_07,7,train,3027,3297,0
split_07,7,train,1197,1232,1
split_07,7,train,2983,3246,0
split_07,7,train,3051,3327,0
split_07,7,train,758,779,1
split_07,7,train,985,1012,1
split_07,7,train,1148,1182,1
split_07,7,train,2338,2508,0
split_07,7,train,1564,1601,1
split_07,7,train,2605,2818,0
split_07,7,train,2262,2418,0
split_07,7,train,180,184,1
split_07,7,train,215,221,1
split_07,7,train,717,736,1
split_07,7,train,1219,1254,1
split_07,7,train,2786,3030,0
split_07,7,train,2176,2318,0
split_07,7,train,100,102,1
split_07,7,train,1572,1609,1
split_07,7,train,3120,3403,0
split_07,7,train,2729,2963,0
split_07,7,train,2582,2787,0
split_07,7,train,2426,2607,0
split_07,7,train,351,360,1
split_07,7,train,1350,1386,1
split_07,7,train,182,186,1
split_07,7,train,1234,1269,1
split_07,7,train,815,836,1
split_07,7,train,1252,1287,1
split_07,7,train,2054,2179,0
split_07,7,train,1311,1346,1
split_07,7,train,932,958,1
split_07,7,train,1608,1647,1
split_07,7,train,1711,1771,0
split_07,7,train,1904,1999,0
split_07,7,train,2327,2496,0
split_07,7,train,307,315,1
split_07,7,train,36,37,1
split_07,7,train,1167,1202,1
split_07,7,train,2418,2597,0
split_07,7,train,379,388,1
split_07,7,train,2732,2966,0
split_07,7,train,2293,2457,0
split_07,7,train,2481,2667,0
split_07,7,train,2861,3112,0
split_07,7,train,3072,3350,0
split_07,7,train,629,645,1
split_07,7,train,1069,1098,1
split_07,7,train,627,643,1
split_07,7,train,1586,1625,1
split_07,7,train,338,347,1
split_07,7,train,2944,3201,0
split_07,7,train,1716,1776,0
split_07,7,train,5,6,1
split_07,7,train,1483,1520,1
split_07,7,train,842,863,1
split_07,7,train,2689,2919,0
split_07,7,train,484,494,1
split_07,7,train,284,291,1
split_07,7,train,2022,2145,0
split_07,7,train,267,274,1
split_07,7,train,441,450,1
split_07,7,train,1070,1099,1
split_07,7,train,1247,1282,1
split_07,7,train,2872,3123,0
split_07,7,train,763,784,1
split_07,7,train,764,785,1
split_07,7,train,1042,1070,1
split_07,7,train,1193,1228,1
split_07,7,train,276,283,1
split_07,7,train,2016,2135,0
split_07,7,train,445,454,1
split_07,7,train,300,308,1
split_07,7,train,2428,2609,0
split_07,7,train,585,600,1
split_07,7,train,1944,2042,0
split_07,7,train,2355,2526,0
split_07,7,train,353,362,1
split_07,7,train,3131,3416,0
split_07,7,train,168,172,1
split_07,7,train,1120,1153,1
split_07,7,train,2755,2992,0
split_07,7,train,3112,3395,0
split_07,7,train,72,74,1
split_07,7,train,2473,2659,0
split_07,7,train,1232,1267,1
split_07,7,train,1194,1229,1
split_07,7,train,1172,1207,1
split_07,7,train,326,334,1
split_07,7,train,2918,3172,0
split_07,7,train,106,108,1
split_07,7,train,691,709,1
split_07,7,train,3086,3365,0
split_07,7,train,3161,3457,0
split_07,7,train,1863,1950,0
split_07,7,train,104,106,1
split_07,7,train,866,888,1
split_07,7,train,243,249,1
split_07,7,train,576,591,1
split_07,7,train,2211,2361,0
split_07,7,train,2931,3187,0
split_07,7,train,1857,1944,0
split_07,7,train,199,205,1
split_07,7,train,2104,2239,0
split_07,7,train,3128,3413,0
split_07,7,train,1949,2049,0
split_07,7,train,2637,2857,0
split_07,7,train,3032,3302,0
split_07,7,train,81,83,1
split_07,7,train,1494,1531,1
split_07,7,train,3041,3314,0
split_07,7,train,1039,1067,1
split_07,7,train,2172,2314,0
split_07,7,train,518,529,1
split_07,7,train,2847,3096,0
split_07,7,train,2427,2608,0
split_07,7,train,1362,1398,1
split_07,7,train,1785,1858,0
split_07,7,train,1411,1447,1
split_07,7,train,1257,1292,1
split_07,7,train,1259,1294,1
split_07,7,train,1548,1585,1
split_07,7,train,2584,2789,0
split_07,7,train,3080,3359,0
split_07,7,train,2593,2799,0
split_07,7,train,683,701,1
split_07,7,train,272,279,1
split_07,7,train,1554,1591,1
split_07,7,train,2013,2132,0
split_07,7,train,1732,1793,0
split_07,7,train,1010,1038,1
split_07,7,train,1199,1234,1
split_07,7,train,2434,2616,0
split_07,7,train,594,609,1
split_07,7,train,1005,1033,1
split_07,7,train,2986,3250,0
split_07,7,train,1531,1568,1
split_07,7,train,196,202,1
split_07,7,train,2556,2756,0
split_07,7,train,0,1,1
split_07,7,train,119,121,1
split_07,7,train,1940,2038,0
split_07,7,train,1836,1917,0
split_07,7,train,1742,1807,0
split_07,7,train,1368,1404,1
split_07,7,train,1966,2070,0
split_07,7,train,2562,2763,0
split_07,7,train,1047,1075,1
split_07,7,train,2943,3200,0
split_07,7,train,2219,2370,0
split_07,7,train,2542,2737,0
split_07,7,train,3155,3444,0
split_07,7,train,283,290,1
split_07,7,train,1091,1123,1
split_07,7,train,2547,2743,0
split_07,7,train,768,789,1
split_07,7,train,1899,1991,0
split_07,7,train,3109,3392,0
split_07,7,train,125,127,1
split_07,7,train,2404,2583,0
split_07,7,train,330,338,1
split_07,7,train,1060,1089,1
split_07,7,train,233,239,1
split_07,7,train,2036,2159,0
split_07,7,train,2877,3128,0
split_07,7,train,1839,1921,0
split_07,7,train,2357,2528,0
split_07,7,train,817,838,1
split_07,7,train,2320,2489,0
split_07,7,train,1852,1938,0
split_07,7,train,277,284,1
split_07,7,train,669,687,1
split_07,7,train,980,1007,1
split_07,7,train,1518,1555,1
split_07,7,train,953,979,1
split_07,7,train,53,55,1
split_07,7,train,1865,1953,0
split_07,7,train,2186,2330,0
split_07,7,train,1263,1298,1
split_07,7,train,1399,1435,1
split_07,7,train,2770,3011,0
split_07,7,train,1275,1310,1
split_07,7,train,27,28,1
split_07,7,train,2290,2454,0
split_07,7,train,2272,2429,0
split_07,7,train,1076,1105,1
split_07,7,train,2406,2585,0
split_07,7,train,2240,2392,0
split_07,7,train,2724,2957,0
split_07,7,train,2241,2393,0
split_07,7,train,105,107,1
split_07,7,train,1713,1773,0
split_07,7,train,2392,2568,0
split_07,7,train,1084,1114,1
split_07,7,train,2414,2593,0
split_07,7,train,194,199,1
split_07,7,train,96,98,1
split_07,7,train,566,581,1
split_07,7,train,1322,1357,1
split_07,7,train,2173,2315,0
split_07,7,train,823,844,1
split_07,7,train,1165,1200,1
split_07,7,train,1246,1281,1
split_07,7,train,674,692,1
split_07,7,train,59,61,1
split_07,7,train,202,208,1
split_07,7,train,579,594,1
split_07,7,train,2479,2665,0
split_07,7,train,250,256,1
split_07,7,train,362,371,1
split_07,7,train,185,189,1
split_07,7,train,2711,2943,0
split_07,7,train,1015,1043,1
split_07,7,train,1184,1219,1
split_07,7,train,1225,1260,1
split_07,7,train,1823,1903,0
split_07,7,train,3021,3290,0
split_07,7,train,1457,1494,1
split_07,7,train,1913,2009,0
split_07,7,train,127,129,1
split_07,7,train,1122,1155,1
split_07,7,train,2864,3115,0
split_07,7,train,574,589,1
split_07,7,train,1361,1397,1
split_07,7,train,805,826,1
split_07,7,train,3002,3268,0
split_07,7,train,1093,1125,1
split_07,7,train,1367,1403,1
split_07,7,train,1685,1742,0
split_07,7,train,1351,1387,1
split_07,7,train,1686,1743,0
split_07,7,train,1321,1356,1
split_07,7,train,371,380,1
split_07,7,train,1647,1697,1
split_07,7,train,545,560,1
split_07,7,train,2600,2812,0
split_07,7,train,3025,3295,0
split_07,7,train,570,585,1
split_07,7,train,3098,3379,0
split_07,7,train,2963,3222,0
split_07,7,train,836,857,1
split_07,7,train,3015,3283,0
split_07,7,train,3097,3378,0
split_07,7,train,1188,1223,1
split_07,7,train,871,893,1
split_07,7,train,171,175,1
split_07,7,train,2384,2560,0
split_07,7,train,3056,3334,0
split_07,7,train,886,908,1
split_07,7,train,2594,2800,0
split_07,7,train,2333,2503,0
split_07,7,train,620,635,1
split_07,7,train,172,176,1
split_07,7,train,113,115,1
split_07,7,train,1459,1496,1
split_07,7,train,1079,1108,1
split_07,7,train,1562,1599,1
split_07,7,train,2604,2817,0
split_07,7,train,1861,1948,0
split_07,7,train,1832,1913,0
split_07,7,train,375,384,1
split_07,7,train,2423,2603,0
split_07,7,train,229,235,1
split_07,7,train,2248,2401,0
split_07,7,train,2028,2151,0
split_07,7,train,2924,3178,0
split_07,7,train,930,956,1
split_07,7,train,1268,1303,1
split_07,7,train,1979,2084,0
split_07,7,train,2492,2678,0
split_07,7,train,138,141,1
split_07,7,train,2871,3122,0
split_07,7,train,1468,1505,1
split_07,7,train,2525,2719,0
split_07,7,train,2091,2225,0
split_07,7,train,1519,1556,1
split_07,7,train,1879,1969,0
split_07,7,train,2922,3176,0
split_07,7,train,1357,1393,1
split_07,7,train,2410,2589,0
split_07,7,train,859,880,1
split_07,7,train,951,977,1
split_07,7,train,2969,3229,0
split_07,7,train,355,364,1
split_07,7,train,2070,2201,0
split_07,7,train,880,902,1
split_07,7,train,2553,2752,0
split_07,7,train,762,783,1
split_07,7,train,232,238,1
split_07,7,train,1040,1068,1
split_07,7,train,1173,1208,1
split_07,7,train,1034,1062,1
split_07,7,train,1910,2006,0
split_07,7,train,2777,3018,0
split_07,7,train,260,266,1
split_07,7,train,526,538,1
split_07,7,train,1619,1664,1
split_07,7,train,1058,1087,1
split_07,7,train,481,491,1
split_07,7,train,564,579,1
split_07,7,train,357,366,1
split_07,7,train,2561,2762,0
split_07,7,train,162,166,1
split_07,7,train,1080,1110,1
split_07,7,train,2772,3013,0
split_07,7,train,1066,1095,1
split_07,7,train,491,501,1
split_07,7,train,1339,1375,1
split_07,7,train,2488,2674,0
split_07,7,train,1373,1409,1
split_07,7,train,544,559,1
split_07,7,train,2085,2218,0
split_07,7,train,3030,3300,0
split_07,7,train,2622,2838,0
split_07,7,train,444,453,1
split_07,7,train,2850,3099,0
split_07,7,train,2140,2278,0
split_07,7,train,1704,1763,0
split_07,7,train,2643,2865,0
split_07,7,train,999,1026,1
split_07,7,train,728,748,1
split_07,7,train,165,169,1
split_07,7,train,2804,3048,0
split_07,7,train,2203,2352,0
split_07,7,train,2679,2907,0
split_07,7,train,2800,3044,0
split_07,7,train,591,606,1
split_07,7,train,2669,2896,0
split_07,7,train,302,310,1
split_07,7,train,281,288,1
split_07,7,train,1142,1176,1
split_07,7,train,2393,2569,0
split_07,7,train,192,197,1
split_07,7,train,915,940,1
split_07,7,train,152,156,1
split_07,7,train,1936,2034,0
split_07,7,train,1731,1792,0
split_07,7,train,767,788,1
split_07,7,train,2589,2795,0
split_07,7,train,1349,1385,1
split_07,7,train,557,572,1
split_07,7,train,2567,2769,0
split_07,7,train,1733,1794,0
split_07,7,train,1186,1221,1
split_07,7,train,2991,3255,0
split_07,7,train,2731,2965,0
split_07,7,train,601,616,1
split_07,7,train,1882,1972,0
split_07,7,train,3071,3349,0
split_07,7,train,2964,3223,0
split_07,7,train,2281,2440,0
split_07,7,train,2046,2170,0
split_07,7,train,2315,2484,0
split_07,7,train,1270,1305,1
split_07,7,train,2907,3161,0
split_07,7,train,2707,2939,0
split_07,7,train,2899,3151,0
split_07,7,train,1381,1417,1
split_07,7,train,1721,1781,0
split_07,7,train,670,688,1
split_07,7,train,3111,3394,0
split_07,7,train,1698,1757,0
split_07,7,train,2824,3070,0
split_07,7,train,1618,1661,1
split_07,7,train,2396,2572,0
split_07,7,train,2831,3079,0
split_07,7,train,700,719,1
split_07,7,train,1024,1052,1
split_07,7,train,2713,2945,0
split_07,7,train,2898,3150,0
split_07,7,train,319,327,1
split_07,7,train,949,975,1
split_07,7,train,3168,3464,0
split_07,7,train,542,556,1
split_07,7,train,994,1021,1
split_07,7,train,120,122,1
split_07,7,train,1596,1635,1
split_07,7,train,254,260,1
split_07,7,train,1283,1318,1
split_07,7,train,1573,1610,1
split_07,7,train,2573,2777,0
split_07,7,train,1604,1643,1
split_07,7,train,511,522,1
split_07,7,train,1112,1145,1
split_07,7,train,2999,3264,0
split_07,7,train,1541,1578,1
split_07,7,train,1929,2026,0
split_07,7,train,1129,1162,1
split_07,7,train,760,781,1
split_07,7,train,2271,2428,0
split_07,7,train,517,528,1
split_07,7,train,746,767,1
split_07,7,train,2613,2827,0
split_07,7,train,402,411,1
split_07,7,train,3103,3385,0
split_07,7,train,1935,2032,0
split_07,7,train,2299,2467,0
split_07,7,train,1088,1119,1
split_07,7,train,2099,2234,0
split_07,7,train,615,630,1
split_07,7,train,82,84,1
split_07,7,train,2439,2622,0
split_07,7,train,2105,2240,0
split_07,7,train,2387,2563,0
split_07,7,train,1157,1192,1
split_07,7,train,2042,2166,0
split_07,7,train,1592,1631,1
split_07,7,train,1271,1306,1
split_07,7,train,653,671,1
split_07,7,train,2364,2535,0
split_07,7,train,1744,1810,0
split_07,7,train,984,1011,1
split_07,7,train,1002,1029,1
split_07,7,train,2558,2758,0
split_07,7,train,2139,2277,0
split_07,7,train,186,190,1
split_07,7,train,1901,1996,0
split_07,7,train,547,562,1
split_07,7,train,2742,2978,0
split_07,7,train,2854,3104,0
split_07,7,train,2379,2554,0
split_07,7,train,1110,1143,1
split_07,7,train,289,297,1
split_07,7,train,2255,2409,0
split_07,7,train,617,632,1
split_07,7,train,448,458,1
split_07,7,train,1982,2088,0
split_07,7,train,33,34,1
split_07,7,train,1693,1751,0
split_07,7,train,905,929,1
split_07,7,train,2214,2365,0
split_07,7,train,2935,3192,0
split_07,7,train,2817,3063,0
split_07,7,train,2467,2653,0
split_07,7,train,1132,1166,1
split_07,7,train,2050,2175,0
split_07,7,train,2998,3263,0
split_07,7,train,1971,2076,0
split_07,7,train,1930,2027,0
split_07,7,train,3008,3276,0
split_07,7,train,524,536,1
split_07,7,train,1131,1165,1
split_07,7,train,2917,3171,0
split_07,7,train,2131,2267,0
split_07,7,train,1922,2018,0
split_07,7,train,2174,2316,0
split_07,7,train,775,796,1
split_07,7,train,2843,3092,0
split_07,7,train,1145,1179,1
split_07,7,train,1609,1650,1
split_07,7,train,696,714,1
split_07,7,train,2181,2325,0
split_07,7,train,588,603,1
split_07,7,train,424,433,1
split_07,7,train,2682,2912,0
split_07,7,train,1772,1841,0
split_07,7,train,473,483,1
split_07,7,train,909,934,1
split_07,7,train,742,762,1
split_07,7,train,2411,2590,0
split_07,7,train,1401,1437,1
split_07,7,train,2177,2319,0
split_07,7,train,528,540,1
split_07,7,train,3147,3432,0
split_07,7,train,829,850,1
split_07,7,train,2160,2300,0
split_07,7,train,843,864,1
split_07,7,train,189,194,1
split_07,7,train,1536,1573,1
split_07,7,train,2939,3196,0
split_07,7,train,1838,1920,0
split_07,7,train,2551,2748,0
split_07,7,train,863,885,1
split_07,7,train,373,382,1
split_07,7,train,1903,1998,0
split_07,7,train,756,777,1
split_07,7,train,2503,2689,0
split_07,7,train,2733,2967,0
split_07,7,train,1975,2080,0
split_07,7,train,740,760,1
split_07,7,train,1298,1333,1
split_07,7,train,660,678,1
split_07,7,train,1369,1405,1
split_07,7,train,2858,3108,0
split_07,7,train,948,974,1
split_07,7,train,2081,2213,0
split_07,7,train,3110,3393,0
split_07,7,train,1424,1461,1
split_07,7,train,2010,2129,0
split_07,7,train,934,960,1
split_07,7,train,206,212,1
split_07,7,train,681,699,1
split_07,7,train,3068,3346,0
split_07,7,train,12,13,1
split_07,7,train,2445,2630,0
split_07,7,train,2820,3066,0
split_07,7,train,1415,1451,1
split_07,7,train,2833,3081,0
split_07,7,train,2749,2985,0
split_07,7,train,1881,1971,0
split_07,7,train,959,985,1
split_07,7,train,397,406,1
split_07,7,train,1478,1515,1
split_07,7,train,2034,2157,0
split_07,7,train,551,566,1
split_07,7,train,2474,2660,0
split_07,7,train,1717,1777,0
split_07,7,train,671,689,1
split_07,7,train,1229,1264,1
split_07,7,train,1748,1814,0
split_07,7,train,2365,2536,0
split_07,7,train,3023,3292,0
split_07,7,train,835,856,1
split_07,7,train,2043,2167,0
split_07,7,train,459,469,1
split_07,7,train,2826,3073,0
split_07,7,train,2178,2320,0
split_07,7,train,2370,2541,0
split_07,7,train,1799,1876,0
split_07,7,train,2923,3177,0
split_07,7,train,183,187,1
split_07,7,train,3079,3358,0
split_07,7,train,2170,2312,0
split_07,7,train,1404,1440,1
split_07,7,train,193,198,1
split_07,7,train,2778,3019,0
split_07,7,train,657,675,1
split_07,7,train,187,191,1
split_07,7,train,1602,1641,1
split_07,7,train,960,986,1
split_07,7,train,962,988,1
split_07,7,train,2135,2272,0
split_07,7,train,3166,3462,0
split_07,7,train,3057,3335,0
split_07,7,train,2681,2910,0
split_07,7,train,3116,3399,0
split_07,7,train,987,1014,1
split_07,7,train,2180,2324,0
split_07,7,train,2649,2871,0
split_07,7,train,1994,2104,0
split_07,7,train,241,247,1
split_07,7,train,2251,2404,0
split_07,7,train,2228,2379,0
split_07,7,train,655,673,1
split_07,7,train,287,295,1
split_07,7,train,3119,3402,0
split_07,7,train,1727,1787,0
split_07,7,train,1932,2029,0
split_07,7,train,2283,2442,0
split_07,7,train,811,832,1
split_07,7,train,403,412,1
split_07,7,train,1926,2023,0
split_07,7,train,4,5,1
split_07,7,train,853,874,1
split_07,7,train,2862,3113,0
split_07,7,train,66,68,1
split_07,7,train,1439,1476,1
split_07,7,train,1550,1587,1
split_07,7,train,360,369,1
split_07,7,train,1667,1721,1
split_07,7,train,2663,2887,0
split_07,7,train,15,16,1
split_07,7,train,2196,2343,0
split_07,7,train,271,278,1
split_07,7,train,42,44,1
split_07,7,train,1207,1242,1
split_07,7,train,2031,2154,0
split_07,7,train,2454,2639,0
split_07,7,train,578,593,1
split_07,7,train,2523,2717,0
split_07,7,train,1842,1925,0
split_07,7,train,2399,2576,0
split_07,7,train,983,1010,1
split_07,7,train,2224,2375,0
split_07,7,train,1266,1301,1
split_07,7,train,2609,2822,0
split_07,7,train,1414,1450,1
split_07,7,train,2062,2190,0
split_07,7,train,3007,3275,0
split_07,7,train,982,1009,1
split_07,7,train,2486,2672,0
split_07,7,train,537,550,1
split_07,7,train,2987,3251,0
split_07,7,train,2805,3049,0
split_07,7,train,3115,3398,0
split_07,7,train,268,275,1
split_07,7,train,2955,3212,0
split_07,7,train,3137,3422,0
split_07,7,train,230,236,1
split_07,7,train,1038,1066,1
split_07,7,train,108,110,1
split_07,7,train,11,12,1
split_07,7,train,2072,2203,0
split_07,7,train,211,217,1
split_07,7,train,1335,1370,1
split_07,7,train,1709,1768,0
split_07,7,train,174,178,1
split_07,7,train,3063,3341,0
split_07,7,train,1323,1358,1
split_07,7,train,2776,3017,0
split_07,7,train,1630,1678,1
split_07,7,train,2257,2412,0
split_07,7,train,783,804,1
split_07,7,train,1969,2074,0
split_07,7,train,1213,1248,1
split_07,7,train,1035,1063,1
split_07,7,train,899,922,1
split_07,7,train,1324,1359,1
split_07,7,train,3076,3355,0
split_07,7,train,1003,1030,1
split_07,7,train,2859,3109,0
split_07,7,train,236,242,1
split_07,7,train,1489,1526,1
split_07,7,train,1114,1147,1
split_07,7,train,1729,1790,0
split_07,7,train,2270,2427,0
split_07,7,train,1568,1605,1
split_07,7,train,1513,1550,1
split_07,7,train,1262,1297,1
split_07,7,train,2641,2863,0
split_07,7,train,2339,2510,0
split_07,7,train,1766,1833,0
split_07,7,train,2165,2307,0
split_07,7,train,1484,1521,1
split_07,7,train,1104,1137,1
split_07,7,train,1491,1528,1
split_07,7,train,3047,3321,0
split_07,7,train,792,813,1
split_07,7,train,595,610,1
split_07,7,train,3130,3415,0
split_07,7,train,1177,1212,1
split_07,7,train,969,996,1
split_07,7,train,359,368,1
split_07,7,train,2514,2702,0
split_07,7,train,730,750,1
split_07,7,train,2068,2197,0
split_07,7,train,2981,3244,0
split_07,7,train,2490,2676,0
split_07,7,train,628,644,1
split_07,7,train,1,2,1
split_07,7,train,2543,2739,0
split_07,7,train,2700,2932,0
split_07,7,train,679,697,1
split_07,7,train,1075,1104,1
split_07,7,train,311,319,1
split_07,7,train,1967,2071,0
split_07,7,train,2319,2488,0
split_07,7,train,2238,2390,0
split_07,7,train,1691,1749,0
split_07,7,train,2526,2720,0
split_07,7,train,1749,1816,0
split_07,7,train,692,710,1
split_07,7,train,1605,1644,1
split_07,7,train,1672,1726,1
split_07,7,train,605,620,1
split_07,7,train,2505,2691,0
split_07,7,train,940,966,1
split_07,7,train,1684,1741,0
split_07,7,train,858,879,1
split_07,7,train,432,441,1
split_07,7,train,217,223,1
split_07,7,train,1447,1484,1
split_07,7,train,918,943,1
split_07,7,train,1603,1642,1
split_07,7,train,2417,2596,0
split_07,7,train,2752,2989,0
split_07,7,train,3035,3306,0
split_07,7,train,2074,2206,0
split_07,7,train,2811,3056,0
split_07,7,train,1981,2087,0
split_07,7,train,892,914,1
split_07,7,train,2441,2626,0
split_07,7,train,2152,2291,0
split_07,7,train,1471,1508,1
split_07,7,train,88,90,1
split_07,7,train,589,604,1
split_07,7,train,1214,1249,1
split_07,7,train,2757,2995,0
split_07,7,train,2412,2591,0
split_07,7,train,2973,3233,0
split_07,7,train,721,740,1
split_07,7,train,806,827,1
split_07,7,train,203,209,1
split_07,7,train,833,854,1
split_07,7,train,2795,3039,0
split_07,7,train,664,682,1
split_07,7,train,2687,2917,0
split_07,7,train,2079,2211,0
split_07,7,train,1775,1847,0
split_07,7,train,1995,2105,0
split_07,7,train,993,1020,1
split_07,7,train,210,216,1
split_07,7,train,1878,1968,0
split_07,7,train,2108,2243,0
split_07,7,train,1097,1129,1
split_07,7,train,1461,1498,1
split_07,7,train,1130,1163,1
split_07,7,train,946,972,1
split_07,7,train,26,27,1
split_07,7,train,1900,1992,0
split_07,7,train,1974,2079,0
split_07,7,train,457,467,1
split_07,7,train,2380,2555,0
split_07,7,train,3069,3347,0
split_07,7,train,682,700,1
split_07,7,train,2318,2487,0
split_07,7,train,290,298,1
split_07,7,train,2775,3016,0
split_07,7,train,1175,1210,1
split_07,7,train,475,485,1
split_07,7,train,955,981,1
split_07,7,train,1556,1593,1
split_07,7,train,2394,2570,0
split_07,7,train,1678,1732,1
split_07,7,train,1850,1936,0
split_07,7,train,3152,3439,0
split_07,7,train,1570,1607,1
split_07,7,train,2524,2718,0
split_07,7,train,386,395,1
split_07,7,train,2832,3080,0
split_07,7,train,1429,1466,1
split_07,7,train,2059,2186,0
split_07,7,train,694,712,1
split_07,7,train,1542,1579,1
split_07,7,train,1888,1979,0
split_07,7,train,1017,1045,1
split_07,7,train,2301,2470,0
split_07,7,train,2138,2276,0
split_07,7,train,1580,1617,1
split_07,7,train,799,820,1
split_07,7,train,2202,2349,0
split_07,7,train,2760,2998,0
split_07,7,train,436,445,1
split_07,7,train,2179,2321,0
split_07,7,train,2225,2376,0
split_07,7,train,1397,1433,1
split_07,7,train,1988,2096,0
split_07,7,train,2273,2430,0
split_07,7,train,2502,2688,0
split_07,7,train,191,196,1
split_07,7,train,986,1013,1
split_07,7,train,1559,1596,1
split_07,7,train,749,770,1
split_07,7,train,600,615,1
split_07,7,train,1626,1674,1
split_07,7,train,894,916,1
split_07,7,train,3094,3375,0
split_07,7,train,1458,1495,1
split_07,7,train,1563,1600,1
split_07,7,train,648,666,1
split_07,7,train,2095,2230,0
split_07,7,train,331,339,1
split_07,7,train,1623,1668,1
split_07,7,train,2954,3211,0
split_07,7,train,2398,2575,0
split_07,7,train,1126,1159,1
split_07,7,train,2025,2148,0
split_07,7,train,632,649,1
split_07,7,train,927,953,1
split_07,7,train,1947,2047,0
split_07,7,train,2117,2253,0
split_07,7,train,2946,3203,0
split_07,7,train,2580,2785,0
split_07,7,train,270,277,1
split_07,7,train,2145,2283,0
split_07,7,train,1138,1172,1
split_07,7,train,1258,1293,1
split_07,7,train,2881,3132,0
split_07,7,train,2557,2757,0
split_07,7,train,1634,1682,1
split_07,7,train,2217,2368,0
split_07,7,train,1765,1832,0
split_07,7,train,1599,1638,1
split_07,7,train,1392,1428,1
split_07,7,train,1481,1518,1
split_07,7,train,1422,1459,1
split_07,7,train,2624,2842,0
split_07,7,train,1962,2066,0
split_07,7,train,1708,1767,0
split_07,7,train,2937,3194,0
split_07,7,train,923,949,1
split_07,7,train,1914,2010,0
split_07,7,train,3143,3428,0
split_07,7,train,992,1019,1
split_07,7,train,1081,1111,1
split_07,7,train,2773,3014,0
split_07,7,train,1636,1686,1
split_07,7,train,469,479,1
split_07,7,train,409,418,1
split_07,7,train,2842,3091,0
split_07,7,train,3009,3277,0
split_07,7,train,1705,1764,0
split_07,7,train,2057,2182,0
split_07,7,train,2101,2236,0
split_07,7,train,769,790,1
split_07,7,train,2990,3254,0
split_07,7,train,308,316,1
split_07,7,train,151,155,1
split_07,7,train,263,269,1
split_07,7,train,2188,2333,0
split_07,7,train,1385,1421,1
split_07,7,train,494,505,1
split_07,7,train,2812,3057,0
split_07,7,train,1317,1352,1
split_07,7,train,2673,2900,0
split_07,7,train,920,945,1
split_07,7,train,1523,1560,1
split_07,7,train,807,828,1
split_07,7,train,2978,3238,0
split_07,7,train,1835,1916,0
split_07,7,train,1149,1183,1
split_07,7,train,1864,1951,0
split_07,7,train,2676,2903,0
split_07,7,train,2037,2160,0
split_07,7,train,813,834,1
split_07,7,train,2078,2210,0
split_07,7,train,2906,3159,0
split_07,7,train,1641,1691,1
split_07,7,train,1282,1317,1
split_07,7,train,782,803,1
split_07,7,train,623,639,1
split_07,7,train,1757,1824,0
split_07,7,train,1663,1717,1
split_07,7,train,2587,2792,0
split_07,7,train,1099,1131,1
split_07,7,train,1285,1320,1
split_07,7,train,121,123,1
split_07,7,train,1657,1711,1
split_07,7,train,2704,2936,0
split_07,7,train,3129,3414,0
split_07,7,train,1815,1894,0
split_07,7,train,901,924,1
split_07,7,train,1295,1330,1
split_07,7,train,639,656,1
split_07,7,train,2344,2515,0
split_07,7,train,2330,2500,0
split_07,7,train,1245,1280,1
split_07,7,train,1535,1572,1
split_07,7,train,512,523,1
split_07,7,train,1917,2013,0
split_07,7,train,431,440,1
split_07,7,train,1327,1362,1
split_07,7,train,2322,2491,0
split_07,7,train,1998,2108,0
split_07,7,train,560,575,1
split_07,7,train,896,918,1
split_07,7,train,102,104,1
split_07,7,train,2494,2680,0
split_07,7,train,1443,1480,1
split_07,7,train,1688,1746,0
split_07,7,train,341,350,1
split_07,7,train,2128,2264,0
split_07,7,train,2133,2269,0
split_07,7,train,322,330,1
split_07,7,train,2332,2502,0
split_07,7,train,2933,3190,0
split_07,7,train,2077,2209,0
split_07,7,train,1454,1491,1
split_07,7,train,155,159,1
split_07,7,train,1192,1227,1
split_07,7,train,1628,1676,1
split_07,7,train,2007,2119,0
split_07,7,train,529,542,1
split_07,7,train,429,438,1
split_07,7,train,1406,1442,1
split_07,7,train,779,800,1
split_07,7,train,1332,1367,1
split_07,7,train,3028,3298,0
split_07,7,train,2527,2721,0
split_07,7,train,2621,2837,0
split_07,7,train,91,93,1
split_07,7,train,175,179,1
split_07,7,train,2718,2950,0
split_07,7,train,2444,2629,0
split_07,7,train,1665,1719,1
split_07,7,train,418,427,1
split_07,7,train,2754,2991,0
split_07,7,train,369,378,1
split_07,7,train,37,38,1
split_07,7,train,2280,2439,0
split_07,7,train,830,851,1
split_07,7,train,1968,2073,0
split_07,7,train,275,282,1
split_07,7,train,1583,1622,1
split_07,7,train,1492,1529,1
split_07,7,train,3074,3353,0
split_07,7,train,2612,2826,0
split_07,7,train,2652,2875,0
split_07,7,train,559,574,1
split_07,7,train,3092,3371,0
split_07,7,train,791,812,1
split_07,7,train,228,234,1
split_07,7,train,2867,3118,0
split_07,7,train,2331,2501,0
split_07,7,train,603,618,1
split_07,7,train,1337,1373,1
split_07,7,train,1824,1904,0
split_07,7,train,1077,1106,1
split_07,7,train,885,907,1
split_07,7,train,1833,1914,0
split_07,7,train,1011,1039,1
split_07,7,train,2728,2962,0
split_07,7,train,154,158,1
split_07,7,train,3003,3269,0
split_07,7,train,2545,2741,0
split_07,7,train,3134,3419,0
split_07,7,train,2476,2662,0
split_07,7,train,1816,1895,0
split_07,7,train,256,262,1
split_07,7,train,1202,1237,1
split_07,7,train,312,320,1
split_07,7,train,3162,3458,0
split_07,7,train,23,24,1
split_07,7,train,2156,2296,0
split_07,7,train,2598,2807,0
split_07,7,train,2977,3237,0
split_07,7,train,954,980,1
split_07,7,train,337,346,1
split_07,7,train,1666,1720,1
split_07,7,train,865,887,1
split_07,7,train,1026,1054,1
split_07,7,train,2769,3010,0
split_07,7,train,812,833,1
split_07,7,train,1793,1868,0
split_07,7,train,3042,3315,0
split_07,7,train,1107,1140,1
split_07,7,train,2294,2458,0
split_07,7,train,2336,2506,0
split_07,7,train,2952,3209,0
split_07,7,train,3022,3291,0
split_07,7,train,621,637,1
split_07,7,train,2464,2650,0
split_07,7,train,255,261,1
split_07,7,train,903,926,1
split_07,7,train,622,638,1
split_07,7,train,1743,1808,0
split_07,7,train,2628,2847,0
split_07,7,train,1027,1055,1
split_07,7,train,2500,2686,0
split_07,7,train,2303,2472,0
split_07,7,train,619,634,1
split_07,7,train,1526,1563,1
split_07,7,train,2993,3257,0
split_07,7,train,177,181,1
split_07,7,train,2100,2235,0
split_07,7,train,1044,1072,1
split_07,7,train,2696,2928,0
split_07,7,train,1707,1766,0
split_07,7,train,1845,1930,0
split_07,7,train,244,250,1
split_07,7,train,1846,1931,0
split_07,7,train,1986,2092,0
split_07,7,train,1073,1102,1
split_07,7,train,2048,2172,0
split_07,7,train,931,957,1
split_07,7,train,2767,3008,0
split_07,7,train,1759,1826,0
split_07,7,train,1710,1770,0
split_07,7,train,1578,1615,1
split_07,7,train,1544,1581,1
split_07,7,train,1153,1187,1
split_07,7,train,3016,3284,0
split_07,7,train,1072,1101,1
split_07,7,train,2761,3001,0
split_07,7,train,147,150,1
split_07,7,train,1409,1445,1
split_07,7,train,2997,3262,0
split_07,7,train,226,232,1
split_07,7,train,2708,2940,0
split_07,7,train,69,71,1
split_07,7,train,89,91,1
split_07,7,train,1677,1731,1
split_07,7,train,476,486,1
split_07,7,train,1739,1801,0
split_07,7,train,1049,1077,1
split_07,7,train,3064,3342,0
split_07,7,train,3078,3357,0
split_07,7,train,684,702,1
split_07,7,train,502,513,1
split_07,7,train,2300,2468,0
split_07,7,train,1598,1637,1
split_07,7,train,410,419,1
split_07,7,train,645,663,1
split_07,7,train,2834,3082,0
split_07,7,train,1662,1716,1
split_07,7,train,1383,1419,1
split_07,7,train,1576,1613,1
split_07,7,train,1853,1939,0
split_07,7,train,2430,2611,0
split_07,7,train,2298,2466,0
split_07,7,train,642,659,1
split_07,7,train,2789,3033,0
split_07,7,train,2113,2248,0
split_07,7,train,455,465,1
split_07,7,train,1670,1724,1
split_07,7,train,2274,2432,0
split_07,7,train,2841,3090,0
split_07,7,train,2873,3124,0
split_07,7,train,2745,2981,0
split_07,7,train,1106,1139,1
split_07,7,train,1031,1059,1
split_07,7,train,1185,1220,1
split_07,7,train,412,421,1
split_07,7,train,1421,1458,1
split_07,7,train,1909,2005,0
split_07,7,train,477,487,1
split_07,7,train,2554,2753,0
split_07,7,train,1309,1344,1
split_07,7,train,571,586,1
split_07,7,train,1472,1509,1
split_07,7,train,2618,2834,0
split_07,7,train,2047,2171,0
split_07,7,train,133,136,1
split_07,7,train,1938,2036,0
split_07,7,train,2703,2935,0
split_07,7,train,787,808,1
split_07,7,train,2513,2700,0
split_07,7,train,1140,1174,1
split_07,7,train,2222,2373,0
split_07,7,train,1121,1154,1
split_07,7,train,1951,2052,0
split_07,7,train,2354,2525,0
split_07,7,train,1635,1683,1
split_07,7,train,1987,2094,0
split_07,7,train,1347,1383,1
split_07,7,train,2934,3191,0
split_07,7,train,1249,1284,1
split_07,7,train,2055,2180,0
split_07,7,train,1946,2046,0
split_07,7,train,877,899,1
split_07,7,train,325,333,1
split_07,7,train,1289,1324,1
split_07,7,train,296,304,1
split_07,7,train,1160,1195,1
split_07,7,train,3108,3391,0
split_07,7,train,2307,2476,0
split_07,7,train,111,113,1
split_07,7,train,1700,1759,0
split_07,7,train,1553,1590,1
split_07,7,train,2002,2112,0
split_07,7,train,1183,1218,1
split_07,7,train,1469,1506,1
split_07,7,train,1331,1366,1
split_07,7,train,62,64,1
split_07,7,train,1696,1755,0
split_07,7,train,1334,1369,1
split_07,7,train,377,386,1
split_07,7,train,340,349,1
split_07,7,train,3054,3331,0
split_07,7,train,1221,1256,1
split_07,7,train,1218,1253,1
split_07,7,train,732,752,1
split_07,7,train,820,841,1
split_07,7,train,834,855,1
split_07,7,train,925,951,1
split_07,7,train,77,79,1
split_07,7,train,298,306,1
split_07,7,train,2639,2859,0
split_07,7,train,1376,1412,1
split_07,7,train,952,978,1
split_07,7,train,161,165,1
split_07,7,train,2123,2259,0
split_07,7,train,213,219,1
split_07,7,train,454,464,1
split_07,7,train,1829,1909,0
split_07,7,train,2879,3130,0
split_07,7,train,2903,3155,0
split_07,7,train,1800,1877,0
split_07,7,train,1796,1872,0
split_07,7,train,586,601,1
split_07,7,train,2672,2899,0
split_07,7,train,2425,2606,0
split_07,7,train,1600,1639,1
split_07,7,train,2004,2115,0
split_07,7,train,14,15,1
split_07,7,train,757,778,1
split_07,7,train,19,20,1
split_07,7,train,1934,2031,0
split_07,7,train,1135,1169,1
split_07,7,train,1244,1279,1
split_07,7,train,261,267,1
split_07,7,train,1480,1517,1
split_07,7,train,2855,3105,0
split_07,7,train,1639,1689,1
split_07,7,train,2874,3125,0
split_07,7,train,2630,2849,0
split_07,7,train,838,859,1
split_07,7,train,1043,1071,1
split_07,7,train,2765,3006,0
split_07,7,train,3102,3383,0
split_07,7,train,1200,1235,1
split_07,7,train,485,495,1
split_07,7,train,97,99,1
split_07,7,train,167,171,1
split_07,7,train,49,51,1
split_07,7,train,3142,3427,0
split_07,7,train,2314,2483,0
split_07,7,train,856,877,1
split_07,7,train,1642,1692,1
split_07,7,train,2839,3087,0
split_07,7,train,1712,1772,0
split_07,7,train,1136,1170,1
split_07,7,train,582,597,1
split_07,7,train,2383,2559,0
split_07,7,train,2275,2433,0
split_07,7,train,2905,3157,0
split_07,7,train,1363,1399,1
split_07,7,train,926,952,1
split_07,7,train,693,711,1
split_07,7,train,1789,1864,0
split_07,7,train,2023,2146,0
split_07,7,train,2166,2308,0
split_07,7,train,70,72,1
split_07,7,train,519,531,1
split_07,7,train,2546,2742,0
split_07,7,train,128,130,1
split_07,7,train,1316,1351,1
split_07,7,train,1303,1338,1
split_07,7,train,303,311,1
split_07,7,train,1821,1901,0
split_07,7,train,2317,2486,0
split_07,7,train,2644,2866,0
split_07,7,train,219,225,1
split_07,7,train,1191,1226,1
split_07,7,train,1456,1493,1
split_07,7,train,1083,1113,1
split_07,7,train,887,909,1
split_07,7,train,1802,1879,0
split_07,7,train,1601,1640,1
split_07,7,train,101,103,1
split_07,7,train,262,268,1
split_07,7,train,587,602,1
split_07,7,train,2564,2765,0
split_07,7,train,2278,2437,0
split_07,7,train,427,436,1
split_07,7,train,2141,2279,0
split_07,7,train,3105,3388,0
split_07,7,train,580,595,1
split_07,7,train,1082,1112,1
split_07,7,train,2421,2601,0
split_07,7,train,1430,1467,1
split_07,7,train,741,761,1
split_07,7,train,3062,3340,0
split_07,7,train,430,439,1
split_07,7,train,1032,1060,1
split_07,7,train,2727,2961,0
split_07,7,train,1970,2075,0
split_07,7,train,2533,2727,0
split_07,7,train,3136,3421,0
split_07,7,train,1921,2017,0
split_07,7,train,2000,2110,0
split_07,7,train,6,7,1
split_07,7,train,2039,2162,0
split_07,7,train,1133,1167,1
split_07,7,train,2066,2195,0
split_07,7,train,1954,2055,0
split_07,7,train,3040,3312,0
split_07,7,train,1356,1392,1
split_07,7,train,1582,1621,1
split_07,7,train,400,409,1
split_07,7,train,1463,1500,1
split_07,7,train,2822,3068,0
split_07,7,train,533,546,1
split_07,7,train,1506,1543,1
split_07,7,train,1669,1723,1
split_07,7,train,1671,1725,1
split_07,7,train,1593,1632,1
split_07,7,train,1296,1331,1
split_07,7,train,1747,1813,0
split_07,7,train,1702,1761,0
split_07,7,train,2390,2566,0
split_07,7,train,1651,1705,1
split_07,7,train,288,296,1
split_07,7,train,658,676,1
split_07,7,train,240,246,1
split_07,7,train,1301,1336,1
split_07,7,train,1333,1368,1
split_07,7,train,1460,1497,1
split_07,7,train,2699,2931,0
split_07,7,train,1061,1090,1
split_07,7,train,2122,2258,0
split_07,7,train,1305,1340,1
split_07,7,train,483,493,1
split_07,7,train,3144,3429,0
split_07,7,train,713,732,1
split_07,7,train,2478,2664,0
split_07,7,train,2235,2386,0
split_07,7,train,2883,3134,0
split_07,7,train,2629,2848,0
split_07,7,train,723,742,1
split_07,7,train,1590,1629,1
split_07,7,train,1227,1262,1
split_07,7,train,521,533,1
split_07,7,train,634,651,1
split_07,7,train,2651,2873,0
split_07,7,train,2891,3142,0
split_07,7,train,385,394,1
split_07,7,train,1735,1796,0
split_07,7,train,2586,2791,0
split_07,7,train,2094,2229,0
split_07,7,train,1753,1820,0
split_07,7,train,2212,2362,0
split_07,7,train,891,913,1
split_07,7,train,2137,2274,0
split_07,7,train,2162,2304,0
split_07,7,train,599,614,1
split_07,7,train,2038,2161,0
split_07,7,train,1566,1603,1
split_07,7,train,1174,1209,1
split_07,7,train,3038,3310,0
split_07,7,train,2738,2974,0
split_07,7,train,701,720,1
split_07,7,train,2075,2207,0
split_07,7,train,2684,2914,0
split_07,7,train,1326,1361,1
split_07,7,train,1216,1251,1
split_07,7,train,2574,2778,0
split_07,7,train,2763,3004,0
split_07,7,train,1171,1206,1
split_07,7,train,1116,1149,1
split_07,7,train,1617,1660,1
split_07,7,train,1840,1923,0
split_07,7,train,142,145,1
split_07,7,train,1189,1224,1
split_07,7,train,2876,3127,0
split_07,7,train,1320,1355,1
split_07,7,train,809,830,1
split_07,7,train,2852,3101,0
split_07,7,train,2515,2707,0
split_07,7,train,1243,1278,1
split_07,7,train,1023,1051,1
split_07,7,train,3018,3287,0
split_07,7,train,115,117,1
split_07,7,train,1402,1438,1
split_07,7,train,2940,3197,0
split_07,7,train,190,195,1
split_07,7,train,1644,1694,1
split_07,7,train,2771,3012,0
split_07,7,train,2351,2522,0
split_07,7,train,1102,1134,1
split_07,7,train,415,424,1
split_07,7,train,1065,1094,1
split_07,7,train,227,233,1
split_07,7,train,84,86,1
split_07,7,train,2125,2261,0
split_07,7,train,635,652,1
split_07,7,train,513,524,1
split_07,7,train,2371,2542,0
split_07,7,train,1059,1088,1
split_07,7,train,122,124,1
split_07,7,train,1330,1365,1
split_07,7,train,1434,1471,1
split_07,7,train,394,403,1
split_07,7,train,662,680,1
split_07,7,train,3124,3407,0
split_07,7,train,2482,2668,0
split_07,7,train,2269,2426,0
split_07,7,train,573,588,1
split_07,7,train,132,134,1
split_07,7,train,86,88,1
split_07,7,train,1890,1981,0
split_07,7,train,2650,2872,0
split_07,7,train,1312,1347,1
split_07,7,train,567,582,1
split_07,7,train,776,797,1
split_07,7,train,956,982,1
split_07,7,train,184,188,1
split_07,7,train,803,824,1
split_07,7,train,2350,2521,0
split_07,7,train,604,619,1
split_07,7,train,367,376,1
split_07,7,train,1393,1429,1
split_07,7,train,2818,3064,0
split_07,7,train,2067,2196,0
split_07,7,train,1041,1069,1
split_07,7,train,1655,1709,1
split_07,7,train,2743,2979,0
split_07,7,train,323,331,1
split_07,7,train,1697,1756,0
split_07,7,train,568,583,1
split_07,7,train,1366,1402,1
split_07,7,train,2819,3065,0
split_07,7,train,3170,3466,0
split_07,7,train,453,463,1
split_07,7,train,169,173,1
split_07,7,train,562,577,1
split_07,7,train,1783,1856,0
split_07,7,train,1196,1231,1
split_07,7,train,2358,2529,0
split_07,7,train,1607,1646,1
split_07,7,train,1054,1082,1
split_07,7,train,1668,1722,1
split_07,7,train,345,354,1
split_07,7,train,2491,2677,0
split_07,7,train,2063,2191,0
split_07,7,train,2049,2174,0
split_07,7,train,666,684,1
split_07,7,train,626,642,1
split_07,7,train,1105,1138,1
split_07,7,train,1790,1865,0
split_07,7,train,2243,2396,0
split_07,7,train,2534,2728,0
split_07,7,train,2748,2984,0
split_07,7,train,2321,2490,0
split_07,7,train,18,19,1
split_07,7,train,2698,2930,0
split_07,7,train,1768,1837,0
split_07,7,train,2443,2628,0
split_07,7,train,1240,1275,1
split_07,7,train,1166,1201,1
split_07,7,train,3165,3461,0
split_07,7,train,2110,2245,0
split_07,7,train,2308,2477,0
split_07,7,train,607,622,1
split_07,7,train,654,672,1
split_07,7,train,1868,1957,0
split_07,7,train,1524,1561,1
split_07,7,train,487,497,1
split_07,7,train,420,429,1
split_07,7,train,2424,2604,0
split_07,7,train,947,973,1
split_07,7,train,733,753,1
split_07,7,train,2522,2716,0
split_07,7,train,2710,2942,0
split_07,7,train,2153,2293,0
split_07,7,train,995,1022,1
split_07,7,train,1675,1729,1
split_07,7,train,2608,2821,0
split_07,7,train,2994,3259,0
split_07,7,train,2532,2726,0
split_07,7,train,110,112,1
split_07,7,train,711,730,1
split_07,7,train,1118,1151,1
split_07,7,train,1551,1588,1
split_07,7,train,2896,3148,0
split_07,7,train,751,772,1
split_07,7,train,176,180,1
split_07,7,train,2208,2358,0
split_07,7,train,961,987,1
split_07,7,train,2521,2715,0
split_07,7,train,195,201,1
split_07,7,train,3089,3368,0
split_07,7,train,2193,2339,0
split_07,7,train,2730,2964,0
split_07,7,train,1359,1395,1
split_07,7,train,2252,2405,0
split_07,7,train,446,455,1
split_07,7,train,1205,1240,1
split_07,7,train,898,920,1
split_07,7,train,416,425,1
split_07,7,train,1400,1436,1
split_07,7,train,797,818,1
split_07,7,test,1159,1194,1
split_07,7,test,1019,1047,1
split_07,7,test,2335,2505,0
split_07,7,test,1064,1093,1
split_07,7,test,1560,1597,1
split_07,7,test,2570,2773,0
split_07,7,test,602,617,1
split_07,7,test,1633,1681,1
split_07,7,test,1887,1978,0
split_07,7,test,1517,1554,1
split_07,7,test,2544,2740,0
split_07,7,test,1092,1124,1
split_07,7,test,2120,2256,0
split_07,7,test,76,78,1
split_07,7,test,238,244,1
split_07,7,test,1638,1688,1
split_07,7,test,92,94,1
split_07,7,test,1251,1286,1
split_07,7,test,1718,1778,0
split_07,7,test,2103,2238,0
split_07,7,test,1260,1295,1
split_07,7,test,1682,1739,0
split_07,7,test,1811,1889,0
split_07,7,test,981,1008,1
split_07,7,test,56,58,1
split_07,7,test,2666,2891,0
split_07,7,test,1046,1074,1
split_07,7,test,755,776,1
split_07,7,test,1997,2107,0
split_07,7,test,3138,3423,0
split_07,7,test,1051,1079,1
split_07,7,test,493,504,1
split_07,7,test,2337,2507,0
split_07,7,test,1897,1989,0
split_07,7,test,966,992,1
split_07,7,test,2853,3102,0
split_07,7,test,1764,1831,0
split_07,7,test,2794,3038,0
split_07,7,test,2073,2205,0
split_07,7,test,1141,1175,1
split_07,7,test,3167,3463,0
split_07,7,test,2223,2374,0
split_07,7,test,2463,2649,0
split_07,7,test,2887,3138,0
split_07,7,test,504,515,1
split_07,7,test,317,325,1
split_07,7,test,3148,3433,0
split_07,7,test,875,897,1
split_07,7,test,976,1003,1
split_07,7,test,2559,2759,0
split_07,7,test,2471,2657,0
split_07,7,test,2282,2441,0
split_07,7,test,2509,2695,0
split_07,7,test,1487,1524,1
split_07,7,test,2762,3002,0
split_07,7,test,2134,2271,0
split_07,7,test,1883,1973,0
split_07,7,test,95,97,1
split_07,7,test,2798,3042,0
split_07,7,test,1375,1411,1
split_07,7,test,449,459,1
split_07,7,test,156,160,1
split_07,7,test,1786,1859,0
split_07,7,test,849,870,1
split_07,7,test,8,9,1
split_07,7,test,2596,2805,0
split_07,7,test,2348,2519,0
split_07,7,test,1980,2085,0
split_07,7,test,1511,1548,1
split_07,7,test,2316,2485,0
split_07,7,test,1139,1173,1
split_07,7,test,129,131,1
split_07,7,test,1574,1611,1
split_07,7,test,1237,1272,1
split_07,7,test,2512,2699,0
split_07,7,test,1820,1900,0
split_07,7,test,425,434,1
split_07,7,test,1737,1799,0
split_07,7,test,2572,2775,0
split_07,7,test,2720,2952,0
split_07,7,test,2882,3133,0
split_07,7,test,2218,2369,0
split_07,7,test,2791,3035,0
split_07,7,test,1692,1750,0
split_07,7,test,2008,2124,0
split_07,7,test,1734,1795,0
split_07,7,test,1068,1097,1
split_07,7,test,2809,3054,0
split_07,7,test,879,901,1
split_07,7,test,2254,2408,0
split_07,7,test,661,679,1
split_07,7,test,1071,1100,1
split_07,7,test,2971,3231,0
split_07,7,test,87,89,1
split_07,7,test,685,703,1
split_07,7,test,1231,1266,1
split_07,7,test,216,222,1
split_07,7,test,2487,2673,0
split_07,7,test,1540,1577,1
split_07,7,test,556,571,1
split_07,7,test,61,63,1
split_07,7,test,492,503,1
split_07,7,test,1507,1544,1
split_07,7,test,1394,1430,1
split_07,7,test,1204,1239,1
split_07,7,test,672,690,1
split_07,7,test,3,4,1
split_07,7,test,2116,2252,0
split_07,7,test,1427,1464,1
split_07,7,test,515,526,1
split_07,7,test,827,848,1
split_07,7,test,2838,3086,0
split_07,7,test,2836,3084,0
split_07,7,test,2890,3141,0
split_07,7,test,265,271,1
split_07,7,test,200,206,1
split_07,7,test,852,873,1
split_07,7,test,1714,1774,0
split_07,7,test,2866,3117,0
split_07,7,test,342,351,1
split_07,7,test,1629,1677,1
split_07,7,test,2617,2833,0
split_07,7,test,1364,1400,1
split_07,7,test,364,373,1
split_07,7,test,1486,1523,1
split_07,7,test,2948,3205,0
split_07,7,test,2912,3166,0
split_07,7,test,3075,3354,0
split_07,7,test,520,532,1
split_07,7,test,2375,2548,0
split_07,7,test,1872,1962,0
split_07,7,test,878,900,1
split_07,7,test,251,257,1
split_07,7,test,1516,1553,1
split_07,7,test,851,872,1
split_07,7,test,786,807,1
split_07,7,test,1442,1479,1
split_07,7,test,2433,2615,0
split_07,7,test,506,517,1
split_07,7,test,1236,1271,1
split_07,7,test,3044,3318,0
split_07,7,test,1474,1511,1
split_07,7,test,1000,1027,1
split_07,7,test,2127,2263,0
split_07,7,test,861,883,1
split_07,7,test,2435,2617,0
split_07,7,test,1482,1519,1
split_07,7,test,3095,3376,0
split_07,7,test,1467,1504,1
split_07,7,test,1805,1882,0
split_07,7,test,1886,1977,0
split_07,7,test,2183,2327,0
split_07,7,test,140,143,1
split_07,7,test,1412,1448,1
split_07,7,test,2588,2793,0
split_07,7,test,107,109,1
split_07,7,test,1223,1258,1
split_07,7,test,2242,2395,0
split_07,7,test,2035,2158,0
split_07,7,test,1849,1935,0
split_07,7,test,828,849,1
split_07,7,test,384,393,1
split_07,7,test,1343,1379,1
split_07,7,test,2005,2116,0
split_07,7,test,2658,2882,0
split_07,7,test,54,56,1
split_07,7,test,137,140,1
split_07,7,test,503,514,1
split_07,7,test,2655,2879,0
split_07,7,test,2309,2478,0
split_07,7,test,139,142,1
split_07,7,test,771,792,1
split_07,7,test,2422,2602,0
split_07,7,test,651,669,1
split_07,7,test,2801,3045,0
split_07,7,test,2266,2422,0
split_07,7,test,3146,3431,0
split_07,7,test,612,627,1
split_07,7,test,3096,3377,0
split_07,7,test,2595,2803,0
split_07,7,test,1462,1499,1
split_07,7,test,2363,2534,0
split_07,7,test,2076,2208,0
split_07,7,test,83,85,1
split_07,7,test,2197,2344,0
split_07,7,test,1760,1827,0
split_07,7,test,3058,3336,0
split_07,7,test,2660,2884,0
split_07,7,test,1057,1086,1
split_07,7,test,2460,2645,0
split_07,7,test,1996,2106,0
split_07,7,test,413,422,1
split_07,7,test,2408,2587,0
split_07,7,test,103,105,1
split_07,7,test,352,361,1
split_07,7,test,301,309,1
split_07,7,test,1877,1967,0
split_07,7,test,1505,1542,1
split_07,7,test,280,287,1
split_07,7,test,467,477,1
split_07,7,test,2489,2675,0
split_07,7,test,919,944,1
split_07,7,test,1403,1439,1
split_07,7,test,1817,1897,0
split_07,7,test,1869,1958,0
split_07,7,test,597,612,1
split_07,7,test,2247,2400,0
split_07,7,test,3024,3293,0
split_07,7,test,2975,3235,0
split_07,7,test,10,11,1
split_07,7,test,1804,1881,0
split_07,7,test,1307,1342,1
split_07,7,test,1290,1325,1
split_07,7,test,2889,3140,0
split_07,7,test,722,741,1
split_07,7,test,376,385,1
split_07,7,test,2646,2868,0
split_07,7,test,2329,2498,0
split_07,7,test,516,527,1
split_07,7,test,1549,1586,1
split_07,7,test,73,75,1
split_07,7,test,974,1001,1
split_07,7,test,2539,2734,0
split_07,7,test,1098,1130,1
split_07,7,test,2064,2192,0
split_07,7,test,1255,1290,1
split_07,7,test,2249,2402,0
split_07,7,test,729,749,1
split_07,7,test,1844,1929,0
split_07,7,test,1146,1180,1
split_07,7,test,496,507,1
split_07,7,test,936,962,1
split_07,7,test,24,25,1
split_07,7,test,349,358,1
split_07,7,test,1830,1910,0
split_07,7,test,2601,2814,0
split_07,7,test,1640,1690,1
split_07,7,test,2951,3208,0
split_07,7,test,451,461,1
split_07,7,test,2097,2232,0
split_07,7,test,1208,1243,1
split_07,7,test,712,731,1
split_07,7,test,777,798,1
split_07,7,test,1310,1345,1
split_07,7,test,1274,1309,1
split_07,7,test,150,154,1
split_07,7,test,2450,2635,0
split_07,7,test,988,1015,1
split_07,7,test,1425,1462,1
split_07,7,test,2447,2632,0
split_07,7,test,907,932,1
split_07,7,test,2518,2712,0
split_07,7,test,2603,2816,0
split_07,7,test,1755,1822,0
split_07,7,test,2577,2782,0
split_07,7,test,118,120,1
split_07,7,test,1781,1854,0
split_07,7,test,1498,1535,1
split_07,7,test,1280,1315,1
split_07,7,test,705,724,1
split_07,7,test,3099,3380,0
split_07,7,test,1353,1389,1
split_07,7,test,109,111,1
split_07,7,test,3157,3447,0
split_07,7,test,447,456,1
split_07,7,test,1978,2083,0
split_07,7,test,2956,3213,0
split_07,7,test,2462,2648,0
split_07,7,test,2633,2852,0
split_07,7,test,630,646,1
split_07,7,test,788,809,1
split_07,7,test,460,470,1
split_07,7,test,2634,2853,0
split_07,7,test,135,138,1
split_07,7,test,2496,2682,0
split_07,7,test,38,40,1
split_07,7,test,1158,1193,1
split_07,7,test,1302,1337,1
split_07,7,test,1985,2091,0
split_07,7,test,593,608,1
split_07,7,test,743,763,1
split_07,7,test,1758,1825,0
split_07,7,test,973,1000,1
split_07,7,test,967,993,1
split_07,7,test,2484,2670,0
split_07,7,test,668,686,1
split_07,7,test,2192,2338,0
split_07,7,test,387,396,1
split_07,7,test,2675,2902,0
split_07,7,test,495,506,1
split_07,7,test,2892,3144,0
split_07,7,test,676,694,1
split_07,7,test,2448,2633,0
split_07,7,test,3010,3278,0
split_07,7,test,1358,1394,1
split_07,7,test,1880,1970,0
split_07,7,test,114,116,1
split_07,7,test,1945,2043,0
split_07,7,test,1022,1050,1
split_07,7,test,2267,2423,0
split_07,7,test,116,118,1
split_07,7,test,1915,2011,0
split_07,7,test,2119,2255,0
split_07,7,test,3090,3369,0
split_07,7,test,1673,1727,1
split_07,7,test,64,66,1
split_07,7,test,500,511,1
split_07,7,test,3087,3366,0
split_07,7,test,598,613,1
split_07,7,test,650,668,1
split_07,7,test,63,65,1
split_07,7,test,478,488,1
split_07,7,test,3093,3373,0
split_07,7,test,583,598,1
split_07,7,test,3140,3425,0
split_07,7,test,1086,1116,1
split_07,7,test,348,357,1
split_07,7,test,2477,2663,0
split_07,7,test,941,967,1
split_07,7,test,581,596,1
split_07,7,test,2395,2571,0
split_07,7,test,652,670,1
split_07,7,test,2920,3174,0
split_07,7,test,2602,2815,0
split_07,7,test,2927,3183,0
split_07,7,test,3052,3328,0
split_07,7,test,93,95,1
split_07,7,test,2895,3147,0
split_07,7,test,2106,2241,0
split_07,7,test,1894,1986,0
split_07,7,test,1807,1884,0
split_07,7,test,1650,1704,1
split_07,7,test,1345,1381,1
split_07,7,test,2234,2385,0
split_07,7,test,1933,2030,0
split_07,7,test,2230,2381,0
split_07,7,test,1612,1653,1
split_07,7,test,1595,1634,1
split_07,7,test,641,658,1
split_07,7,test,3118,3401,0
split_07,7,test,1380,1416,1
split_07,7,test,1771,1840,0
split_07,7,test,2942,3199,0
split_07,7,test,197,203,1
split_07,7,test,2378,2553,0
split_07,7,test,9,10,1
split_07,7,test,2084,2216,0
split_07,7,test,1496,1533,1
split_07,7,test,2576,2781,0
split_07,7,test,509,520,1
split_07,7,test,2835,3083,0
split_07,7,test,1597,1636,1
split_07,7,test,2295,2459,0
split_07,7,test,950,976,1
split_07,7,test,2169,2311,0
split_07,7,test,1100,1132,1
split_07,7,test,839,860,1
split_07,7,test,857,878,1
split_07,7,test,1416,1453,1
split_07,7,test,466,476,1
split_07,7,test,1206,1241,1
split_07,7,test,2353,2524,0
split_07,7,test,1372,1408,1
split_07,7,test,1616,1659,1
split_07,7,test,1862,1949,0
split_07,7,test,2591,2797,0
split_07,7,test,996,1023,1
split_07,7,test,1293,1328,1
split_07,7,test,2419,2598,0
split_07,7,test,3073,3352,0
split_07,7,test,2683,2913,0
split_07,7,test,745,765,1
split_07,7,test,1911,2007,0
split_07,7,test,3012,3280,0
split_07,7,test,1648,1698,1
split_07,7,test,2347,2518,0
split_07,7,test,904,928,1
split_07,7,test,332,340,1
split_07,7,test,366,375,1
split_07,7,test,146,149,1
split_07,7,test,2040,2164,0
split_07,7,test,2306,2475,0
split_07,7,test,2147,2286,0
split_07,7,test,1722,1782,0
split_07,7,test,2552,2749,0
split_07,7,test,2311,2480,0
split_07,7,test,2495,2681,0
split_07,7,test,2385,2561,0
split_07,7,test,2111,2246,0
split_07,7,test,2469,2655,0
split_07,7,test,207,213,1
split_07,7,test,35,36,1
split_07,7,test,1438,1475,1
split_07,7,test,707,726,1
split_07,7,test,921,947,1
split_07,7,test,720,739,1
split_07,7,test,1508,1545,1
split_07,7,test,286,294,1
split_07,7,test,561,576,1
split_07,7,test,706,725,1
split_07,7,test,2019,2138,0
split_07,7,test,2341,2512,0
split_07,7,test,2538,2733,0
split_07,7,test,3125,3409,0
split_07,7,test,123,125,1
split_07,7,test,2453,2638,0
split_07,7,test,2947,3204,0
split_07,7,test,404,413,1
split_07,7,test,1875,1965,0
split_07,7,test,1235,1270,1
split_07,7,test,2691,2922,0
split_07,7,test,1465,1502,1
split_07,7,test,3084,3363,0
split_07,7,test,1164,1199,1
split_07,7,test,1726,1786,0
split_07,7,test,2409,2588,0
split_07,7,test,1413,1449,1
split_07,7,test,2343,2514,0
split_07,7,test,550,565,1
split_07,7,test,1125,1158,1
split_07,7,test,715,734,1
split_07,7,test,2345,2516,0
split_07,7,test,1377,1413,1
split_07,7,test,2932,3188,0
split_07,7,test,2207,2357,0
split_07,7,test,1212,1247,1
split_07,7,test,25,26,1
split_07,7,test,2653,2877,0
split_07,7,test,1588,1627,1
split_07,7,test,2875,3126,0
split_07,7,test,1870,1960,0
split_07,7,test,2846,3095,0
split_07,7,test,2678,2906,0
split_07,7,test,3036,3308,0
split_07,7,test,1009,1037,1
split_07,7,test,840,861,1
split_07,7,test,2585,2790,0
split_07,7,test,704,723,1
split_07,7,test,2709,2941,0
split_07,7,test,2799,3043,0
split_07,7,test,1094,1126,1
split_07,7,test,854,875,1
split_07,7,test,434,443,1
split_07,7,test,2150,2289,0
split_07,7,test,1217,1252,1
split_07,7,test,1503,1540,1
split_07,7,test,304,312,1
split_07,7,test,239,245,1
split_07,7,test,917,942,1
split_07,7,test,1778,1851,0
split_07,7,test,2263,2419,0
split_07,7,test,3066,3344,0
split_07,7,test,1446,1483,1
split_07,7,test,259,265,1
split_07,7,test,747,768,1
split_07,7,test,2466,2652,0
split_07,7,test,761,782,1
split_07,7,test,1767,1836,0
split_07,7,test,2686,2916,0
split_07,7,test,433,442,1
split_07,7,test,710,729,1
split_07,7,test,611,626,1
split_07,7,test,1620,1665,1
split_07,7,test,2528,2722,0
split_07,7,test,136,139,1
split_07,7,test,1052,1080,1
split_07,7,test,848,869,1
split_07,7,test,1464,1501,1
split_07,7,test,1819,1899,0
split_07,7,test,2797,3041,0
split_07,7,test,2018,2137,0
split_07,7,test,1493,1530,1
split_07,7,test,2201,2348,0
split_07,7,test,2220,2371,0
split_07,7,test,929,955,1
split_07,7,test,188,192,1
split_07,7,test,253,259,1
split_07,7,test,697,716,1
split_07,7,test,2787,3031,0
split_07,7,test,1113,1146,1
split_07,7,test,1889,1980,0
split_07,7,test,1674,1728,1
split_07,7,test,282,289,1
split_07,7,test,2182,2326,0
split_07,7,test,3135,3420,0
split_07,7,test,1344,1380,1
split_07,7,test,2291,2455,0
split_07,7,test,1725,1785,0
split_07,7,test,2766,3007,0
split_07,7,test,2429,2610,0
split_07,7,test,2599,2808,0
split_07,7,test,1703,1762,0
split_07,7,test,699,718,1
split_07,7,test,801,822,1
split_07,7,test,1587,1626,1
split_07,7,test,1756,1823,0
split_07,7,test,1939,2037,0
split_07,7,test,819,840,1
split_07,7,test,802,823,1
split_07,7,test,2286,2450,0
split_07,7,test,2571,2774,0
split_07,7,test,1715,1775,0
split_07,7,test,141,144,1
split_07,7,test,3061,3339,0
split_07,7,test,2961,3219,0
split_07,7,test,1128,1161,1
split_07,7,test,1278,1313,1
split_07,7,test,1056,1085,1
split_07,7,test,882,904,1
split_07,7,test,678,696,1
split_07,7,test,1527,1564,1
split_07,7,test,30,31,1
split_07,7,test,991,1018,1
split_07,7,test,1111,1144,1
split_07,7,test,1594,1633,1
split_07,7,test,1774,1846,0
split_07,7,test,2400,2577,0
split_07,7,test,1782,1855,0
split_07,7,test,2759,2997,0
split_07,7,test,2878,3129,0
split_07,7,test,1558,1595,1
split_07,7,test,638,655,1
split_07,7,test,2432,2614,0
split_07,7,test,1180,1215,1
split_07,7,test,1241,1276,1
split_07,7,test,2129,2265,0
split_07,7,test,354,363,1
split_07,7,test,2706,2938,0
split_07,7,test,1928,2025,0
split_07,7,test,575,590,1
split_07,7,test,2768,3009,0
split_07,7,test,1269,1304,1
split_07,7,test,21,22,1
split_07,7,test,1961,2065,0
split_07,7,test,738,758,1
split_07,7,test,734,754,1
split_07,7,test,1964,2068,0
split_07,7,test,419,428,1
split_07,7,test,1809,1887,0
split_07,7,test,773,794,1
split_07,7,test,51,53,1
split_07,7,test,1532,1569,1
split_07,7,test,2312,2481,0
split_07,7,test,1187,1222,1
split_07,7,test,2685,2915,0
split_07,7,test,365,374,1
split_07,7,test,2082,2214,0
split_07,7,test,1008,1036,1
split_07,7,test,2024,2147,0
split_07,7,test,2236,2388,0
split_07,7,test,2388,2564,0
split_07,7,test,1706,1765,0
split_07,7,test,163,167,1
split_07,7,test,2213,2364,0
split_07,7,test,2597,2806,0
split_07,7,test,2565,2767,0
split_07,7,test,897,919,1
split_07,7,test,396,405,1
split_07,7,test,1683,1740,0
split_07,7,test,297,305,1
split_07,7,test,1546,1583,1
split_07,7,test,2662,2886,0
split_07,7,test,968,994,1
split_07,7,test,1001,1028,1
split_07,7,test,3141,3426,0
split_07,7,test,2184,2328,0
split_07,7,test,489,499,1
split_07,7,test,1220,1255,1
split_07,7,test,2721,2954,0
split_07,7,test,2083,2215,0
split_07,7,test,2508,2694,0
split_07,7,test,2950,3207,0
split_07,7,test,1776,1848,0
split_07,7,test,99,101,1
split_07,7,test,1181,1216,1
split_07,7,test,291,299,1
split_07,7,test,1014,1042,1
split_07,7,test,540,554,1
split_07,7,test,1813,1892,0
split_07,7,test,389,398,1
split_07,7,test,2360,2531,0
split_07,7,test,2929,3185,0
split_07,7,test,1016,1044,1
split_07,7,test,569,584,1
split_07,7,test,770,791,1
split_07,7,test,890,912,1
split_07,7,test,343,352,1
split_07,7,test,778,799,1
split_07,7,test,2349,2520,0
split_07,7,test,2204,2353,0
split_07,7,test,1230,1265,1
split_07,7,test,2792,3036,0
split_07,7,test,2840,3089,0
split_07,7,test,2988,3252,0
split_07,7,test,1661,1715,1
split_07,7,test,1123,1156,1
split_07,7,test,1539,1576,1
split_07,7,test,2790,3034,0
split_07,7,test,2118,2254,0
split_07,7,test,1028,1056,1
split_07,7,test,406,415,1
split_07,7,test,316,324,1
split_07,7,test,242,248,1
split_07,7,test,218,224,1
split_07,7,test,535,548,1
split_07,7,test,2615,2830,0
split_07,7,test,1859,1946,0
split_07,7,test,1871,1961,0
split_07,7,test,2740,2976,0
split_07,7,test,258,264,1
split_07,7,test,3133,3418,0
split_07,7,test,1924,2020,0
split_07,7,test,306,314,1
split_07,7,test,2092,2227,0
split_07,7,test,2945,3202,0
split_07,7,test,2719,2951,0
split_07,7,test,2310,2479,0
split_07,7,test,1067,1096,1
split_07,7,test,1382,1418,1
split_07,7,test,378,387,1
split_07,7,test,388,397,1
split_07,7,test,2667,2893,0
split_07,7,test,2260,2416,0
split_07,7,test,426,435,1
split_07,7,test,2001,2111,0
split_07,7,test,748,769,1
split_07,7,test,181,185,1
split_07,7,test,1178,1213,1
split_07,7,test,2645,2867,0
split_07,7,test,867,889,1
split_07,7,test,1751,1818,0
split_07,7,test,313,321,1
split_07,7,test,235,241,1
split_07,7,test,2136,2273,0
split_07,7,test,2052,2177,0
split_08,8,train,1364,1400,1
split_08,8,train,1522,1559,1
split_08,8,train,2409,2588,0
split_08,8,train,2010,2129,0
split_08,8,train,105,107,1
split_08,8,train,456,466,1
split_08,8,train,2995,3260,0
split_08,8,train,637,654,1
split_08,8,train,1366,1402,1
split_08,8,train,625,641,1
split_08,8,train,24,25,1
split_08,8,train,1417,1454,1
split_08,8,train,1138,1172,1
split_08,8,train,2839,3087,0
split_08,8,train,2158,2298,0
split_08,8,train,1111,1144,1
split_08,8,train,2692,2923,0
split_08,8,train,2665,2889,0
split_08,8,train,778,799,1
split_08,8,train,1552,1589,1
split_08,8,train,235,241,1
split_08,8,train,1303,1338,1
split_08,8,train,1181,1216,1
split_08,8,train,717,736,1
split_08,8,train,311,319,1
split_08,8,train,3144,3429,0
split_08,8,train,1830,1910,0
split_08,8,train,1465,1502,1
split_08,8,train,2733,2967,0
split_08,8,train,2267,2423,0
split_08,8,train,1532,1569,1
split_08,8,train,2942,3199,0
split_08,8,train,2541,2736,0
split_08,8,train,1535,1572,1
split_08,8,train,3073,3352,0
split_08,8,train,337,346,1
split_08,8,train,1948,2048,0
split_08,8,train,1216,1251,1
split_08,8,train,761,782,1
split_08,8,train,409,418,1
split_08,8,train,1015,1043,1
split_08,8,train,3094,3375,0
split_08,8,train,2859,3109,0
split_08,8,train,1620,1665,1
split_08,8,train,2763,3004,0
split_08,8,train,545,560,1
split_08,8,train,673,691,1
split_08,8,train,2943,3200,0
split_08,8,train,187,191,1
split_08,8,train,2318,2487,0
split_08,8,train,1331,1366,1
split_08,8,train,504,515,1
split_08,8,train,2157,2297,0
split_08,8,train,3155,3444,0
split_08,8,train,2199,2346,0
split_08,8,train,1989,2097,0
split_08,8,train,599,614,1
split_08,8,train,2271,2428,0
split_08,8,train,2535,2730,0
split_08,8,train,723,742,1
split_08,8,train,2594,2800,0
split_08,8,train,2926,3182,0
split_08,8,train,2874,3125,0
split_08,8,train,904,928,1
split_08,8,train,1645,1695,1
split_08,8,train,1873,1963,0
split_08,8,train,1788,1861,0
split_08,8,train,460,470,1
split_08,8,train,2204,2353,0
split_08,8,train,2453,2638,0
split_08,8,train,1786,1859,0
split_08,8,train,207,213,1
split_08,8,train,1059,1088,1
split_08,8,train,2846,3095,0
split_08,8,train,1713,1773,0
split_08,8,train,433,442,1
split_08,8,train,755,776,1
split_08,8,train,81,83,1
split_08,8,train,3102,3383,0
split_08,8,train,1820,1900,0
split_08,8,train,1297,1332,1
split_08,8,train,1409,1445,1
split_08,8,train,3118,3401,0
split_08,8,train,532,545,1
split_08,8,train,1829,1909,0
split_08,8,train,716,735,1
split_08,8,train,144,147,1
split_08,8,train,1504,1541,1
split_08,8,train,1882,1972,0
split_08,8,train,1569,1606,1
split_08,8,train,2103,2238,0
split_08,8,train,1054,1082,1
split_08,8,train,3042,3315,0
split_08,8,train,1515,1552,1
split_08,8,train,2065,2193,0
split_08,8,train,2891,3142,0
split_08,8,train,1756,1823,0
split_08,8,train,1801,1878,0
split_08,8,train,1972,2077,0
split_08,8,train,1264,1299,1
split_08,8,train,283,290,1
split_08,8,train,57,59,1
split_08,8,train,3019,3288,0
split_08,8,train,91,93,1
split_08,8,train,2279,2438,0
split_08,8,train,1107,1140,1
split_08,8,train,245,251,1
split_08,8,train,3138,3423,0
split_08,8,train,817,838,1
split_08,8,train,212,218,1
split_08,8,train,234,240,1
split_08,8,train,3150,3436,0
split_08,8,train,2625,2843,0
split_08,8,train,1607,1646,1
split_08,8,train,1742,1807,0
split_08,8,train,39,41,1
split_08,8,train,862,884,1
split_08,8,train,1206,1241,1
split_08,8,train,3157,3447,0
split_08,8,train,2481,2667,0
split_08,8,train,2308,2477,0
split_08,8,train,267,274,1
split_08,8,train,954,980,1
split_08,8,train,1250,1285,1
split_08,8,train,2058,2184,0
split_08,8,train,3113,3396,0
split_08,8,train,2914,3168,0
split_08,8,train,1517,1554,1
split_08,8,train,2307,2476,0
split_08,8,train,1333,1368,1
split_08,8,train,1656,1710,1
split_08,8,train,397,406,1
split_08,8,train,2697,2929,0
split_08,8,train,59,61,1
split_08,8,train,2581,2786,0
split_08,8,train,123,125,1
split_08,8,train,309,317,1
split_08,8,train,1379,1415,1
split_08,8,train,438,447,1
split_08,8,train,1509,1546,1
split_08,8,train,2579,2784,0
split_08,8,train,1114,1147,1
split_08,8,train,285,293,1
split_08,8,train,2182,2326,0
split_08,8,train,1506,1543,1
split_08,8,train,571,586,1
split_08,8,train,2878,3129,0
split_08,8,train,1454,1491,1
split_08,8,train,2953,3210,0
split_08,8,train,1641,1691,1
split_08,8,train,1112,1145,1
split_08,8,train,1843,1928,0
split_08,8,train,1654,1708,1
split_08,8,train,831,852,1
split_08,8,train,2893,3145,0
split_08,8,train,2901,3153,0
split_08,8,train,2238,2390,0
split_08,8,train,1800,1877,0
split_08,8,train,523,535,1
split_08,8,train,2328,2497,0
split_08,8,train,1433,1470,1
split_08,8,train,1894,1986,0
split_08,8,train,2703,2935,0
split_08,8,train,645,663,1
split_08,8,train,957,983,1
split_08,8,train,2984,3248,0
split_08,8,train,2976,3236,0
split_08,8,train,974,1001,1
split_08,8,train,75,77,1
split_08,8,train,2549,2745,0
split_08,8,train,284,291,1
split_08,8,train,2957,3214,0
split_08,8,train,806,827,1
split_08,8,train,2712,2944,0
split_08,8,train,1731,1792,0
split_08,8,train,3008,3276,0
split_08,8,train,1797,1874,0
split_08,8,train,905,929,1
split_08,8,train,2273,2430,0
split_08,8,train,1511,1548,1
split_08,8,train,1281,1316,1
split_08,8,train,1150,1184,1
split_08,8,train,738,758,1
split_08,8,train,1680,1734,0
split_08,8,train,1067,1096,1
split_08,8,train,2599,2808,0
split_08,8,train,1190,1225,1
split_08,8,train,742,762,1
split_08,8,train,2686,2916,0
split_08,8,train,1398,1434,1
split_08,8,train,546,561,1
split_08,8,train,1338,1374,1
split_08,8,train,2745,2981,0
split_08,8,train,261,267,1
split_08,8,train,1372,1408,1
split_08,8,train,1666,1720,1
split_08,8,train,1809,1887,0
split_08,8,train,127,129,1
split_08,8,train,353,362,1
split_08,8,train,2042,2166,0
split_08,8,train,301,309,1
split_08,8,train,2447,2632,0
split_08,8,train,2342,2513,0
split_08,8,train,2785,3027,0
split_08,8,train,205,211,1
split_08,8,train,368,377,1
split_08,8,train,2439,2622,0
split_08,8,train,2323,2492,0
split_08,8,train,3169,3465,0
split_08,8,train,588,603,1
split_08,8,train,883,905,1
split_08,8,train,401,410,1
split_08,8,train,770,791,1
split_08,8,train,756,777,1
split_08,8,train,2480,2666,0
split_08,8,train,2773,3014,0
split_08,8,train,2601,2814,0
split_08,8,train,2860,3111,0
split_08,8,train,1621,1666,1
split_08,8,train,366,375,1
split_08,8,train,321,329,1
split_08,8,train,1536,1573,1
split_08,8,train,1381,1417,1
split_08,8,train,237,243,1
split_08,8,train,393,402,1
split_08,8,train,1648,1698,1
split_08,8,train,230,236,1
split_08,8,train,1246,1281,1
split_08,8,train,989,1016,1
split_08,8,train,647,665,1
split_08,8,train,3162,3458,0
split_08,8,train,667,685,1
split_08,8,train,1898,1990,0
split_08,8,train,2289,2453,0
split_08,8,train,1556,1593,1
split_08,8,train,2470,2656,0
split_08,8,train,3048,3322,0
split_08,8,train,1097,1129,1
split_08,8,train,47,49,1
split_08,8,train,1407,1443,1
split_08,8,train,479,489,1
split_08,8,train,2375,2548,0
split_08,8,train,569,584,1
split_08,8,train,478,488,1
split_08,8,train,2980,3243,0
split_08,8,train,1363,1399,1
split_08,8,train,3004,3270,0
split_08,8,train,926,952,1
split_08,8,train,1315,1350,1
split_08,8,train,1928,2025,0
split_08,8,train,699,718,1
split_08,8,train,2437,2619,0
split_08,8,train,1758,1825,0
split_08,8,train,2552,2749,0
split_08,8,train,1775,1847,0
split_08,8,train,1750,1817,0
split_08,8,train,2183,2327,0
split_08,8,train,676,694,1
split_08,8,train,2832,3080,0
split_08,8,train,1896,1988,0
split_08,8,train,1400,1436,1
split_08,8,train,229,235,1
split_08,8,train,3161,3457,0
split_08,8,train,2329,2498,0
split_08,8,train,881,903,1
split_08,8,train,2729,2963,0
split_08,8,train,2427,2608,0
split_08,8,train,2452,2637,0
split_08,8,train,2078,2210,0
split_08,8,train,1245,1280,1
split_08,8,train,2446,2631,0
split_08,8,train,1136,1170,1
split_08,8,train,1722,1782,0
split_08,8,train,2461,2646,0
split_08,8,train,2313,2482,0
split_08,8,train,435,444,1
split_08,8,train,711,730,1
split_08,8,train,2232,2383,0
split_08,8,train,1570,1607,1
split_08,8,train,2483,2669,0
split_08,8,train,2212,2362,0
split_08,8,train,846,867,1
split_08,8,train,608,623,1
split_08,8,train,2674,2901,0
split_08,8,train,707,726,1
split_08,8,train,848,869,1
split_08,8,train,977,1004,1
split_08,8,train,2060,2187,0
split_08,8,train,1720,1780,0
split_08,8,train,1672,1726,1
split_08,8,train,1116,1149,1
split_08,8,train,506,517,1
split_08,8,train,96,98,1
split_08,8,train,754,775,1
split_08,8,train,2254,2408,0
split_08,8,train,365,374,1
split_08,8,train,1029,1057,1
split_08,8,train,1902,1997,0
split_08,8,train,2597,2806,0
split_08,8,train,2578,2783,0
split_08,8,train,922,948,1
split_08,8,train,1823,1903,0
split_08,8,train,172,176,1
split_08,8,train,2701,2933,0
split_08,8,train,3002,3268,0
split_08,8,train,1249,1284,1
split_08,8,train,1922,2018,0
split_08,8,train,1564,1601,1
split_08,8,train,2810,3055,0
split_08,8,train,1606,1645,1
split_08,8,train,3091,3370,0
split_08,8,train,1173,1208,1
split_08,8,train,2433,2615,0
split_08,8,train,3092,3371,0
split_08,8,train,2955,3212,0
split_08,8,train,83,85,1
split_08,8,train,501,512,1
split_08,8,train,2602,2815,0
split_08,8,train,2853,3102,0
split_08,8,train,892,914,1
split_08,8,train,228,234,1
split_08,8,train,3132,3417,0
split_08,8,train,1523,1560,1
split_08,8,train,1352,1388,1
split_08,8,train,2134,2271,0
split_08,8,train,3075,3354,0
split_08,8,train,2895,3147,0
split_08,8,train,956,982,1
split_08,8,train,360,369,1
split_08,8,train,1951,2052,0
split_08,8,train,3003,3269,0
split_08,8,train,2069,2200,0
split_08,8,train,1911,2007,0
split_08,8,train,1600,1639,1
split_08,8,train,49,51,1
split_08,8,train,1977,2082,0
split_08,8,train,2513,2700,0
split_08,8,train,336,345,1
split_08,8,train,106,108,1
split_08,8,train,962,988,1
split_08,8,train,2472,2658,0
split_08,8,train,370,379,1
split_08,8,train,260,266,1
split_08,8,train,2008,2124,0
split_08,8,train,2580,2785,0
split_08,8,train,1115,1148,1
split_08,8,train,502,513,1
split_08,8,train,2407,2586,0
split_08,8,train,1962,2066,0
split_08,8,train,1903,1998,0
split_08,8,train,2401,2578,0
split_08,8,train,1973,2078,0
split_08,8,train,2332,2502,0
split_08,8,train,1080,1110,1
split_08,8,train,1584,1623,1
split_08,8,train,1300,1335,1
split_08,8,train,825,846,1
split_08,8,train,2473,2659,0
split_08,8,train,1427,1464,1
split_08,8,train,1171,1206,1
split_08,8,train,113,115,1
split_08,8,train,2553,2752,0
split_08,8,train,2837,3085,0
split_08,8,train,155,159,1
split_08,8,train,2142,2280,0
split_08,8,train,3058,3336,0
split_08,8,train,2744,2980,0
split_08,8,train,2591,2797,0
split_08,8,train,2830,3077,0
split_08,8,train,2797,3041,0
split_08,8,train,1547,1584,1
split_08,8,train,601,616,1
split_08,8,train,548,563,1
split_08,8,train,198,204,1
split_08,8,train,129,131,1
split_08,8,train,2772,3013,0
split_08,8,train,2478,2664,0
split_08,8,train,2301,2470,0
split_08,8,train,2310,2479,0
split_08,8,train,1095,1127,1
split_08,8,train,2050,2175,0
split_08,8,train,92,94,1
split_08,8,train,2718,2950,0
split_08,8,train,2474,2660,0
split_08,8,train,1453,1490,1
split_08,8,train,1530,1567,1
split_08,8,train,2387,2563,0
split_08,8,train,837,858,1
split_08,8,train,3156,3446,0
split_08,8,train,1401,1437,1
split_08,8,train,752,773,1
split_08,8,train,76,78,1
split_08,8,train,2503,2689,0
split_08,8,train,1601,1640,1
split_08,8,train,1141,1175,1
split_08,8,train,3077,3356,0
split_08,8,train,2113,2248,0
split_08,8,train,2155,2295,0
split_08,8,train,1790,1865,0
split_08,8,train,2261,2417,0
split_08,8,train,2780,3021,0
split_08,8,train,2916,3170,0
split_08,8,train,898,920,1
split_08,8,train,876,898,1
split_08,8,train,1595,1634,1
split_08,8,train,499,510,1
split_08,8,train,1567,1604,1
split_08,8,train,1684,1741,0
split_08,8,train,1314,1349,1
split_08,8,train,2882,3133,0
split_08,8,train,2215,2366,0
split_08,8,train,214,220,1
split_08,8,train,3167,3463,0
split_08,8,train,2484,2670,0
split_08,8,train,1179,1214,1
split_08,8,train,404,413,1
split_08,8,train,3081,3360,0
split_08,8,train,2678,2906,0
split_08,8,train,3028,3298,0
split_08,8,train,2277,2435,0
split_08,8,train,2520,2714,0
split_08,8,train,84,86,1
split_08,8,train,250,256,1
split_08,8,train,1616,1659,1
split_08,8,train,9,10,1
split_08,8,train,903,926,1
split_08,8,train,2360,2531,0
split_08,8,train,2454,2639,0
split_08,8,train,1541,1578,1
split_08,8,train,241,247,1
split_08,8,train,468,478,1
split_08,8,train,1019,1047,1
split_08,8,train,643,660,1
split_08,8,train,653,671,1
split_08,8,train,94,96,1
split_08,8,train,1301,1336,1
split_08,8,train,2034,2157,0
split_08,8,train,1992,2101,0
split_08,8,train,1265,1300,1
split_08,8,train,2388,2564,0
split_08,8,train,2074,2206,0
split_08,8,train,1218,1253,1
split_08,8,train,2242,2395,0
split_08,8,train,3056,3334,0
split_08,8,train,1560,1597,1
split_08,8,train,657,675,1
split_08,8,train,794,815,1
split_08,8,train,2762,3002,0
split_08,8,train,1194,1229,1
split_08,8,train,2000,2110,0
split_08,8,train,1723,1783,0
split_08,8,train,2933,3190,0
split_08,8,train,1435,1472,1
split_08,8,train,1451,1488,1
split_08,8,train,1837,1918,0
split_08,8,train,1242,1277,1
split_08,8,train,2618,2834,0
split_08,8,train,1639,1689,1
split_08,8,train,423,432,1
split_08,8,train,2252,2405,0
split_08,8,train,2749,2985,0
split_08,8,train,2372,2543,0
split_08,8,train,1906,2002,0
split_08,8,train,1702,1761,0
split_08,8,train,1122,1155,1
split_08,8,train,34,35,1
split_08,8,train,1995,2105,0
split_08,8,train,1175,1210,1
split_08,8,train,2738,2974,0
split_08,8,train,2505,2691,0
split_08,8,train,2906,3159,0
split_08,8,train,1390,1426,1
split_08,8,train,1842,1925,0
split_08,8,train,2829,3076,0
split_08,8,train,868,890,1
split_08,8,train,2214,2365,0
split_08,8,train,45,47,1
split_08,8,train,2768,3009,0
split_08,8,train,2090,2224,0
split_08,8,train,256,262,1
split_08,8,train,1469,1506,1
split_08,8,train,2595,2803,0
split_08,8,train,1852,1938,0
split_08,8,train,2075,2207,0
split_08,8,train,513,524,1
split_08,8,train,2220,2371,0
split_08,8,train,841,862,1
split_08,8,train,1916,2012,0
split_08,8,train,2013,2132,0
split_08,8,train,1065,1094,1
split_08,8,train,18,19,1
split_08,8,train,1953,2054,0
split_08,8,train,3128,3413,0
split_08,8,train,130,132,1
split_08,8,train,1089,1120,1
split_08,8,train,2932,3188,0
split_08,8,train,998,1025,1
split_08,8,train,440,449,1
split_08,8,train,2283,2442,0
split_08,8,train,3012,3280,0
split_08,8,train,1851,1937,0
split_08,8,train,941,967,1
split_08,8,train,670,688,1
split_08,8,train,1070,1099,1
split_08,8,train,2230,2381,0
split_08,8,train,678,696,1
split_08,8,train,55,57,1
split_08,8,train,1422,1459,1
split_08,8,train,2940,3197,0
split_08,8,train,1944,2042,0
split_08,8,train,1463,1500,1
split_08,8,train,1188,1223,1
split_08,8,train,2613,2827,0
split_08,8,train,726,746,1
split_08,8,train,2411,2590,0
split_08,8,train,1633,1681,1
split_08,8,train,2528,2722,0
split_08,8,train,1204,1239,1
split_08,8,train,1402,1438,1
split_08,8,train,509,520,1
split_08,8,train,1157,1192,1
split_08,8,train,511,522,1
split_08,8,train,2631,2850,0
split_08,8,train,220,226,1
split_08,8,train,2102,2237,0
split_08,8,train,1239,1274,1
split_08,8,train,1725,1785,0
split_08,8,train,2379,2554,0
split_08,8,train,1084,1114,1
split_08,8,train,2814,3059,0
split_08,8,train,646,664,1
split_08,8,train,1371,1407,1
split_08,8,train,1749,1816,0
split_08,8,train,95,97,1
split_08,8,train,466,476,1
split_08,8,train,2241,2393,0
split_08,8,train,443,452,1
split_08,8,train,579,594,1
split_08,8,train,1475,1512,1
split_08,8,train,1769,1838,0
split_08,8,train,3079,3358,0
split_08,8,train,1914,2010,0
split_08,8,train,2531,2725,0
split_08,8,train,1449,1486,1
split_08,8,train,1230,1265,1
split_08,8,train,2983,3246,0
split_08,8,train,2160,2300,0
split_08,8,train,488,498,1
split_08,8,train,2946,3203,0
split_08,8,train,2419,2598,0
split_08,8,train,0,1,1
split_08,8,train,749,770,1
split_08,8,train,2005,2116,0
split_08,8,train,721,740,1
split_08,8,train,386,395,1
split_08,8,train,2800,3044,0
split_08,8,train,2231,2382,0
split_08,8,train,255,261,1
split_08,8,train,760,781,1
split_08,8,train,3047,3321,0
split_08,8,train,1011,1039,1
split_08,8,train,2638,2858,0
split_08,8,train,1832,1913,0
split_08,8,train,1791,1866,0
split_08,8,train,1924,2020,0
split_08,8,train,1134,1168,1
split_08,8,train,2690,2920,0
split_08,8,train,1949,2049,0
split_08,8,train,1934,2031,0
split_08,8,train,2793,3037,0
split_08,8,train,2330,2500,0
split_08,8,train,1970,2075,0
split_08,8,train,2465,2651,0
split_08,8,train,221,227,1
split_08,8,train,3110,3393,0
split_08,8,train,3049,3324,0
split_08,8,train,1848,1933,0
split_08,8,train,2140,2278,0
split_08,8,train,68,70,1
split_08,8,train,2108,2243,0
split_08,8,train,2623,2841,0
split_08,8,train,2663,2887,0
split_08,8,train,3043,3317,0
split_08,8,train,729,749,1
split_08,8,train,280,287,1
split_08,8,train,3089,3368,0
split_08,8,train,2061,2188,0
split_08,8,train,2355,2526,0
split_08,8,train,1001,1028,1
split_08,8,train,878,900,1
split_08,8,train,1494,1531,1
split_08,8,train,133,136,1
split_08,8,train,2806,3050,0
split_08,8,train,815,836,1
split_08,8,train,2881,3132,0
split_08,8,train,3070,3348,0
split_08,8,train,2667,2893,0
split_08,8,train,1908,2004,0
split_08,8,train,495,506,1
split_08,8,train,880,902,1
split_08,8,train,78,80,1
split_08,8,train,112,114,1
split_08,8,train,2300,2468,0
split_08,8,train,2900,3152,0
split_08,8,train,2316,2485,0
split_08,8,train,1892,1983,0
split_08,8,train,1441,1478,1
split_08,8,train,2459,2644,0
split_08,8,train,976,1003,1
split_08,8,train,847,868,1
split_08,8,train,2334,2504,0
split_08,8,train,672,690,1
split_08,8,train,201,207,1
split_08,8,train,2006,2118,0
split_08,8,train,1189,1224,1
split_08,8,train,2988,3252,0
split_08,8,train,2883,3134,0
split_08,8,train,1180,1215,1
split_08,8,train,1897,1989,0
split_08,8,train,1777,1849,0
split_08,8,train,3116,3399,0
split_08,8,train,1410,1446,1
split_08,8,train,1802,1879,0
split_08,8,train,1662,1716,1
split_08,8,train,2296,2460,0
split_08,8,train,1007,1035,1
split_08,8,train,1203,1238,1
split_08,8,train,188,192,1
split_08,8,train,432,441,1
split_08,8,train,2003,2113,0
split_08,8,train,483,493,1
split_08,8,train,158,162,1
split_08,8,train,2275,2433,0
split_08,8,train,327,335,1
split_08,8,train,1090,1122,1
split_08,8,train,1024,1052,1
split_08,8,train,2397,2574,0
split_08,8,train,43,45,1
split_08,8,train,1256,1291,1
split_08,8,train,2593,2799,0
split_08,8,train,2919,3173,0
split_08,8,train,296,304,1
split_08,8,train,1267,1302,1
split_08,8,train,1712,1772,0
split_08,8,train,2573,2777,0
split_08,8,train,175,179,1
split_08,8,train,875,897,1
split_08,8,train,1825,1905,0
split_08,8,train,2106,2241,0
split_08,8,train,907,932,1
split_08,8,train,2654,2878,0
split_08,8,train,377,386,1
split_08,8,train,659,677,1
split_08,8,train,951,977,1
split_08,8,train,282,289,1
split_08,8,train,2326,2495,0
split_08,8,train,617,632,1
split_08,8,train,2929,3185,0
split_08,8,train,1699,1758,0
split_08,8,train,687,705,1
split_08,8,train,71,73,1
split_08,8,train,2448,2633,0
split_08,8,train,3027,3297,0
split_08,8,train,1881,1971,0
split_08,8,train,1328,1363,1
split_08,8,train,683,701,1
split_08,8,train,2790,3034,0
split_08,8,train,1482,1519,1
split_08,8,train,1493,1530,1
split_08,8,train,1533,1570,1
split_08,8,train,2322,2491,0
split_08,8,train,125,127,1
split_08,8,train,2585,2790,0
split_08,8,train,2757,2995,0
split_08,8,train,395,404,1
split_08,8,train,936,962,1
split_08,8,train,2292,2456,0
split_08,8,train,1817,1897,0
split_08,8,train,2835,3083,0
split_08,8,train,585,600,1
split_08,8,train,146,149,1
split_08,8,train,2255,2409,0
split_08,8,train,1919,2015,0
split_08,8,train,54,56,1
split_08,8,train,2118,2254,0
split_08,8,train,1602,1641,1
split_08,8,train,2489,2675,0
split_08,8,train,2147,2286,0
split_08,8,train,885,907,1
split_08,8,train,1726,1786,0
split_08,8,train,856,877,1
split_08,8,train,23,24,1
split_08,8,train,2753,2990,0
split_08,8,train,1270,1305,1
split_08,8,train,2949,3206,0
split_08,8,train,1224,1259,1
split_08,8,train,3166,3462,0
split_08,8,train,1132,1166,1
split_08,8,train,674,692,1
split_08,8,train,1124,1157,1
split_08,8,train,2206,2356,0
split_08,8,train,2614,2829,0
split_08,8,train,1576,1613,1
split_08,8,train,790,811,1
split_08,8,train,1385,1421,1
split_08,8,train,1589,1628,1
split_08,8,train,3096,3377,0
split_08,8,train,2864,3115,0
split_08,8,train,2024,2147,0
split_08,8,train,1686,1743,0
split_08,8,train,1682,1739,0
split_08,8,train,889,911,1
split_08,8,train,1471,1508,1
split_08,8,train,1233,1268,1
split_08,8,train,2903,3155,0
split_08,8,train,1708,1767,0
split_08,8,train,7,8,1
split_08,8,train,1130,1163,1
split_08,8,train,1172,1207,1
split_08,8,train,1091,1123,1
split_08,8,train,3066,3344,0
split_08,8,train,948,974,1
split_08,8,train,2017,2136,0
split_08,8,train,648,666,1
split_08,8,train,587,602,1
split_08,8,train,3108,3391,0
split_08,8,train,2363,2534,0
split_08,8,train,965,991,1
split_08,8,train,384,393,1
split_08,8,train,2913,3167,0
split_08,8,train,1345,1381,1
split_08,8,train,292,300,1
split_08,8,train,1319,1354,1
split_08,8,train,1447,1484,1
split_08,8,train,1490,1527,1
split_08,8,train,2963,3222,0
split_08,8,train,2228,2379,0
split_08,8,train,1387,1423,1
split_08,8,train,2151,2290,0
split_08,8,train,1064,1093,1
split_08,8,train,2556,2756,0
split_08,8,train,2739,2975,0
split_08,8,train,2764,3005,0
split_08,8,train,1240,1275,1
split_08,8,train,358,367,1
split_08,8,train,2807,3052,0
split_08,8,train,2571,2774,0
split_08,8,train,2162,2304,0
split_08,8,train,2475,2661,0
split_08,8,train,248,254,1
split_08,8,train,844,865,1
split_08,8,train,2110,2245,0
split_08,8,train,858,879,1
split_08,8,train,1411,1447,1
split_08,8,train,944,970,1
split_08,8,train,315,323,1
split_08,8,train,1895,1987,0
split_08,8,train,1979,2084,0
split_08,8,train,582,597,1
split_08,8,train,2833,3081,0
split_08,8,train,980,1007,1
split_08,8,train,920,945,1
split_08,8,train,2240,2392,0
split_08,8,train,694,712,1
split_08,8,train,2921,3175,0
split_08,8,train,428,437,1
split_08,8,train,108,110,1
split_08,8,train,3022,3291,0
split_08,8,train,2337,2507,0
split_08,8,train,2777,3018,0
split_08,8,train,1952,2053,0
split_08,8,train,975,1002,1
split_08,8,train,8,9,1
split_08,8,train,2721,2954,0
split_08,8,train,222,228,1
split_08,8,train,305,313,1
split_08,8,train,843,864,1
split_08,8,train,1336,1371,1
split_08,8,train,1551,1588,1
split_08,8,train,2769,3010,0
split_08,8,train,2404,2583,0
split_08,8,train,1545,1582,1
split_08,8,train,623,639,1
split_08,8,train,500,511,1
split_08,8,train,1178,1213,1
split_08,8,train,2734,2968,0
split_08,8,train,708,727,1
split_08,8,train,2224,2375,0
split_08,8,train,2565,2767,0
split_08,8,train,2498,2684,0
split_08,8,train,190,195,1
split_08,8,train,1566,1603,1
split_08,8,train,1196,1231,1
split_08,8,train,2850,3099,0
split_08,8,train,2996,3261,0
split_08,8,train,352,361,1
split_08,8,train,910,935,1
split_08,8,train,1544,1581,1
split_08,8,train,663,681,1
split_08,8,train,2164,2306,0
split_08,8,train,2176,2318,0
split_08,8,train,2620,2836,0
split_08,8,train,1594,1633,1
split_08,8,train,40,42,1
split_08,8,train,1663,1717,1
split_08,8,train,1488,1525,1
split_08,8,train,192,197,1
split_08,8,train,487,497,1
split_08,8,train,2131,2267,0
split_08,8,train,1747,1813,0
split_08,8,train,202,208,1
split_08,8,train,2395,2571,0
split_08,8,train,1010,1038,1
split_08,8,train,1730,1791,0
split_08,8,train,1062,1091,1
split_08,8,train,774,795,1
split_08,8,train,2434,2616,0
split_08,8,train,3114,3397,0
split_08,8,train,1266,1301,1
split_08,8,train,2051,2176,0
split_08,8,train,2093,2228,0
split_08,8,train,2981,3244,0
split_08,8,train,1123,1156,1
split_08,8,train,2600,2812,0
split_08,8,train,411,420,1
split_08,8,train,2517,2709,0
split_08,8,train,1501,1538,1
split_08,8,train,704,723,1
split_08,8,train,1814,1893,0
split_08,8,train,1356,1392,1
split_08,8,train,2073,2205,0
split_08,8,train,149,152,1
split_08,8,train,2569,2772,0
split_08,8,train,1458,1495,1
split_08,8,train,1836,1917,0
split_08,8,train,2510,2696,0
split_08,8,train,2711,2943,0
split_08,8,train,345,354,1
split_08,8,train,2222,2373,0
split_08,8,train,1913,2009,0
split_08,8,train,3037,3309,0
split_08,8,train,1885,1975,0
split_08,8,train,2056,2181,0
split_08,8,train,1035,1063,1
split_08,8,train,341,350,1
split_08,8,train,406,415,1
split_08,8,train,1738,1800,0
split_08,8,train,2794,3038,0
split_08,8,train,2922,3176,0
split_08,8,train,2084,2216,0
split_08,8,train,453,463,1
split_08,8,train,2548,2744,0
split_08,8,train,2291,2455,0
split_08,8,train,3088,3367,0
split_08,8,train,3124,3407,0
split_08,8,train,62,64,1
split_08,8,train,437,446,1
split_08,8,train,3036,3308,0
split_08,8,train,2423,2603,0
split_08,8,train,72,74,1
split_08,8,train,2416,2595,0
split_08,8,train,2298,2466,0
split_08,8,train,2679,2907,0
split_08,8,train,2435,2617,0
split_08,8,train,2574,2778,0
split_08,8,train,1167,1202,1
split_08,8,train,399,408,1
split_08,8,train,1432,1469,1
split_08,8,train,2727,2961,0
split_08,8,train,925,951,1
split_08,8,train,964,990,1
split_08,8,train,1732,1793,0
split_08,8,train,97,99,1
split_08,8,train,355,364,1
split_08,8,train,2436,2618,0
split_08,8,train,2,3,1
split_08,8,train,1339,1375,1
split_08,8,train,886,908,1
split_08,8,train,2516,2708,0
split_08,8,train,505,516,1
split_08,8,train,1520,1557,1
split_08,8,train,1322,1357,1
split_08,8,train,189,194,1
split_08,8,train,746,767,1
split_08,8,train,1484,1521,1
split_08,8,train,2818,3064,0
split_08,8,train,519,531,1
split_08,8,train,1426,1463,1
split_08,8,train,832,853,1
split_08,8,train,2095,2230,0
split_08,8,train,2885,3136,0
split_08,8,train,2202,2349,0
split_08,8,train,662,680,1
split_08,8,train,1309,1344,1
split_08,8,train,1187,1222,1
split_08,8,train,472,482,1
split_08,8,train,763,784,1
split_08,8,train,2558,2758,0
split_08,8,train,916,941,1
split_08,8,train,2765,3006,0
split_08,8,train,2353,2524,0
split_08,8,train,2991,3255,0
split_08,8,train,1472,1509,1
split_08,8,train,1109,1142,1
split_08,8,train,2029,2152,0
split_08,8,train,1408,1444,1
split_08,8,train,2485,2671,0
split_08,8,train,2918,3172,0
split_08,8,train,2290,2454,0
split_08,8,train,2170,2312,0
split_08,8,train,1154,1188,1
split_08,8,train,686,704,1
split_08,8,train,2603,2816,0
split_08,8,train,390,399,1
split_08,8,train,735,755,1
split_08,8,train,669,687,1
split_08,8,train,2699,2931,0
split_08,8,train,476,486,1
split_08,8,train,442,451,1
split_08,8,train,2649,2871,0
split_08,8,train,900,923,1
split_08,8,train,185,189,1
split_08,8,train,2960,3218,0
split_08,8,train,1863,1950,0
split_08,8,train,1386,1422,1
split_08,8,train,48,50,1
split_08,8,train,2194,2340,0
split_08,8,train,1727,1787,0
split_08,8,train,1644,1694,1
split_08,8,train,2365,2536,0
split_08,8,train,766,787,1
split_08,8,train,1391,1427,1
split_08,8,train,412,421,1
split_08,8,train,1887,1978,0
split_08,8,train,1075,1104,1
split_08,8,train,1496,1533,1
split_08,8,train,66,68,1
split_08,8,train,2303,2472,0
split_08,8,train,1679,1733,1
split_08,8,train,2965,3225,0
split_08,8,train,1780,1853,0
split_08,8,train,1667,1721,1
split_08,8,train,1981,2087,0
split_08,8,train,2862,3113,0
split_08,8,train,1205,1240,1
split_08,8,train,1307,1342,1
split_08,8,train,2661,2885,0
split_08,8,train,1920,2016,0
split_08,8,train,577,592,1
split_08,8,train,3105,3388,0
split_08,8,train,2198,2345,0
split_08,8,train,2522,2716,0
split_08,8,train,751,772,1
split_08,8,train,2099,2234,0
split_08,8,train,1701,1760,0
split_08,8,train,5,6,1
split_08,8,train,823,844,1
split_08,8,train,3024,3293,0
split_08,8,train,994,1021,1
split_08,8,train,1796,1872,0
split_08,8,train,1649,1703,1
split_08,8,train,2539,2734,0
split_08,8,train,2752,2989,0
split_08,8,train,609,624,1
split_08,8,train,1027,1055,1
split_08,8,train,1954,2055,0
split_08,8,train,942,968,1
split_08,8,train,2327,2496,0
split_08,8,train,2257,2412,0
split_08,8,train,2023,2146,0
split_08,8,train,2333,2503,0
split_08,8,train,644,661,1
split_08,8,train,863,885,1
split_08,8,train,2196,2343,0
split_08,8,train,1355,1391,1
split_08,8,train,1891,1982,0
split_08,8,train,52,54,1
split_08,8,train,945,971,1
split_08,8,train,1002,1029,1
split_08,8,train,1039,1067,1
split_08,8,train,1382,1418,1
split_08,8,train,2978,3238,0
split_08,8,train,374,383,1
split_08,8,train,2287,2451,0
split_08,8,train,369,378,1
split_08,8,train,1429,1466,1
split_08,8,train,544,559,1
split_08,8,train,2519,2713,0
split_08,8,train,1326,1361,1
split_08,8,train,1279,1314,1
split_08,8,train,431,440,1
split_08,8,train,1709,1768,0
split_08,8,train,2007,2119,0
split_08,8,train,2012,2131,0
split_08,8,train,2482,2668,0
split_08,8,train,2341,2512,0
split_08,8,train,51,53,1
split_08,8,train,2824,3070,0
split_08,8,train,732,752,1
split_08,8,train,2849,3098,0
split_08,8,train,1028,1056,1
split_08,8,train,1893,1984,0
split_08,8,train,2139,2277,0
split_08,8,train,1986,2092,0
split_08,8,train,1659,1713,1
split_08,8,train,839,860,1
split_08,8,train,1877,1967,0
split_08,8,train,3031,3301,0
split_08,8,train,554,569,1
split_08,8,train,209,215,1
split_08,8,train,36,37,1
split_08,8,train,2811,3056,0
split_08,8,train,165,169,1
split_08,8,train,124,126,1
split_08,8,train,1276,1311,1
split_08,8,train,1146,1180,1
split_08,8,train,1415,1451,1
split_08,8,train,1231,1266,1
split_08,8,train,753,774,1
split_08,8,train,134,137,1
split_08,8,train,2611,2825,0
split_08,8,train,2533,2727,0
split_08,8,train,568,583,1
split_08,8,train,2389,2565,0
split_08,8,train,121,123,1
split_08,8,train,1803,1880,0
split_08,8,train,2970,3230,0
split_08,8,train,2019,2138,0
split_08,8,train,1724,1784,0
split_08,8,train,2358,2529,0
split_08,8,train,581,596,1
split_08,8,train,2346,2517,0
split_08,8,train,700,719,1
split_08,8,train,2683,2913,0
split_08,8,train,1211,1246,1
split_08,8,train,2443,2628,0
split_08,8,train,382,391,1
split_08,8,train,692,710,1
split_08,8,train,1833,1914,0
split_08,8,train,1598,1637,1
split_08,8,train,2223,2374,0
split_08,8,train,3090,3369,0
split_08,8,train,2941,3198,0
split_08,8,train,2079,2211,0
split_08,8,train,2135,2272,0
split_08,8,train,2043,2167,0
split_08,8,train,1629,1677,1
split_08,8,train,1872,1962,0
split_08,8,train,1781,1854,0
split_08,8,train,1694,1753,0
split_08,8,train,775,796,1
split_08,8,train,2148,2287,0
split_08,8,train,3093,3373,0
split_08,8,train,542,556,1
split_08,8,train,2784,3026,0
split_08,8,train,27,28,1
split_08,8,train,1452,1489,1
split_08,8,train,1651,1705,1
split_08,8,train,3165,3461,0
split_08,8,train,3163,3459,0
split_08,8,train,556,571,1
split_08,8,train,634,651,1
split_08,8,train,826,847,1
split_08,8,train,2894,3146,0
split_08,8,train,387,396,1
split_08,8,train,2651,2873,0
split_08,8,train,873,895,1
split_08,8,train,2653,2877,0
split_08,8,train,120,122,1
split_08,8,train,2869,3120,0
split_08,8,train,1824,1904,0
split_08,8,train,2357,2528,0
split_08,8,train,3123,3406,0
split_08,8,train,2676,2903,0
split_08,8,train,357,366,1
split_08,8,train,1497,1534,1
split_08,8,train,1822,1902,0
split_08,8,train,2778,3019,0
split_08,8,train,655,673,1
split_08,8,train,2551,2748,0
split_08,8,train,2299,2467,0
split_08,8,train,2229,2380,0
split_08,8,train,3035,3306,0
split_08,8,train,2917,3171,0
split_08,8,train,2476,2662,0
split_08,8,train,3125,3409,0
split_08,8,train,1420,1457,1
split_08,8,train,1335,1370,1
split_08,8,train,2037,2160,0
split_08,8,train,1350,1386,1
split_08,8,train,1072,1101,1
split_08,8,train,2934,3191,0
split_08,8,train,1228,1263,1
split_08,8,train,1676,1730,1
split_08,8,train,2418,2597,0
split_08,8,train,2781,3022,0
split_08,8,train,3106,3389,0
split_08,8,train,2666,2891,0
split_08,8,train,1572,1609,1
split_08,8,train,1060,1089,1
split_08,8,train,1416,1453,1
split_08,8,train,1306,1341,1
split_08,8,train,1094,1126,1
split_08,8,train,596,611,1
split_08,8,train,2655,2879,0
split_08,8,train,1883,1973,0
split_08,8,train,567,582,1
split_08,8,train,819,840,1
split_08,8,train,259,265,1
split_08,8,train,1553,1590,1
split_08,8,train,632,649,1
split_08,8,train,339,348,1
split_08,8,train,1628,1676,1
split_08,8,train,949,975,1
split_08,8,train,2964,3223,0
split_08,8,train,850,871,1
split_08,8,train,3005,3271,0
split_08,8,train,1985,2091,0
split_08,8,train,73,75,1
split_08,8,train,2440,2623,0
split_08,8,train,11,12,1
split_08,8,train,20,21,1
split_08,8,train,2632,2851,0
split_08,8,train,346,355,1
split_08,8,train,1030,1058,1
split_08,8,train,26,27,1
split_08,8,train,1423,1460,1
split_08,8,train,1310,1345,1
split_08,8,train,853,874,1
split_08,8,train,372,381,1
split_08,8,train,1425,1462,1
split_08,8,train,1291,1326,1
split_08,8,train,477,487,1
split_08,8,train,918,943,1
split_08,8,train,671,689,1
split_08,8,train,1403,1439,1
split_08,8,train,3086,3365,0
split_08,8,train,1438,1475,1
split_08,8,train,560,575,1
split_08,8,train,3095,3376,0
split_08,8,train,208,214,1
split_08,8,train,695,713,1
split_08,8,train,1161,1196,1
split_08,8,train,2577,2782,0
split_08,8,train,1137,1171,1
split_08,8,train,2621,2837,0
split_08,8,train,1317,1352,1
split_08,8,train,485,495,1
split_08,8,train,1865,1953,0
split_08,8,train,1599,1638,1
split_08,8,train,1828,1908,0
split_08,8,train,1957,2060,0
split_08,8,train,333,342,1
split_08,8,train,874,896,1
split_08,8,train,912,937,1
split_08,8,train,2463,2649,0
split_08,8,train,943,969,1
split_08,8,train,3030,3300,0
split_08,8,train,227,233,1
split_08,8,train,1657,1711,1
split_08,8,train,2165,2307,0
split_08,8,train,2190,2335,0
split_08,8,train,1664,1718,1
split_08,8,train,2104,2239,0
split_08,8,train,1562,1599,1
split_08,8,train,696,714,1
split_08,8,train,616,631,1
split_08,8,train,1100,1132,1
split_08,8,train,2293,2457,0
split_08,8,train,915,940,1
split_08,8,train,2030,2153,0
split_08,8,train,1369,1405,1
split_08,8,train,1038,1066,1
split_08,8,train,407,416,1
split_08,8,train,849,870,1
split_08,8,train,1974,2079,0
split_08,8,train,3085,3364,0
split_08,8,train,2374,2545,0
split_08,8,train,1442,1479,1
split_08,8,train,1643,1693,1
split_08,8,train,1752,1819,0
split_08,8,train,1878,1968,0
split_08,8,train,249,255,1
split_08,8,train,1771,1840,0
split_08,8,train,691,709,1
split_08,8,train,286,294,1
split_08,8,train,842,863,1
split_08,8,train,1042,1070,1
split_08,8,train,772,793,1
split_08,8,train,1625,1673,1
split_08,8,train,224,230,1
split_08,8,train,1414,1450,1
split_08,8,train,1905,2000,0
split_08,8,train,1942,2040,0
split_08,8,train,22,23,1
split_08,8,train,1518,1555,1
split_08,8,train,1140,1174,1
split_08,8,train,1525,1562,1
split_08,8,train,597,612,1
split_08,8,train,2466,2652,0
split_08,8,train,2746,2982,0
split_08,8,train,518,529,1
split_08,8,train,128,130,1
split_08,8,train,2702,2934,0
split_08,8,train,2422,2602,0
split_08,8,train,2393,2569,0
split_08,8,train,785,806,1
split_08,8,train,2249,2402,0
split_08,8,train,2243,2396,0
split_08,8,train,535,548,1
split_08,8,train,1978,2083,0
split_08,8,train,1316,1351,1
split_08,8,train,1349,1385,1
split_08,8,train,522,534,1
split_08,8,train,972,999,1
split_08,8,train,186,190,1
split_08,8,train,3032,3302,0
split_08,8,train,2924,3178,0
split_08,8,train,1996,2106,0
split_08,8,train,2469,2655,0
split_08,8,train,388,397,1
split_08,8,train,2268,2425,0
split_08,8,train,2221,2372,0
split_08,8,train,445,454,1
split_08,8,train,1692,1750,0
split_08,8,train,1968,2073,0
split_08,8,train,1717,1777,0
split_08,8,train,1950,2050,0
split_08,8,train,517,528,1
split_08,8,train,1354,1390,1
split_08,8,train,2191,2336,0
split_08,8,train,2193,2339,0
split_08,8,train,1170,1205,1
split_08,8,train,2973,3233,0
split_08,8,train,1048,1076,1
split_08,8,train,63,65,1
split_08,8,train,1999,2109,0
split_08,8,train,2939,3196,0
split_08,8,train,1901,1996,0
split_08,8,train,2173,2315,0
split_08,8,train,2979,3242,0
split_08,8,train,1737,1799,0
split_08,8,train,2910,3164,0
split_08,8,train,1263,1298,1
split_08,8,train,1223,1258,1
split_08,8,train,1330,1365,1
split_08,8,train,1044,1072,1
split_08,8,train,3082,3361,0
split_08,8,train,2149,2288,0
split_08,8,train,2001,2111,0
split_08,8,train,2432,2614,0
split_08,8,train,1710,1770,0
split_08,8,train,180,184,1
split_08,8,train,1227,1262,1
split_08,8,train,2429,2610,0
split_08,8,train,1819,1899,0
split_08,8,train,2612,2826,0
split_08,8,train,2747,2983,0
split_08,8,train,2857,3107,0
split_08,8,train,2812,3057,0
split_08,8,train,2500,2686,0
split_08,8,train,41,43,1
split_08,8,train,528,540,1
split_08,8,train,1144,1178,1
split_08,8,train,530,543,1
split_08,8,train,1443,1480,1
split_08,8,train,2713,2945,0
split_08,8,train,2349,2520,0
split_08,8,train,2646,2868,0
split_08,8,train,959,985,1
split_08,8,train,238,244,1
split_08,8,train,1543,1580,1
split_08,8,train,1938,2036,0
split_08,8,train,1846,1931,0
split_08,8,train,38,40,1
split_08,8,train,2256,2410,0
split_08,8,train,486,496,1
split_08,8,train,2417,2596,0
split_08,8,train,689,707,1
split_08,8,train,3040,3312,0
split_08,8,train,619,634,1
split_08,8,train,2617,2833,0
split_08,8,train,2413,2592,0
split_08,8,train,2015,2134,0
split_08,8,train,375,384,1
split_08,8,train,2286,2450,0
split_08,8,train,1012,1040,1
split_08,8,train,219,225,1
split_08,8,train,2705,2937,0
split_08,8,train,2542,2737,0
split_08,8,train,913,938,1
split_08,8,train,444,453,1
split_08,8,train,1619,1664,1
split_08,8,train,490,500,1
split_08,8,train,1377,1413,1
split_08,8,train,2499,2685,0
split_08,8,train,2598,2807,0
split_08,8,train,911,936,1
split_08,8,train,1375,1411,1
split_08,8,train,1126,1159,1
split_08,8,train,1612,1653,1
split_08,8,train,750,771,1
split_08,8,train,3101,3382,0
split_08,8,train,2890,3141,0
split_08,8,train,1025,1053,1
split_08,8,train,1393,1429,1
split_08,8,train,2116,2252,0
split_08,8,train,2808,3053,0
split_08,8,train,1715,1775,0
split_08,8,train,1455,1492,1
split_08,8,train,838,859,1
split_08,8,train,2384,2560,0
split_08,8,train,2962,3221,0
split_08,8,train,521,533,1
split_08,8,train,1492,1529,1
split_08,8,train,204,210,1
split_08,8,train,1918,2014,0
split_08,8,train,2507,2693,0
split_08,8,train,1153,1187,1
split_08,8,train,1519,1556,1
split_08,8,train,1004,1031,1
split_08,8,train,1005,1033,1
split_08,8,train,1868,1957,0
split_08,8,train,1631,1679,1
split_08,8,train,757,778,1
split_08,8,train,2216,2367,0
split_08,8,train,2488,2674,0
split_08,8,train,2640,2860,0
split_08,8,train,1976,2081,0
split_08,8,train,921,947,1
split_08,8,train,3100,3381,0
split_08,8,train,650,668,1
split_08,8,train,990,1017,1
split_08,8,train,1983,2089,0
split_08,8,train,2526,2720,0
split_08,8,train,1050,1078,1
split_08,8,train,2348,2519,0
split_08,8,train,570,585,1
split_08,8,train,1431,1468,1
split_08,8,train,2350,2521,0
split_08,8,train,2467,2653,0
split_08,8,train,2263,2419,0
split_08,8,train,251,257,1
split_08,8,train,1821,1901,0
split_08,8,train,2662,2886,0
split_08,8,train,152,156,1
split_08,8,train,2383,2559,0
split_08,8,train,3051,3327,0
split_08,8,train,2128,2264,0
split_08,8,train,1808,1886,0
split_08,8,train,680,698,1
split_08,8,train,2124,2260,0
split_08,8,train,598,613,1
split_08,8,train,1993,2102,0
split_08,8,train,1087,1117,1
split_08,8,train,1460,1497,1
split_08,8,train,2262,2418,0
split_08,8,train,160,164,1
split_08,8,train,1082,1112,1
split_08,8,train,2851,3100,0
split_08,8,train,2364,2535,0
split_08,8,train,2673,2900,0
split_08,8,train,1561,1598,1
split_08,8,train,552,567,1
split_08,8,train,2538,2733,0
split_08,8,train,1761,1828,0
split_08,8,train,491,501,1
split_08,8,train,1152,1186,1
split_08,8,train,1055,1083,1
split_08,8,train,2046,2170,0
split_08,8,train,1804,1881,0
split_08,8,train,2244,2397,0
split_08,8,train,1939,2037,0
split_08,8,train,164,168,1
split_08,8,train,2736,2972,0
split_08,8,train,1295,1330,1
split_08,8,train,383,392,1
split_08,8,train,2347,2518,0
split_08,8,train,2309,2478,0
split_08,8,train,2280,2439,0
split_08,8,train,1163,1198,1
split_08,8,train,2817,3063,0
split_08,8,train,330,338,1
split_08,8,train,852,873,1
split_08,8,train,661,679,1
split_08,8,train,1538,1575,1
split_08,8,train,765,786,1
split_08,8,train,157,161,1
split_08,8,train,2696,2928,0
split_08,8,train,2281,2440,0
split_08,8,train,2722,2955,0
split_08,8,train,1845,1930,0
split_08,8,train,2532,2726,0
split_08,8,train,2174,2316,0
split_08,8,train,1104,1137,1
split_08,8,train,613,628,1
split_08,8,train,1052,1080,1
split_08,8,train,2791,3035,0
split_08,8,train,1127,1160,1
split_08,8,train,2022,2145,0
split_08,8,train,161,165,1
split_08,8,train,417,426,1
split_08,8,train,1816,1895,0
split_08,8,train,2014,2133,0
split_08,8,train,2698,2930,0
split_08,8,train,1478,1515,1
split_08,8,train,2445,2630,0
split_08,8,train,1665,1719,1
split_08,8,train,1940,2038,0
split_08,8,train,2032,2155,0
split_08,8,train,782,803,1
split_08,8,train,1695,1754,0
split_08,8,train,1755,1822,0
split_08,8,train,1255,1290,1
split_08,8,train,931,957,1
split_08,8,train,3154,3441,0
split_08,8,train,1149,1183,1
split_08,8,train,1359,1395,1
split_08,8,train,1440,1477,1
split_08,8,train,1302,1337,1
split_08,8,train,1874,1964,0
split_08,8,train,800,821,1
split_08,8,train,1834,1915,0
split_08,8,train,603,618,1
split_08,8,train,2643,2865,0
split_08,8,train,2866,3117,0
split_08,8,train,701,720,1
split_08,8,train,1826,1906,0
split_08,8,train,2887,3138,0
split_08,8,train,2708,2940,0
split_08,8,train,2645,2867,0
split_08,8,train,61,63,1
split_08,8,train,1753,1820,0
split_08,8,train,2796,3040,0
split_08,8,train,810,831,1
split_08,8,train,2380,2555,0
split_08,8,train,527,539,1
split_08,8,train,1208,1243,1
split_08,8,train,1763,1830,0
split_08,8,train,2400,2577,0
split_08,8,train,3006,3272,0
split_08,8,train,1849,1935,0
split_08,8,train,310,318,1
split_08,8,train,3,4,1
split_08,8,train,1327,1362,1
split_08,8,train,2755,2992,0
split_08,8,train,1151,1185,1
split_08,8,train,1470,1507,1
split_08,8,train,2055,2180,0
split_08,8,train,299,307,1
split_08,8,train,3115,3398,0
split_08,8,train,924,950,1
split_08,8,train,452,462,1
split_08,8,train,60,62,1
split_08,8,train,163,167,1
split_08,8,train,2146,2285,0
split_08,8,train,869,891,1
split_08,8,train,3067,3345,0
split_08,8,train,2689,2919,0
split_08,8,train,1573,1610,1
split_08,8,train,232,238,1
split_08,8,train,1982,2088,0
split_08,8,train,1071,1100,1
split_08,8,train,2759,2997,0
split_08,8,train,1023,1051,1
split_08,8,train,2016,2135,0
split_08,8,train,2969,3229,0
split_08,8,train,87,89,1
split_08,8,train,2652,2875,0
split_08,8,train,997,1024,1
split_08,8,train,356,365,1
split_08,8,train,2062,2190,0
split_08,8,train,1675,1729,1
split_08,8,train,1343,1379,1
split_08,8,train,2138,2276,0
split_08,8,train,80,82,1
split_08,8,train,307,315,1
split_08,8,train,396,405,1
split_08,8,train,1289,1324,1
split_08,8,train,217,223,1
split_08,8,train,2066,2195,0
split_08,8,train,2805,3049,0
split_08,8,train,550,565,1
split_08,8,train,2284,2448,0
split_08,8,train,1879,1969,0
split_08,8,train,1912,2008,0
split_08,8,train,1467,1504,1
split_08,8,train,181,185,1
split_08,8,train,2804,3048,0
split_08,8,train,2961,3219,0
split_08,8,train,2362,2533,0
split_08,8,train,1617,1660,1
split_08,8,train,2370,2541,0
split_08,8,train,2958,3215,0
split_08,8,train,1841,1924,0
split_08,8,train,1092,1124,1
split_08,8,train,253,259,1
split_08,8,train,1793,1868,0
split_08,8,train,1774,1846,0
split_08,8,train,2270,2427,0
split_08,8,train,2681,2910,0
split_08,8,train,363,372,1
split_08,8,train,1915,2011,0
split_08,8,train,2236,2388,0
split_08,8,train,2986,3250,0
split_08,8,train,1262,1297,1
split_08,8,train,1046,1074,1
split_08,8,train,2775,3016,0
split_08,8,train,3053,3330,0
split_08,8,train,1121,1154,1
split_08,8,train,2967,3227,0
split_08,8,train,2111,2246,0
split_08,8,train,215,221,1
split_08,8,train,2264,2420,0
split_08,8,train,591,606,1
split_08,8,train,893,915,1
split_08,8,train,2972,3232,0
split_08,8,train,3064,3342,0
split_08,8,train,1093,1125,1
split_08,8,train,2331,2501,0
split_08,8,train,822,843,1
split_08,8,train,1437,1474,1
split_08,8,train,2315,2484,0
split_08,8,train,1583,1622,1
split_08,8,train,3143,3428,0
split_08,8,train,1614,1657,1
split_08,8,train,1586,1625,1
split_08,8,train,833,854,1
split_08,8,train,2999,3264,0
split_08,8,train,1677,1731,1
split_08,8,train,317,325,1
split_08,8,train,2720,2952,0
split_08,8,train,1236,1271,1
split_08,8,train,808,829,1
split_08,8,train,1945,2043,0
split_08,8,train,1370,1406,1
split_08,8,train,2710,2942,0
split_08,8,train,758,779,1
split_08,8,train,703,722,1
split_08,8,train,2583,2788,0
split_08,8,train,1768,1837,0
split_08,8,train,1337,1373,1
split_08,8,train,3151,3438,0
split_08,8,train,966,992,1
split_08,8,train,547,562,1
split_08,8,train,2515,2707,0
split_08,8,train,1036,1064,1
split_08,8,train,604,619,1
split_08,8,train,1320,1355,1
split_08,8,train,191,196,1
split_08,8,train,2041,2165,0
split_08,8,train,1006,1034,1
split_08,8,train,855,876,1
split_08,8,train,1102,1134,1
split_08,8,train,262,268,1
split_08,8,train,2177,2319,0
split_08,8,train,1182,1217,1
split_08,8,train,2592,2798,0
split_08,8,train,195,201,1
split_08,8,train,25,26,1
split_08,8,train,1835,1916,0
split_08,8,train,3142,3427,0
split_08,8,train,590,605,1
split_08,8,train,1293,1328,1
split_08,8,train,2209,2359,0
split_08,8,train,1125,1158,1
split_08,8,train,952,978,1
split_08,8,train,2997,3262,0
split_08,8,train,1805,1882,0
split_08,8,train,2880,3131,0
split_08,8,train,3068,3346,0
split_08,8,train,745,765,1
split_08,8,train,2776,3017,0
split_08,8,train,2129,2265,0
split_08,8,train,2865,3116,0
split_08,8,train,143,146,1
split_08,8,train,2735,2971,0
split_08,8,train,1241,1276,1
split_08,8,train,1729,1790,0
split_08,8,train,213,219,1
split_08,8,train,2405,2584,0
split_08,8,train,2514,2702,0
split_08,8,train,514,525,1
split_08,8,train,1683,1740,0
split_08,8,train,2250,2403,0
split_08,8,train,1155,1189,1
split_08,8,train,2442,2627,0
split_08,8,train,1253,1288,1
split_08,8,train,2367,2538,0
split_08,8,train,1311,1346,1
split_08,8,train,244,250,1
split_08,8,train,2449,2634,0
split_08,8,train,1232,1267,1
split_08,8,train,1073,1102,1
split_08,8,train,67,69,1
split_08,8,train,2178,2320,0
split_08,8,train,538,552,1
split_08,8,train,642,659,1
split_08,8,train,1512,1549,1
split_08,8,train,1086,1116,1
split_08,8,train,2831,3079,0
split_08,8,train,987,1014,1
split_08,8,train,1299,1334,1
split_08,8,train,805,826,1
split_08,8,train,1987,2094,0
split_08,8,train,2338,2508,0
split_08,8,train,651,669,1
split_08,8,train,287,295,1
split_08,8,train,3129,3414,0
split_08,8,train,710,729,1
split_08,8,train,2700,2932,0
split_08,8,train,2564,2765,0
split_08,8,train,854,875,1
split_08,8,train,1351,1387,1
split_08,8,train,940,966,1
split_08,8,train,992,1019,1
split_08,8,train,2339,2510,0
split_08,8,train,413,422,1
split_08,8,train,2582,2787,0
split_08,8,train,46,48,1
split_08,8,train,595,610,1
split_08,8,train,1678,1732,1
split_08,8,train,2838,3086,0
split_08,8,train,1933,2030,0
split_08,8,train,549,564,1
split_08,8,train,1844,1929,0
split_08,8,train,1418,1455,1
split_08,8,train,820,841,1
split_08,8,train,1041,1069,1
split_08,8,train,2927,3183,0
split_08,8,train,162,166,1
split_08,8,train,2386,2562,0
split_08,8,train,859,880,1
split_08,8,train,1917,2013,0
split_08,8,train,3145,3430,0
split_08,8,train,2225,2376,0
split_08,8,train,1254,1289,1
split_08,8,train,1764,1831,0
split_08,8,train,306,314,1
split_08,8,train,1034,1062,1
split_08,8,train,197,203,1
split_08,8,train,169,173,1
split_08,8,train,1113,1146,1
split_08,8,train,153,157,1
split_08,8,train,828,849,1
split_08,8,train,312,320,1
split_08,8,train,2175,2317,0
split_08,8,train,2493,2679,0
split_08,8,train,2884,3135,0
split_08,8,train,56,58,1
split_08,8,train,656,674,1
split_08,8,train,1257,1292,1
split_08,8,train,362,371,1
split_08,8,train,3149,3435,0
split_08,8,train,1746,1812,0
split_08,8,train,1546,1583,1
split_08,8,train,1192,1227,1
split_08,8,train,394,403,1
split_08,8,train,2402,2580,0
split_08,8,train,2031,2154,0
split_08,8,train,2959,3217,0
split_08,8,train,1313,1348,1
split_08,8,train,1884,1974,0
split_08,8,train,1762,1829,0
split_08,8,train,364,373,1
split_08,8,train,961,987,1
split_08,8,train,2693,2924,0
split_08,8,train,3038,3310,0
split_08,8,train,1394,1430,1
split_08,8,train,2951,3208,0
split_08,8,train,474,484,1
split_08,8,train,1142,1176,1
split_08,8,train,529,542,1
split_08,8,train,2944,3201,0
split_08,8,train,145,148,1
split_08,8,train,635,652,1
split_08,8,train,2576,2781,0
split_08,8,train,2719,2951,0
split_08,8,train,2634,2853,0
split_08,8,train,1464,1501,1
split_08,8,train,2195,2341,0
split_08,8,train,2529,2723,0
split_08,8,train,793,814,1
split_08,8,train,2492,2678,0
split_08,8,train,2188,2333,0
split_08,8,train,3001,3266,0
split_08,8,train,2274,2432,0
split_08,8,train,2512,2699,0
split_08,8,train,1711,1771,0
split_08,8,train,2314,2483,0
split_08,8,train,348,357,1
split_08,8,train,614,629,1
split_08,8,train,555,570,1
split_08,8,train,1529,1566,1
split_08,8,train,1129,1162,1
split_08,8,train,1603,1642,1
split_08,8,train,308,316,1
split_08,8,train,1412,1448,1
split_08,8,train,298,306,1
split_08,8,train,780,801,1
split_08,8,train,1867,1955,0
split_08,8,train,1057,1086,1
split_08,8,train,2730,2964,0
split_08,8,train,1673,1727,1
split_08,8,train,1199,1234,1
split_08,8,train,2904,3156,0
split_08,8,train,2530,2724,0
split_08,8,train,1487,1524,1
split_08,8,train,786,807,1
split_08,8,train,1049,1077,1
split_08,8,train,1481,1518,1
split_08,8,train,2121,2257,0
split_08,8,train,895,917,1
split_08,8,train,93,95,1
split_08,8,train,2035,2158,0
split_08,8,train,1516,1553,1
split_08,8,train,147,150,1
split_08,8,train,2858,3108,0
split_08,8,train,1053,1081,1
split_08,8,train,2907,3161,0
split_08,8,train,416,425,1
split_08,8,train,2672,2899,0
split_08,8,train,1510,1547,1
split_08,8,train,2163,2305,0
split_08,8,train,1698,1757,0
split_08,8,train,2637,2857,0
split_08,8,train,811,832,1
split_08,8,train,1292,1327,1
split_08,8,train,899,922,1
split_08,8,train,1860,1947,0
split_08,8,train,1871,1961,0
split_08,8,train,2766,3007,0
split_08,8,train,1238,1273,1
split_08,8,train,718,737,1
split_08,8,train,1406,1442,1
split_08,8,train,2828,3075,0
split_08,8,train,2731,2965,0
split_08,8,train,275,282,1
split_08,8,train,1785,1858,0
split_08,8,train,2053,2178,0
split_08,8,train,1282,1317,1
split_08,8,train,1009,1037,1
split_08,8,train,1318,1353,1
split_08,8,train,2156,2296,0
split_08,8,train,2127,2263,0
split_08,8,train,649,667,1
split_08,8,train,3112,3395,0
split_08,8,train,988,1015,1
split_08,8,train,1733,1794,0
split_08,8,train,1685,1742,0
split_08,8,train,2063,2191,0
split_08,8,train,2633,2852,0
split_08,8,train,2294,2458,0
split_08,8,train,2842,3091,0
split_08,8,train,557,572,1
split_08,8,train,541,555,1
split_08,8,train,2825,3071,0
split_08,8,train,1200,1235,1
split_08,8,train,277,284,1
split_08,8,train,946,972,1
split_08,8,train,1736,1798,0
split_08,8,train,578,593,1
split_08,8,train,1921,2017,0
split_08,8,train,796,817,1
split_08,8,train,258,264,1
split_08,8,train,3104,3387,0
split_08,8,train,2658,2882,0
split_08,8,train,1577,1614,1
split_08,8,train,2109,2244,0
split_08,8,train,418,427,1
split_08,8,train,1221,1256,1
split_08,8,train,21,22,1
split_08,8,train,3011,3279,0
split_08,8,train,1630,1678,1
split_08,8,train,2468,2654,0
split_08,8,train,2647,2869,0
split_08,8,train,2180,2324,0
split_08,8,train,2269,2426,0
split_08,8,train,698,717,1
split_08,8,train,1459,1496,1
split_08,8,train,335,344,1
split_08,8,train,1063,1092,1
split_08,8,train,29,30,1
split_08,8,train,1078,1107,1
split_08,8,train,3033,3304,0
split_08,8,train,3160,3450,0
split_08,8,train,1269,1304,1
split_08,8,train,3127,3412,0
split_08,8,train,829,850,1
split_08,8,train,142,145,1
split_08,8,train,2854,3104,0
split_08,8,train,1578,1615,1
split_08,8,train,958,984,1
split_08,8,train,1812,1890,0
split_08,8,train,2159,2299,0
split_08,8,train,2521,2715,0
split_08,8,train,1272,1307,1
split_08,8,train,2464,2650,0
split_08,8,train,2168,2310,0
split_08,8,train,350,359,1
split_08,8,train,2368,2539,0
split_08,8,train,1169,1204,1
split_08,8,train,2619,2835,0
split_08,8,train,1558,1595,1
split_08,8,train,170,174,1
split_08,8,train,2608,2821,0
split_08,8,train,2141,2279,0
split_08,8,train,791,812,1
split_08,8,train,1966,2070,0
split_08,8,train,2187,2331,0
split_08,8,train,3055,3333,0
split_08,8,train,1166,1201,1
split_08,8,train,2659,2883,0
split_08,8,train,2026,2149,0
split_08,8,train,2760,2998,0
split_08,8,train,1563,1600,1
split_08,8,train,2048,2172,0
split_08,8,train,675,693,1
split_08,8,train,1593,1632,1
split_08,8,train,2508,2694,0
split_08,8,train,1176,1211,1
split_08,8,train,1428,1465,1
split_08,8,train,1531,1568,1
split_08,8,train,2205,2355,0
split_08,8,train,2876,3127,0
split_08,8,train,2444,2629,0
split_08,8,train,1186,1221,1
split_08,8,train,1274,1309,1
split_08,8,train,592,607,1
split_08,8,train,3130,3415,0
split_08,8,train,342,351,1
split_08,8,train,1251,1286,1
split_08,8,train,2424,2604,0
split_08,8,train,784,805,1
split_08,8,train,2871,3122,0
split_08,8,train,1450,1487,1
split_08,8,train,2879,3130,0
split_08,8,train,818,839,1
split_08,8,train,1275,1310,1
split_08,8,train,1202,1237,1
split_08,8,train,1273,1308,1
split_08,8,train,1344,1380,1
split_08,8,train,3059,3337,0
split_08,8,train,727,747,1
split_08,8,train,2161,2301,0
split_08,8,train,606,621,1
split_08,8,train,3023,3292,0
split_08,8,train,2945,3202,0
split_08,8,train,1139,1173,1
split_08,8,train,731,751,1
split_08,8,train,3164,3460,0
split_08,8,train,759,780,1
split_08,8,train,2394,2570,0
split_08,8,train,1571,1608,1
split_08,8,train,2317,2486,0
split_08,8,train,2441,2626,0
split_08,8,train,1700,1759,0
split_08,8,train,2122,2258,0
split_08,8,train,2648,2870,0
split_08,8,train,1704,1763,0
split_08,8,train,2130,2266,0
split_08,8,train,291,299,1
split_08,8,train,1770,1839,0
split_08,8,train,714,733,1
split_08,8,train,2076,2208,0
split_08,8,train,2396,2572,0
split_08,8,train,1741,1805,0
split_08,8,train,1888,1979,0
split_08,8,train,807,828,1
split_08,8,train,233,239,1
split_08,8,train,2751,2988,0
split_08,8,train,1932,2029,0
split_08,8,train,866,888,1
split_08,8,train,82,84,1
split_08,8,train,747,768,1
split_08,8,train,450,460,1
split_08,8,train,178,182,1
split_08,8,train,2670,2897,0
split_08,8,train,779,800,1
split_08,8,train,1696,1755,0
split_08,8,train,612,627,1
split_08,8,train,3039,3311,0
split_08,8,train,3131,3416,0
split_08,8,train,2827,3074,0
split_08,8,train,533,546,1
split_08,8,train,1165,1200,1
split_08,8,train,1399,1435,1
split_08,8,train,1646,1696,1
split_08,8,train,1703,1762,0
split_08,8,train,1539,1576,1
split_08,8,train,1827,1907,0
split_08,8,train,573,588,1
split_08,8,train,2912,3166,0
split_08,8,train,154,158,1
split_08,8,train,3025,3295,0
split_08,8,train,1582,1621,1
split_08,8,train,103,105,1
split_08,8,train,953,979,1
split_08,8,train,2774,3015,0
split_08,8,train,2566,2768,0
split_08,8,train,2936,3193,0
split_08,8,train,999,1026,1
split_08,8,train,2931,3187,0
split_08,8,train,119,121,1
split_08,8,train,2047,2171,0
split_08,8,train,2974,3234,0
split_08,8,train,2391,2567,0
split_08,8,train,1652,1706,1
split_08,8,train,2282,2441,0
split_08,8,train,1,2,1
split_08,8,train,888,910,1
split_08,8,train,402,411,1
split_08,8,train,845,866,1
split_08,8,train,1735,1796,0
split_08,8,train,439,448,1
split_08,8,train,2399,2576,0
split_08,8,train,1277,1312,1
split_08,8,train,1195,1230,1
split_08,8,train,2610,2824,0
split_08,8,train,1661,1715,1
split_08,8,train,2306,2475,0
split_08,8,train,2491,2677,0
split_08,8,train,2227,2378,0
split_08,8,train,1198,1233,1
split_08,8,train,354,363,1
split_08,8,train,1056,1085,1
split_08,8,train,2021,2140,0
split_08,8,train,565,580,1
split_08,8,train,1296,1331,1
split_08,8,train,1342,1378,1
split_08,8,train,1285,1320,1
split_08,8,train,496,507,1
split_08,8,train,53,55,1
split_08,8,train,2908,3162,0
split_08,8,train,1623,1668,1
split_08,8,train,2570,2773,0
split_08,8,train,1690,1748,0
split_08,8,train,2211,2361,0
split_08,8,train,1581,1620,1
split_08,8,train,497,508,1
split_08,8,train,1135,1169,1
split_08,8,train,1287,1322,1
split_08,8,train,558,573,1
split_08,8,train,1021,1049,1
split_08,8,train,1474,1511,1
split_08,8,train,239,245,1
split_08,8,train,2641,2863,0
split_08,8,train,1671,1725,1
split_08,8,train,2366,2537,0
split_08,8,train,1305,1340,1
split_08,8,train,584,599,1
split_08,8,train,2154,2294,0
split_08,8,train,1705,1764,0
split_08,8,train,2144,2282,0
split_08,8,train,3010,3278,0
split_08,8,train,1456,1493,1
split_08,8,train,1079,1108,1
split_08,8,train,458,468,1
split_08,8,train,2952,3209,0
split_08,8,train,2081,2213,0
split_08,8,train,2815,3060,0
split_08,8,train,574,589,1
split_08,8,train,773,794,1
split_08,8,train,1674,1728,1
split_08,8,train,1900,1992,0
split_08,8,train,289,297,1
split_08,8,train,385,394,1
split_08,8,train,2421,2601,0
split_08,8,train,2251,2404,0
split_08,8,train,367,376,1
split_08,8,train,1886,1977,0
split_08,8,train,2239,2391,0
split_08,8,train,3109,3392,0
split_08,8,train,151,155,1
split_08,8,train,1074,1103,1
split_08,8,train,1697,1756,0
split_08,8,train,702,721,1
split_08,8,train,3045,3319,0
split_08,8,train,264,270,1
split_08,8,train,447,456,1
split_08,8,train,331,339,1
split_08,8,train,3098,3379,0
split_08,8,train,455,465,1
split_08,8,train,737,757,1
split_08,8,train,1653,1707,1
split_08,8,train,110,112,1
split_08,8,train,933,959,1
split_08,8,train,2105,2240,0
split_08,8,train,1626,1674,1
split_08,8,train,2905,3157,0
split_08,8,train,572,587,1
split_08,8,train,917,942,1
split_08,8,train,257,263,1
split_08,8,train,1014,1042,1
split_08,8,train,2324,2493,0
split_08,8,train,361,370,1
split_08,8,train,2265,2421,0
split_08,8,train,2671,2898,0
split_08,8,train,419,428,1
split_08,8,train,3071,3349,0
split_08,8,train,1745,1811,0
split_08,8,train,2385,2561,0
split_08,8,train,90,92,1
split_08,8,train,2596,2805,0
split_08,8,train,2688,2918,0
split_08,8,train,2872,3123,0
split_08,8,train,2356,2527,0
split_08,8,train,271,278,1
split_08,8,train,681,699,1
split_08,8,train,231,237,1
split_08,8,train,2068,2197,0
split_08,8,train,2378,2553,0
split_08,8,train,2826,3073,0
split_08,8,train,906,931,1
split_08,8,train,728,748,1
split_08,8,train,2855,3105,0
split_08,8,train,783,804,1
split_08,8,train,1283,1318,1
split_08,8,train,1660,1714,1
split_08,8,train,767,788,1
split_08,8,train,1346,1382,1
split_08,8,train,641,658,1
split_08,8,train,3000,3265,0
split_08,8,train,1108,1141,1
split_08,8,train,2410,2589,0
split_08,8,train,1958,2061,0
split_08,8,train,1967,2071,0
split_08,8,train,2540,2735,0
split_08,8,train,744,764,1
split_08,8,train,1367,1403,1
split_08,8,train,2998,3263,0
split_08,8,train,2278,2437,0
split_08,8,train,2502,2688,0
split_08,8,train,2217,2368,0
split_08,8,train,203,209,1
split_08,8,train,1145,1179,1
split_08,8,train,2706,2938,0
split_08,8,train,867,889,1
split_08,8,train,1799,1876,0
split_08,8,train,351,360,1
split_08,8,train,1373,1409,1
split_08,8,train,3072,3350,0
split_08,8,train,424,433,1
split_08,8,train,3078,3357,0
split_08,8,train,1360,1396,1
split_08,8,train,122,124,1
split_08,8,train,1376,1412,1
split_08,8,train,2819,3065,0
split_08,8,train,507,518,1
split_08,8,train,1225,1260,1
split_08,8,train,2197,2344,0
split_08,8,train,709,728,1
split_08,8,train,1486,1523,1
split_08,8,train,414,423,1
split_08,8,train,408,417,1
split_08,8,train,1280,1315,1
split_08,8,train,1358,1394,1
split_08,8,train,2497,2683,0
split_08,8,train,840,861,1
split_08,8,train,1670,1724,1
split_08,8,train,218,224,1
split_08,8,train,371,380,1
split_08,8,train,3170,3466,0
split_08,8,train,30,31,1
split_08,8,train,1965,2069,0
split_08,8,train,17,18,1
split_08,8,train,1925,2022,0
split_08,8,train,2258,2413,0
split_08,8,train,1290,1325,1
split_08,8,train,1854,1940,0
split_08,8,train,622,638,1
split_08,8,train,64,66,1
split_08,8,train,1634,1682,1
split_08,8,train,270,277,1
split_08,8,train,1588,1627,1
split_08,8,train,1476,1513,1
split_08,8,train,762,783,1
split_08,8,train,1017,1045,1
split_08,8,train,995,1022,1
split_08,8,train,1419,1456,1
split_08,8,train,461,471,1
split_08,8,train,1904,1999,0
split_08,8,train,1099,1131,1
split_08,8,train,300,308,1
split_08,8,train,2114,2249,0
split_08,8,train,3147,3432,0
split_08,8,train,551,566,1
split_08,8,train,1909,2005,0
split_08,8,train,2977,3237,0
split_08,8,train,2568,2770,0
split_08,8,train,2802,3046,0
split_08,8,train,2664,2888,0
split_08,8,train,2460,2645,0
split_08,8,train,1321,1356,1
split_08,8,train,1022,1050,1
split_08,8,train,1618,1661,1
split_08,8,train,1445,1482,1
split_08,8,train,1413,1449,1
split_08,8,train,1143,1177,1
split_08,8,train,3139,3424,0
split_08,8,train,1508,1545,1
split_08,8,train,1734,1795,0
split_08,8,train,740,760,1
split_08,8,train,1728,1788,0
split_08,8,train,1288,1323,1
split_08,8,train,389,398,1
split_08,8,train,1110,1143,1
split_08,8,train,2456,2641,0
split_08,8,train,1271,1306,1
split_08,8,train,2615,2830,0
split_08,8,train,970,997,1
split_08,8,train,1018,1046,1
split_08,8,train,2889,3140,0
split_08,8,train,1787,1860,0
split_08,8,train,1396,1432,1
split_08,8,train,1838,1920,0
split_08,8,train,1597,1636,1
split_08,8,train,3060,3338,0
split_08,8,train,2132,2268,0
split_08,8,train,2145,2283,0
split_08,8,train,2544,2740,0
split_08,8,train,996,1023,1
split_08,8,train,1857,1944,0
split_08,8,train,6,7,1
split_08,8,train,2723,2956,0
split_08,8,train,631,648,1
split_08,8,train,3009,3277,0
split_08,8,train,3074,3353,0
split_08,8,train,2754,2991,0
split_08,8,train,85,87,1
split_08,8,train,273,280,1
split_08,8,train,1789,1864,0
split_08,8,train,1117,1150,1
split_08,8,train,2821,3067,0
split_08,8,train,1473,1510,1
split_08,8,train,1776,1848,0
split_08,8,train,35,36,1
split_08,8,train,2716,2948,0
split_08,8,train,3133,3418,0
split_08,8,train,1681,1737,0
split_08,8,train,2039,2162,0
split_08,8,train,713,732,1
split_08,8,train,2371,2542,0
split_08,8,train,1759,1826,0
split_08,8,train,2067,2196,0
split_08,8,train,2137,2274,0
split_08,8,train,2518,2712,0
split_08,8,train,2494,2680,0
split_08,8,train,2834,3082,0
split_08,8,train,1259,1294,1
split_08,8,train,210,216,1
split_08,8,train,2201,2348,0
split_08,8,train,861,883,1
split_08,8,train,1325,1360,1
split_08,8,train,1286,1321,1
split_08,8,train,1605,1644,1
split_08,8,train,1859,1946,0
split_08,8,train,2787,3031,0
split_08,8,train,932,958,1
split_08,8,train,2185,2329,0
split_08,8,train,2971,3231,0
split_08,8,train,1247,1282,1
split_08,8,train,809,830,1
split_08,8,train,2027,2150,0
split_08,8,train,65,67,1
split_08,8,train,593,608,1
split_08,8,train,1258,1293,1
split_08,8,train,1839,1921,0
split_08,8,train,1069,1098,1
split_08,8,train,919,944,1
split_08,8,train,2911,3165,0
split_08,8,train,813,834,1
split_08,8,train,792,813,1
split_08,8,train,1779,1852,0
split_08,8,train,724,743,1
split_08,8,train,2479,2665,0
split_08,8,train,1133,1167,1
split_08,8,train,890,912,1
split_08,8,train,537,550,1
split_08,8,train,274,281,1
split_08,8,train,2848,3097,0
split_08,8,train,494,505,1
split_08,8,train,135,138,1
split_08,8,train,1537,1574,1
split_08,8,train,2609,2822,0
split_08,8,train,415,424,1
split_08,8,train,467,477,1
split_08,8,train,2451,2636,0
split_08,8,train,2115,2250,0
split_08,8,train,821,842,1
split_08,8,train,2025,2148,0
split_08,8,train,725,745,1
split_08,8,train,340,349,1
split_08,8,train,2627,2846,0
split_08,8,train,797,818,1
split_08,8,train,1766,1833,0
split_08,8,train,2639,2859,0
split_08,8,train,246,252,1
split_08,8,train,3136,3421,0
split_08,8,train,1947,2047,0
split_08,8,train,2408,2587,0
split_08,8,train,508,519,1
split_08,8,train,326,334,1
split_08,8,train,1861,1948,0
split_08,8,train,196,202,1
split_08,8,train,2589,2795,0
split_08,8,train,2266,2422,0
split_08,8,train,690,708,1
split_08,8,train,2897,3149,0
split_08,8,train,448,458,1
split_08,8,train,693,711,1
split_08,8,train,426,435,1
split_08,8,train,2604,2817,0
split_08,8,train,2354,2525,0
split_08,8,train,1234,1269,1
split_08,8,train,525,537,1
split_08,8,train,2305,2474,0
split_08,8,train,1085,1115,1
split_08,8,train,101,103,1
split_08,8,train,620,635,1
split_08,8,train,319,327,1
split_08,8,train,884,906,1
split_08,8,train,824,845,1
split_08,8,train,2740,2976,0
split_08,8,train,1008,1036,1
split_08,8,train,2947,3204,0
split_08,8,train,1580,1617,1
split_08,8,train,98,100,1
split_08,8,train,2555,2754,0
split_08,8,train,804,825,1
split_08,8,train,2756,2993,0
split_08,8,train,2509,2695,0
split_08,8,train,1380,1416,1
split_08,8,train,2899,3151,0
split_08,8,train,1526,1563,1
split_08,8,train,2770,3011,0
split_08,8,train,2123,2259,0
split_08,8,train,1807,1884,0
split_08,8,train,2642,2864,0
split_08,8,train,457,467,1
split_08,8,train,2071,2202,0
split_08,8,train,1177,1212,1
split_08,8,train,769,790,1
split_08,8,train,705,724,1
split_08,8,train,795,816,1
split_08,8,train,2622,2838,0
split_08,8,train,2096,2231,0
split_08,8,train,1174,1209,1
split_08,8,train,1647,1697,1
split_08,8,train,2112,2247,0
split_08,8,train,2083,2215,0
split_08,8,train,1991,2100,0
split_08,8,train,2011,2130,0
split_08,8,train,776,797,1
split_08,8,train,1214,1249,1
split_08,8,train,2181,2325,0
split_08,8,train,2312,2481,0
split_08,8,train,1579,1616,1
split_08,8,train,1491,1528,1
split_08,8,train,2925,3179,0
split_08,8,train,2742,2978,0
split_08,8,train,2707,2939,0
split_08,8,train,1840,1923,0
split_08,8,train,465,475,1
split_08,8,train,1389,1425,1
split_08,8,train,2119,2255,0
split_08,8,train,1013,1041,1
split_08,8,train,2344,2515,0
split_08,8,train,947,973,1
split_08,8,train,2381,2557,0
split_08,8,train,1118,1151,1
split_08,8,train,1430,1467,1
split_08,8,train,870,892,1
split_08,8,train,2682,2912,0
split_08,8,train,1495,1532,1
split_08,8,train,2210,2360,0
split_08,8,train,2704,2936,0
split_08,8,train,963,989,1
split_08,8,train,2390,2566,0
split_08,8,train,1688,1746,0
split_08,8,train,3084,3363,0
split_08,8,train,89,91,1
split_08,8,train,2133,2269,0
split_08,8,train,3041,3314,0
split_08,8,train,2506,2692,0
split_08,8,train,1468,1505,1
split_08,8,train,3069,3347,0
split_08,8,train,347,356,1
split_08,8,train,636,653,1
split_08,8,train,2097,2232,0
split_08,8,train,1183,1218,1
split_08,8,train,1058,1087,1
split_08,8,train,2088,2222,0
split_08,8,train,1795,1871,0
split_08,8,train,3099,3380,0
split_08,8,train,2455,2640,0
split_08,8,train,1521,1558,1
split_08,8,train,334,343,1
split_08,8,train,1483,1520,1
split_08,8,train,1782,1855,0
split_08,8,train,3168,3464,0
split_08,8,train,2725,2958,0
split_08,8,train,1466,1503,1
split_08,8,train,3080,3359,0
split_08,8,train,1340,1376,1
split_08,8,train,660,678,1
split_08,8,train,77,79,1
split_08,8,train,982,1009,1
split_08,8,train,2909,3163,0
split_08,8,train,1193,1228,1
split_08,8,train,563,578,1
split_08,8,train,194,199,1
split_08,8,train,2033,2156,0
split_08,8,train,1304,1339,1
split_08,8,train,586,601,1
split_08,8,train,174,178,1
split_08,8,train,179,183,1
split_08,8,train,1361,1397,1
split_08,8,train,1568,1605,1
split_08,8,train,627,643,1
split_08,8,train,184,188,1
split_08,8,train,2166,2308,0
split_08,8,train,2203,2352,0
split_08,8,train,1502,1539,1
split_08,8,train,1158,1193,1
split_08,8,train,324,332,1
split_08,8,train,1260,1295,1
split_08,8,train,576,591,1
split_08,8,train,1162,1197,1
split_08,8,train,1477,1514,1
split_08,8,train,2335,2505,0
split_08,8,train,2935,3192,0
split_08,8,train,2820,3066,0
split_08,8,train,993,1020,1
split_08,8,train,1439,1476,1
split_08,8,train,1353,1389,1
split_08,8,train,302,310,1
split_08,8,train,2352,2523,0
split_08,8,train,2430,2611,0
split_08,8,train,2117,2253,0
split_08,8,train,602,617,1
split_08,8,train,722,741,1
split_08,8,train,583,598,1
split_08,8,train,2975,3235,0
split_08,8,train,403,412,1
split_08,8,train,564,579,1
split_08,8,train,2351,2522,0
split_08,8,train,688,706,1
split_08,8,train,2403,2582,0
split_08,8,train,968,994,1
split_08,8,train,2786,3030,0
split_08,8,train,2153,2293,0
split_08,8,train,1068,1097,1
split_08,8,train,872,894,1
split_08,8,train,3126,3411,0
split_08,8,train,3013,3281,0
split_08,8,train,2125,2261,0
split_08,8,train,226,232,1
split_08,8,train,611,626,1
split_08,8,train,2425,2606,0
split_08,8,train,2841,3090,0
split_08,8,train,764,785,1
split_08,8,train,594,609,1
split_08,8,train,1374,1410,1
split_08,8,train,1773,1842,0
split_08,8,train,304,312,1
split_08,8,train,2486,2672,0
split_08,8,train,902,925,1
split_08,8,train,2295,2459,0
split_08,8,train,1740,1803,0
split_08,8,train,540,554,1
split_08,8,train,159,163,1
split_08,8,train,378,387,1
split_08,8,train,1222,1257,1
split_08,8,train,1032,1060,1
split_08,8,train,2045,2169,0
split_08,8,train,2657,2881,0
split_08,8,train,923,949,1
split_08,8,train,379,388,1
split_08,8,train,955,981,1
split_08,8,train,2920,3174,0
split_08,8,train,2840,3089,0
split_08,8,train,1103,1136,1
split_08,8,train,272,279,1
split_08,8,train,1910,2006,0
split_08,8,train,1334,1369,1
split_08,8,train,2714,2946,0
split_08,8,train,3015,3283,0
split_08,8,train,2948,3205,0
split_08,8,train,320,328,1
split_08,8,train,2985,3249,0
split_08,8,train,2186,2330,0
split_08,8,train,2644,2866,0
split_08,8,train,139,142,1
split_08,8,train,788,809,1
split_08,8,train,2511,2698,0
split_08,8,train,1941,2039,0
split_08,8,train,2928,3184,0
split_08,8,train,2715,2947,0
split_08,8,train,1031,1059,1
split_08,8,train,295,303,1
split_08,8,train,1156,1190,1
split_08,8,train,480,490,1
split_08,8,train,1237,1272,1
split_08,8,train,104,106,1
split_08,8,train,1534,1571,1
split_08,8,train,1191,1226,1
split_08,8,train,2590,2796,0
split_08,8,train,2937,3194,0
split_08,8,train,2487,2673,0
split_08,8,train,2709,2941,0
split_08,8,train,1890,1981,0
split_08,8,train,2798,3042,0
split_08,8,train,638,655,1
split_08,8,train,1929,2026,0
split_08,8,train,1457,1494,1
split_08,8,train,1557,1594,1
split_08,8,train,1687,1745,0
split_08,8,train,666,684,1
split_08,8,train,137,140,1
split_08,8,train,2092,2227,0
split_08,8,train,1098,1130,1
split_08,8,train,510,521,1
split_08,8,train,3146,3431,0
split_08,8,train,1284,1319,1
split_08,8,train,380,389,1
split_08,8,train,1980,2085,0
split_08,8,train,739,759,1
split_08,8,train,1853,1939,0
split_08,8,train,1635,1683,1
split_08,8,train,621,637,1
split_08,8,train,173,177,1
split_08,8,train,3054,3331,0
split_08,8,train,136,139,1
split_08,8,train,1772,1841,0
split_08,8,train,835,856,1
split_08,8,train,1003,1030,1
split_08,8,train,526,538,1
split_08,8,train,2377,2552,0
split_08,8,train,2950,3207,0
split_08,8,train,1119,1152,1
split_08,8,train,834,855,1
split_08,8,train,1778,1851,0
split_08,8,train,2782,3023,0
split_08,8,train,322,330,1
split_08,8,train,2200,2347,0
split_08,8,train,1587,1626,1
split_08,8,train,3097,3378,0
split_08,8,train,32,33,1
split_08,8,train,182,186,1
split_08,8,train,1045,1073,1
split_08,8,train,684,702,1
split_08,8,train,1462,1499,1
split_08,8,train,1931,2028,0
split_08,8,train,967,993,1
split_08,8,train,607,622,1
split_08,8,train,1076,1105,1
split_08,8,train,1636,1686,1
split_08,8,train,117,119,1
split_08,8,train,3020,3289,0
split_08,8,train,2561,2762,0
split_08,8,train,2560,2761,0
split_08,8,train,109,111,1
split_08,8,train,1862,1949,0
split_08,8,train,107,109,1
split_08,8,train,1559,1596,1
split_08,8,train,2336,2506,0
split_08,8,train,1051,1079,1
split_08,8,train,2018,2137,0
split_08,8,train,986,1013,1
split_08,8,train,141,144,1
split_08,8,train,200,206,1
split_08,8,train,2968,3228,0
split_08,8,train,1754,1821,0
split_08,8,train,697,716,1
split_08,8,train,1936,2034,0
split_08,8,train,1212,1247,1
split_08,8,train,983,1010,1
split_08,8,train,3017,3286,0
split_08,8,train,2233,2384,0
split_08,8,train,2208,2358,0
split_08,8,train,901,924,1
split_08,8,train,114,116,1
split_08,8,train,1810,1888,0
split_08,8,train,349,358,1
split_08,8,train,1207,1242,1
split_08,8,train,2915,3169,0
split_08,8,train,2750,2987,0
split_08,8,train,3135,3420,0
split_08,8,train,3152,3439,0
split_08,8,train,1528,1565,1
split_08,8,train,1554,1591,1
split_08,8,train,2414,2593,0
split_08,8,train,70,72,1
split_08,8,train,2724,2957,0
split_08,8,train,682,700,1
split_08,8,train,2496,2682,0
split_08,8,train,1923,2019,0
split_08,8,train,2856,3106,0
split_08,8,train,802,823,1
split_08,8,train,42,44,1
split_08,8,train,2184,2328,0
split_08,8,train,1226,1261,1
split_08,8,train,877,899,1
split_08,8,train,2635,2854,0
split_08,8,train,116,118,1
split_08,8,train,1243,1278,1
split_08,8,train,1397,1433,1
split_08,8,train,2992,3256,0
split_08,8,train,1348,1384,1
split_08,8,train,329,337,1
split_08,8,train,1615,1658,1
split_08,8,train,539,553,1
split_08,8,train,1168,1203,1
split_08,8,train,741,761,1
split_08,8,train,1404,1440,1
split_08,8,train,1489,1526,1
split_08,8,train,712,731,1
split_08,8,train,1691,1749,0
split_08,8,train,1668,1722,1
split_08,8,train,183,187,1
split_08,8,train,2525,2719,0
split_08,8,train,1444,1481,1
split_08,8,train,685,703,1
split_08,8,train,3044,3318,0
split_08,8,train,887,909,1
split_08,8,train,79,81,1
split_08,8,train,2956,3213,0
split_08,8,train,1298,1333,1
split_08,8,train,3153,3440,0
split_08,8,train,2059,2186,0
split_08,8,train,2680,2908,0
split_08,8,train,2359,2530,0
split_08,8,train,3062,3340,0
split_08,8,train,2875,3126,0
split_08,8,train,871,893,1
split_08,8,test,677,695,1
split_08,8,test,2136,2273,0
split_08,8,test,865,887,1
split_08,8,test,628,644,1
split_08,8,test,864,886,1
split_08,8,test,981,1008,1
split_08,8,test,559,574,1
split_08,8,test,2743,2979,0
split_08,8,test,1811,1889,0
split_08,8,test,512,523,1
split_08,8,test,2091,2225,0
split_08,8,test,2557,2757,0
split_08,8,test,1061,1090,1
split_08,8,test,1610,1651,1
split_08,8,test,827,848,1
split_08,8,test,1244,1279,1
split_08,8,test,446,455,1
split_08,8,test,28,29,1
split_08,8,test,1719,1779,0
split_08,8,test,276,283,1
split_08,8,test,2923,3177,0
split_08,8,test,2586,2791,0
split_08,8,test,2064,2192,0
split_08,8,test,2028,2151,0
split_08,8,test,429,438,1
split_08,8,test,328,336,1
split_08,8,test,1503,1540,1
split_08,8,test,1794,1870,0
split_08,8,test,1847,1932,0
split_08,8,test,3063,3341,0
split_08,8,test,730,750,1
split_08,8,test,1549,1586,1
split_08,8,test,1624,1670,1
split_08,8,test,2537,2732,0
split_08,8,test,2668,2894,0
split_08,8,test,1875,1965,0
split_08,8,test,798,819,1
split_08,8,test,1083,1113,1
split_08,8,test,2057,2182,0
split_08,8,test,658,676,1
split_08,8,test,1479,1516,1
split_08,8,test,2896,3148,0
split_08,8,test,1043,1071,1
split_08,8,test,2169,2311,0
split_08,8,test,1592,1631,1
split_08,8,test,303,311,1
split_08,8,test,894,916,1
split_08,8,test,1329,1364,1
split_08,8,test,2234,2385,0
split_08,8,test,777,798,1
split_08,8,test,2272,2429,0
split_08,8,test,2892,3144,0
split_08,8,test,615,630,1
split_08,8,test,2100,2235,0
split_08,8,test,1632,1680,1
split_08,8,test,1765,1832,0
split_08,8,test,2345,2516,0
split_08,8,test,69,71,1
split_08,8,test,2085,2218,0
split_08,8,test,1405,1441,1
split_08,8,test,580,595,1
split_08,8,test,2373,2544,0
split_08,8,test,1930,2027,0
split_08,8,test,2898,3150,0
split_08,8,test,265,271,1
split_08,8,test,1943,2041,0
split_08,8,test,2877,3128,0
split_08,8,test,2534,2728,0
split_08,8,test,1964,2068,0
split_08,8,test,2888,3139,0
split_08,8,test,618,633,1
split_08,8,test,344,353,1
split_08,8,test,1637,1687,1
split_08,8,test,781,802,1
split_08,8,test,279,286,1
split_08,8,test,2767,3008,0
split_08,8,test,1424,1461,1
split_08,8,test,2867,3118,0
split_08,8,test,3050,3325,0
split_08,8,test,2398,2575,0
split_08,8,test,323,331,1
split_08,8,test,1066,1095,1
split_08,8,test,1818,1898,0
split_08,8,test,1323,1358,1
split_08,8,test,950,976,1
split_08,8,test,1148,1182,1
split_08,8,test,668,686,1
split_08,8,test,589,604,1
split_08,8,test,410,419,1
split_08,8,test,278,285,1
split_08,8,test,2675,2902,0
split_08,8,test,462,472,1
split_08,8,test,1077,1106,1
split_08,8,test,1434,1471,1
split_08,8,test,2420,2600,0
split_08,8,test,2049,2174,0
split_08,8,test,2554,2753,0
split_08,8,test,2795,3039,0
split_08,8,test,2628,2847,0
split_08,8,test,493,504,1
split_08,8,test,2993,3257,0
split_08,8,test,801,822,1
split_08,8,test,2822,3068,0
split_08,8,test,816,837,1
split_08,8,test,771,792,1
split_08,8,test,1383,1419,1
split_08,8,test,2863,3114,0
split_08,8,test,338,347,1
split_08,8,test,2630,2849,0
split_08,8,test,1959,2063,0
split_08,8,test,451,461,1
split_08,8,test,2101,2236,0
split_08,8,test,1020,1048,1
split_08,8,test,630,646,1
split_08,8,test,1436,1473,1
split_08,8,test,814,835,1
split_08,8,test,2685,2915,0
split_08,8,test,2458,2643,0
split_08,8,test,1850,1936,0
split_08,8,test,2036,2159,0
split_08,8,test,2392,2568,0
split_08,8,test,1507,1544,1
split_08,8,test,288,296,1
split_08,8,test,420,429,1
split_08,8,test,168,172,1
split_08,8,test,748,769,1
split_08,8,test,1707,1766,0
split_08,8,test,2695,2927,0
split_08,8,test,2550,2747,0
split_08,8,test,211,217,1
split_08,8,test,2799,3043,0
split_08,8,test,1201,1236,1
split_08,8,test,293,301,1
split_08,8,test,2426,2607,0
split_08,8,test,1706,1765,0
split_08,8,test,2107,2242,0
split_08,8,test,743,763,1
split_08,8,test,1131,1165,1
split_08,8,test,2044,2168,0
split_08,8,test,2152,2291,0
split_08,8,test,639,656,1
split_08,8,test,1120,1153,1
split_08,8,test,115,117,1
split_08,8,test,1870,1960,0
split_08,8,test,2438,2621,0
split_08,8,test,2311,2480,0
split_08,8,test,2987,3251,0
split_08,8,test,2276,2434,0
split_08,8,test,629,645,1
split_08,8,test,1229,1264,1
split_08,8,test,3159,3449,0
split_08,8,test,19,20,1
split_08,8,test,1101,1133,1
split_08,8,test,2143,2281,0
split_08,8,test,2406,2585,0
split_08,8,test,492,503,1
split_08,8,test,471,481,1
split_08,8,test,1574,1611,1
split_08,8,test,1590,1629,1
split_08,8,test,1907,2003,0
split_08,8,test,1294,1329,1
split_08,8,test,2431,2613,0
split_08,8,test,2189,2334,0
split_08,8,test,2218,2369,0
split_08,8,test,3122,3405,0
split_08,8,test,979,1006,1
split_08,8,test,2524,2718,0
split_08,8,test,1312,1347,1
split_08,8,test,2325,2494,0
split_08,8,test,1693,1751,0
split_08,8,test,473,483,1
split_08,8,test,459,469,1
split_08,8,test,1500,1537,1
split_08,8,test,2626,2845,0
split_08,8,test,1937,2035,0
split_08,8,test,2771,3012,0
split_08,8,test,908,933,1
split_08,8,test,2504,2690,0
split_08,8,test,1209,1244,1
split_08,8,test,1384,1420,1
split_08,8,test,1081,1111,1
split_08,8,test,14,15,1
split_08,8,test,1000,1027,1
split_08,8,test,610,625,1
split_08,8,test,1446,1483,1
split_08,8,test,851,872,1
split_08,8,test,799,820,1
split_08,8,test,297,305,1
split_08,8,test,2803,3047,0
split_08,8,test,803,824,1
split_08,8,test,3018,3287,0
split_08,8,test,1347,1383,1
split_08,8,test,2792,3036,0
split_08,8,test,2728,2962,0
split_08,8,test,1548,1585,1
split_08,8,test,1213,1248,1
split_08,8,test,2369,2540,0
split_08,8,test,2226,2377,0
split_08,8,test,74,76,1
split_08,8,test,2501,2687,0
split_08,8,test,132,134,1
split_08,8,test,1357,1393,1
split_08,8,test,176,180,1
split_08,8,test,2691,2922,0
split_08,8,test,266,272,1
split_08,8,test,3107,3390,0
split_08,8,test,2844,3093,0
split_08,8,test,2192,2338,0
split_08,8,test,1960,2064,0
split_08,8,test,325,333,1
split_08,8,test,2543,2739,0
split_08,8,test,2343,2514,0
split_08,8,test,37,38,1
split_08,8,test,1040,1068,1
split_08,8,test,436,445,1
split_08,8,test,1147,1181,1
split_08,8,test,561,576,1
split_08,8,test,562,577,1
split_08,8,test,1864,1951,0
split_08,8,test,1744,1810,0
split_08,8,test,2789,3033,0
split_08,8,test,1784,1857,0
split_08,8,test,2171,2313,0
split_08,8,test,524,536,1
split_08,8,test,1159,1194,1
split_08,8,test,2606,2819,0
split_08,8,test,2415,2594,0
split_08,8,test,140,143,1
split_08,8,test,44,46,1
split_08,8,test,88,90,1
split_08,8,test,2089,2223,0
split_08,8,test,1642,1692,1
split_08,8,test,1640,1690,1
split_08,8,test,1889,1980,0
split_08,8,test,3141,3426,0
split_08,8,test,543,558,1
split_08,8,test,86,88,1
split_08,8,test,2167,2309,0
split_08,8,test,2616,2831,0
split_08,8,test,938,964,1
split_08,8,test,973,1000,1
split_08,8,test,359,368,1
split_08,8,test,1869,1958,0
split_08,8,test,243,249,1
split_08,8,test,2004,2115,0
split_08,8,test,281,288,1
split_08,8,test,316,324,1
split_08,8,test,2886,3137,0
split_08,8,test,1613,1656,1
split_08,8,test,665,683,1
split_08,8,test,1527,1564,1
split_08,8,test,1392,1428,1
split_08,8,test,768,789,1
split_08,8,test,1669,1723,1
split_08,8,test,290,298,1
split_08,8,test,16,17,1
split_08,8,test,3134,3419,0
split_08,8,test,734,754,1
split_08,8,test,503,514,1
split_08,8,test,400,409,1
split_08,8,test,715,734,1
split_08,8,test,520,532,1
split_08,8,test,118,120,1
split_08,8,test,3111,3394,0
split_08,8,test,2563,2764,0
split_08,8,test,1248,1283,1
split_08,8,test,2253,2407,0
split_08,8,test,2213,2364,0
split_08,8,test,50,52,1
split_08,8,test,2870,3121,0
split_08,8,test,2237,2389,0
split_08,8,test,934,960,1
split_08,8,test,2471,2657,0
split_08,8,test,1164,1199,1
split_08,8,test,148,151,1
split_08,8,test,2002,2112,0
split_08,8,test,2080,2212,0
split_08,8,test,1994,2104,0
split_08,8,test,1395,1431,1
split_08,8,test,1540,1577,1
split_08,8,test,1608,1647,1
split_08,8,test,391,400,1
split_08,8,test,575,590,1
split_08,8,test,1655,1709,1
split_08,8,test,313,321,1
split_08,8,test,2873,3124,0
split_08,8,test,1210,1245,1
split_08,8,test,463,473,1
split_08,8,test,2954,3211,0
split_08,8,test,640,657,1
split_08,8,test,2966,3226,0
split_08,8,test,1235,1270,1
split_08,8,test,2297,2461,0
split_08,8,test,1689,1747,0
split_08,8,test,2246,2399,0
split_08,8,test,1505,1542,1
split_08,8,test,909,934,1
split_08,8,test,332,340,1
split_08,8,test,891,913,1
split_08,8,test,2845,3094,0
split_08,8,test,1783,1856,0
split_08,8,test,1984,2090,0
split_08,8,test,1596,1635,1
split_08,8,test,167,171,1
split_08,8,test,498,509,1
split_08,8,test,1088,1119,1
split_08,8,test,1105,1138,1
split_08,8,test,969,996,1
split_08,8,test,2038,2161,0
split_08,8,test,236,242,1
split_08,8,test,2868,3119,0
split_08,8,test,376,385,1
split_08,8,test,2087,2221,0
split_08,8,test,1716,1776,0
split_08,8,test,3014,3282,0
split_08,8,test,2302,2471,0
split_08,8,test,2656,2880,0
split_08,8,test,398,407,1
split_08,8,test,58,60,1
split_08,8,test,2040,2164,0
split_08,8,test,1975,2080,0
split_08,8,test,2304,2473,0
split_08,8,test,3103,3385,0
split_08,8,test,242,248,1
split_08,8,test,2788,3032,0
split_08,8,test,2319,2488,0
split_08,8,test,1160,1195,1
split_08,8,test,733,753,1
split_08,8,test,425,434,1
split_08,8,test,1858,1945,0
split_08,8,test,33,34,1
split_08,8,test,3148,3433,0
split_08,8,test,1955,2056,0
split_08,8,test,2587,2792,0
split_08,8,test,2687,2917,0
split_08,8,test,475,485,1
split_08,8,test,2783,3024,0
split_08,8,test,10,11,1
split_08,8,test,1880,1970,0
split_08,8,test,879,901,1
split_08,8,test,2982,3245,0
split_08,8,test,2527,2721,0
split_08,8,test,1611,1652,1
split_08,8,test,2546,2742,0
split_08,8,test,2559,2759,0
split_08,8,test,1197,1232,1
split_08,8,test,679,697,1
split_08,8,test,860,881,1
split_08,8,test,482,492,1
split_08,8,test,515,526,1
split_08,8,test,1714,1774,0
split_08,8,test,2847,3096,0
split_08,8,test,1016,1044,1
split_08,8,test,2629,2848,0
split_08,8,test,1278,1313,1
split_08,8,test,247,253,1
split_08,8,test,1757,1824,0
split_08,8,test,1185,1220,1
split_08,8,test,1365,1401,1
split_08,8,test,1565,1602,1
split_08,8,test,914,939,1
split_08,8,test,2376,2550,0
split_08,8,test,1026,1054,1
split_08,8,test,2605,2818,0
split_08,8,test,2562,2763,0
split_08,8,test,1927,2024,0
split_08,8,test,3087,3366,0
split_08,8,test,2536,2731,0
split_08,8,test,1261,1296,1
split_08,8,test,102,104,1
split_08,8,test,812,833,1
split_08,8,test,971,998,1
split_08,8,test,2989,3253,0
split_08,8,test,652,670,1
split_08,8,test,1990,2099,0
split_08,8,test,2477,2663,0
split_08,8,test,4,5,1
split_08,8,test,720,739,1
split_08,8,test,427,436,1
split_08,8,test,2098,2233,0
split_08,8,test,2572,2775,0
split_08,8,test,381,390,1
split_08,8,test,2624,2842,0
split_08,8,test,3120,3403,0
split_08,8,test,3158,3448,0
split_08,8,test,294,302,1
split_08,8,test,318,326,1
split_08,8,test,2285,2449,0
split_08,8,test,2677,2904,0
split_08,8,test,1268,1303,1
split_08,8,test,1421,1458,1
split_08,8,test,991,1018,1
split_08,8,test,2235,2386,0
split_08,8,test,1866,1954,0
split_08,8,test,1362,1398,1
split_08,8,test,3029,3299,0
split_08,8,test,1513,1550,1
split_08,8,test,534,547,1
split_08,8,test,1739,1801,0
split_08,8,test,2694,2925,0
split_08,8,test,736,756,1
split_08,8,test,531,544,1
split_08,8,test,896,918,1
split_08,8,test,252,258,1
split_08,8,test,1033,1061,1
split_08,8,test,3016,3284,0
split_08,8,test,2726,2959,0
split_08,8,test,2490,2676,0
split_08,8,test,100,102,1
split_08,8,test,166,170,1
split_08,8,test,1047,1075,1
split_08,8,test,2584,2789,0
split_08,8,test,1037,1065,1
split_08,8,test,1485,1522,1
split_08,8,test,2660,2884,0
split_08,8,test,1767,1836,0
split_08,8,test,1332,1367,1
split_08,8,test,1341,1377,1
split_08,8,test,489,499,1
split_08,8,test,1498,1535,1
split_08,8,test,405,414,1
split_08,8,test,2247,2400,0
split_08,8,test,2761,3001,0
split_08,8,test,2547,2743,0
split_08,8,test,373,382,1
split_08,8,test,2009,2125,0
split_08,8,test,2462,2648,0
split_08,8,test,2741,2977,0
split_08,8,test,2607,2820,0
split_08,8,test,1798,1875,0
split_08,8,test,2836,3084,0
split_08,8,test,1324,1359,1
split_08,8,test,3076,3355,0
split_08,8,test,422,431,1
split_08,8,test,1252,1287,1
split_08,8,test,1751,1818,0
split_08,8,test,1514,1551,1
split_08,8,test,2248,2401,0
split_08,8,test,3121,3404,0
split_08,8,test,2259,2414,0
split_08,8,test,3026,3296,0
split_08,8,test,2020,2139,0
split_08,8,test,1748,1814,0
split_08,8,test,2070,2201,0
split_08,8,test,199,205,1
split_08,8,test,3137,3422,0
split_08,8,test,2636,2856,0
split_08,8,test,2450,2635,0
split_08,8,test,1721,1781,0
split_08,8,test,2990,3254,0
split_08,8,test,2930,3186,0
split_08,8,test,1480,1517,1
split_08,8,test,2412,2591,0
split_08,8,test,1760,1827,0
split_08,8,test,2052,2177,0
split_08,8,test,454,464,1
split_08,8,test,1555,1592,1
split_08,8,test,156,160,1
split_08,8,test,1627,1675,1
split_08,8,test,171,175,1
split_08,8,test,626,642,1
split_08,8,test,2126,2262,0
split_08,8,test,1585,1624,1
split_08,8,test,225,231,1
split_08,8,test,3065,3343,0
split_08,8,test,1961,2065,0
split_08,8,test,1448,1485,1
split_08,8,test,1813,1892,0
split_08,8,test,3140,3425,0
split_08,8,test,1609,1650,1
split_08,8,test,2575,2779,0
split_08,8,test,421,430,1
split_08,8,test,928,954,1
split_08,8,test,1542,1579,1
split_08,8,test,1388,1424,1
split_08,8,test,2717,2949,0
split_08,8,test,2094,2229,0
split_08,8,test,2994,3259,0
split_08,8,test,1969,2074,0
split_08,8,test,937,963,1
split_08,8,test,3007,3275,0
split_08,8,test,150,154,1
split_08,8,test,2843,3092,0
split_08,8,test,1499,1536,1
split_08,8,test,1855,1941,0
split_08,8,test,1524,1561,1
split_08,8,test,392,401,1
split_08,8,test,2382,2558,0
split_08,8,test,1096,1128,1
split_08,8,test,2823,3069,0
split_08,8,test,2567,2769,0
split_08,8,test,464,474,1
split_08,8,test,126,128,1
split_08,8,test,935,961,1
split_08,8,test,1622,1667,1
split_08,8,test,1946,2046,0
split_08,8,test,1220,1255,1
split_08,8,test,1856,1942,0
split_08,8,test,240,246,1
split_08,8,test,1368,1404,1
split_08,8,test,1378,1414,1
split_08,8,test,633,650,1
split_08,8,test,481,491,1
split_08,8,test,553,568,1
split_08,8,test,31,32,1
split_08,8,test,3061,3339,0
split_08,8,test,2938,3195,0
split_08,8,test,2054,2179,0
split_08,8,test,566,581,1
split_08,8,test,1806,1883,0
split_08,8,test,12,13,1
split_08,8,test,664,682,1
split_08,8,test,2902,3154,0
split_08,8,test,2340,2511,0
split_08,8,test,2260,2416,0
split_08,8,test,1971,2076,0
split_08,8,test,2428,2609,0
split_08,8,test,99,101,1
split_08,8,test,1899,1991,0
split_08,8,test,2852,3101,0
split_08,8,test,469,479,1
split_08,8,test,1219,1254,1
split_08,8,test,216,222,1
split_08,8,test,1963,2067,0
split_08,8,test,2588,2793,0
split_08,8,test,2669,2896,0
split_08,8,test,1876,1966,0
split_08,8,test,1638,1688,1
split_08,8,test,719,738,1
split_08,8,test,2179,2321,0
split_08,8,test,470,480,1
split_08,8,test,1604,1643,1
split_08,8,test,1792,1867,0
split_08,8,test,2077,2209,0
split_08,8,test,985,1012,1
split_08,8,test,1550,1587,1
split_08,8,test,897,919,1
split_08,8,test,1997,2107,0
split_08,8,test,939,965,1
split_08,8,test,2650,2872,0
split_08,8,test,2288,2452,0
split_08,8,test,2321,2490,0
split_08,8,test,605,620,1
split_08,8,test,2732,2966,0
split_08,8,test,2172,2314,0
split_08,8,test,177,181,1
split_08,8,test,978,1005,1
split_08,8,test,516,527,1
split_08,8,test,789,810,1
split_08,8,test,1658,1712,1
split_08,8,test,2523,2717,0
split_08,8,test,2861,3112,0
split_08,8,test,930,956,1
split_08,8,test,2495,2681,0
split_08,8,test,882,904,1
split_08,8,test,1926,2023,0
split_08,8,test,706,725,1
split_08,8,test,2737,2973,0
split_08,8,test,3021,3290,0
split_08,8,test,1128,1161,1
split_08,8,test,984,1011,1
split_08,8,test,314,322,1
split_08,8,test,2545,2741,0
split_08,8,test,3052,3328,0
split_08,8,test,343,352,1
split_08,8,test,1106,1139,1
split_08,8,test,2684,2914,0
split_08,8,test,263,269,1
split_08,8,test,3046,3320,0
split_08,8,test,3117,3400,0
split_08,8,test,1461,1498,1
split_08,8,test,15,16,1
split_08,8,test,1998,2108,0
split_08,8,test,2150,2289,0
split_08,8,test,1743,1808,0
split_08,8,test,600,615,1
split_08,8,test,2082,2214,0
split_08,8,test,434,443,1
split_08,8,test,1575,1612,1
split_08,8,test,441,450,1
split_08,8,test,2801,3045,0
split_08,8,test,3083,3362,0
split_08,8,test,960,986,1
split_08,8,test,929,955,1
split_08,8,test,2072,2203,0
split_08,8,test,1956,2059,0
split_08,8,test,206,212,1
split_08,8,test,1831,1912,0
split_08,8,test,1935,2032,0
split_08,8,test,836,857,1
split_08,8,test,536,549,1
split_08,8,test,2816,3061,0
split_08,8,test,2320,2489,0
split_08,8,test,2120,2256,0
split_08,8,test,430,439,1
split_08,8,test,654,672,1
split_08,8,test,1650,1704,1
split_08,8,test,269,276,1
split_08,8,test,111,113,1
split_08,8,test,193,198,1
split_08,8,test,449,459,1
split_08,8,test,2457,2642,0
split_08,8,test,3119,3402,0
split_08,8,test,2219,2370,0
split_08,8,test,1184,1219,1
split_08,8,test,1308,1343,1
split_08,8,test,2813,3058,0
split_08,8,test,3057,3335,0
split_08,8,test,787,808,1
split_08,8,test,2245,2398,0
split_08,8,test,1591,1630,1
split_08,8,test,1215,1250,1
split_08,8,test,2758,2996,0
split_08,8,test,927,953,1
split_08,8,test,268,275,1
split_08,8,test,2809,3054,0
split_08,8,test,1217,1252,1
split_08,8,test,484,494,1
split_08,8,test,138,141,1
split_08,8,test,254,260,1
split_08,8,test,1815,1894,0
split_08,8,test,3034,3305,0
split_08,8,test,624,640,1
split_08,8,test,2207,2357,0
split_08,8,test,1718,1778,0
split_08,8,test,857,878,1
split_08,8,test,2748,2984,0
split_08,8,test,223,229,1
split_08,8,test,2361,2532,0
split_08,8,test,2779,3020,0
split_08,8,test,2086,2220,0
split_08,8,test,131,133,1
split_08,8,test,830,851,1
split_08,8,test,1988,2096,0
split_08,8,test,13,14,1
split_09,9,train,3040,3312,0
split_09,9,train,278,285,1
split_09,9,train,579,594,1
split_09,9,train,456,466,1
split_09,9,train,193,198,1
split_09,9,train,205,211,1
split_09,9,train,2373,2544,0
split_09,9,train,1055,1083,1
split_09,9,train,2068,2197,0
split_09,9,train,541,555,1
split_09,9,train,2544,2740,0
split_09,9,train,2394,2570,0
split_09,9,train,2815,3060,0
split_09,9,train,1840,1923,0
split_09,9,train,975,1002,1
split_09,9,train,2732,2966,0
split_09,9,train,407,416,1
split_09,9,train,2505,2691,0
split_09,9,train,144,147,1
split_09,9,train,2926,3182,0
split_09,9,train,1266,1301,1
split_09,9,train,1483,1520,1
split_09,9,train,2755,2992,0
split_09,9,train,2617,2833,0
split_09,9,train,1741,1805,0
split_09,9,train,1038,1066,1
split_09,9,train,1480,1517,1
split_09,9,train,1093,1125,1
split_09,9,train,2751,2988,0
split_09,9,train,893,915,1
split_09,9,train,303,311,1
split_09,9,train,2024,2147,0
split_09,9,train,2528,2722,0
split_09,9,train,2198,2345,0
split_09,9,train,2862,3113,0
split_09,9,train,2220,2371,0
split_09,9,train,2927,3183,0
split_09,9,train,2644,2866,0
split_09,9,train,2886,3137,0
split_09,9,train,2766,3007,0
split_09,9,train,1522,1559,1
split_09,9,train,2002,2112,0
split_09,9,train,271,278,1
split_09,9,train,2964,3223,0
split_09,9,train,1405,1441,1
split_09,9,train,1691,1749,0
split_09,9,train,2488,2674,0
split_09,9,train,3005,3271,0
split_09,9,train,2714,2946,0
split_09,9,train,2511,2698,0
split_09,9,train,2468,2654,0
split_09,9,train,1899,1991,0
split_09,9,train,2193,2339,0
split_09,9,train,1600,1639,1
split_09,9,train,596,611,1
split_09,9,train,184,188,1
split_09,9,train,2932,3188,0
split_09,9,train,2102,2237,0
split_09,9,train,3070,3348,0
split_09,9,train,932,958,1
split_09,9,train,2246,2399,0
split_09,9,train,397,406,1
split_09,9,train,1998,2108,0
split_09,9,train,1054,1082,1
split_09,9,train,2208,2358,0
split_09,9,train,218,224,1
split_09,9,train,266,272,1
split_09,9,train,758,779,1
split_09,9,train,1907,2003,0
split_09,9,train,1100,1132,1
split_09,9,train,357,366,1
split_09,9,train,2124,2260,0
split_09,9,train,1620,1665,1
split_09,9,train,460,470,1
split_09,9,train,933,959,1
split_09,9,train,2838,3086,0
split_09,9,train,272,279,1
split_09,9,train,2191,2336,0
split_09,9,train,3082,3361,0
split_09,9,train,48,50,1
split_09,9,train,570,585,1
split_09,9,train,3100,3381,0
split_09,9,train,1976,2081,0
split_09,9,train,554,569,1
split_09,9,train,1420,1457,1
split_09,9,train,1576,1613,1
split_09,9,train,1140,1174,1
split_09,9,train,2107,2242,0
split_09,9,train,1641,1691,1
split_09,9,train,781,802,1
split_09,9,train,3008,3276,0
split_09,9,train,3111,3394,0
split_09,9,train,491,501,1
split_09,9,train,1700,1759,0
split_09,9,train,545,560,1
split_09,9,train,77,79,1
split_09,9,train,1479,1516,1
split_09,9,train,1170,1205,1
split_09,9,train,2880,3131,0
split_09,9,train,2631,2850,0
split_09,9,train,1404,1440,1
split_09,9,train,2344,2515,0
split_09,9,train,346,355,1
split_09,9,train,1890,1981,0
split_09,9,train,2952,3209,0
split_09,9,train,2814,3059,0
split_09,9,train,2014,2133,0
split_09,9,train,2168,2310,0
split_09,9,train,3137,3422,0
split_09,9,train,331,339,1
split_09,9,train,1516,1553,1
split_09,9,train,2905,3157,0
split_09,9,train,1597,1636,1
split_09,9,train,661,679,1
split_09,9,train,714,733,1
split_09,9,train,2571,2774,0
split_09,9,train,595,610,1
split_09,9,train,2048,2172,0
split_09,9,train,1596,1635,1
split_09,9,train,685,703,1
split_09,9,train,1385,1421,1
split_09,9,train,2074,2206,0
split_09,9,train,2180,2324,0
split_09,9,train,2625,2843,0
split_09,9,train,639,656,1
split_09,9,train,2787,3031,0
split_09,9,train,1283,1318,1
split_09,9,train,1006,1034,1
split_09,9,train,1380,1416,1
split_09,9,train,649,667,1
split_09,9,train,618,633,1
split_09,9,train,2626,2845,0
split_09,9,train,1487,1524,1
split_09,9,train,958,984,1
split_09,9,train,113,115,1
split_09,9,train,2504,2690,0
split_09,9,train,2764,3005,0
split_09,9,train,2697,2929,0
split_09,9,train,605,620,1
split_09,9,train,1345,1381,1
split_09,9,train,1120,1153,1
split_09,9,train,1896,1988,0
split_09,9,train,1251,1286,1
split_09,9,train,2609,2822,0
split_09,9,train,455,465,1
split_09,9,train,2047,2171,0
split_09,9,train,40,42,1
split_09,9,train,1331,1366,1
split_09,9,train,1470,1507,1
split_09,9,train,451,461,1
split_09,9,train,3031,3301,0
split_09,9,train,1921,2017,0
split_09,9,train,358,367,1
split_09,9,train,2433,2615,0
split_09,9,train,1475,1512,1
split_09,9,train,1993,2102,0
split_09,9,train,1045,1073,1
split_09,9,train,1209,1244,1
split_09,9,train,1731,1792,0
split_09,9,train,896,918,1
split_09,9,train,976,1003,1
split_09,9,train,1323,1358,1
split_09,9,train,1390,1426,1
split_09,9,train,2492,2678,0
split_09,9,train,1783,1856,0
split_09,9,train,2968,3228,0
split_09,9,train,813,834,1
split_09,9,train,1320,1355,1
split_09,9,train,1419,1456,1
split_09,9,train,392,401,1
split_09,9,train,1550,1587,1
split_09,9,train,1078,1107,1
split_09,9,train,3058,3336,0
split_09,9,train,803,824,1
split_09,9,train,2127,2263,0
split_09,9,train,2065,2193,0
split_09,9,train,258,264,1
split_09,9,train,569,584,1
split_09,9,train,2117,2253,0
split_09,9,train,1191,1226,1
split_09,9,train,888,910,1
split_09,9,train,1111,1144,1
split_09,9,train,2145,2283,0
split_09,9,train,676,694,1
split_09,9,train,2313,2482,0
split_09,9,train,1454,1491,1
split_09,9,train,425,434,1
split_09,9,train,500,511,1
split_09,9,train,737,757,1
split_09,9,train,2302,2471,0
split_09,9,train,2134,2271,0
split_09,9,train,939,965,1
split_09,9,train,1713,1773,0
split_09,9,train,1900,1992,0
split_09,9,train,2778,3019,0
split_09,9,train,664,682,1
split_09,9,train,3054,3331,0
split_09,9,train,1873,1963,0
split_09,9,train,2092,2227,0
split_09,9,train,741,761,1
split_09,9,train,150,154,1
split_09,9,train,2308,2477,0
split_09,9,train,934,960,1
split_09,9,train,739,759,1
split_09,9,train,577,592,1
split_09,9,train,1682,1739,0
split_09,9,train,2553,2752,0
split_09,9,train,1668,1722,1
split_09,9,train,1386,1422,1
split_09,9,train,2119,2255,0
split_09,9,train,3017,3286,0
split_09,9,train,3130,3415,0
split_09,9,train,2445,2630,0
split_09,9,train,1262,1297,1
split_09,9,train,1430,1467,1
split_09,9,train,245,251,1
split_09,9,train,787,808,1
split_09,9,train,1415,1451,1
split_09,9,train,2954,3211,0
split_09,9,train,1865,1953,0
split_09,9,train,36,37,1
split_09,9,train,2026,2149,0
split_09,9,train,2510,2696,0
split_09,9,train,2395,2571,0
split_09,9,train,2853,3102,0
split_09,9,train,2632,2851,0
split_09,9,train,2291,2455,0
split_09,9,train,3016,3284,0
split_09,9,train,91,93,1
split_09,9,train,1060,1089,1
split_09,9,train,1332,1367,1
split_09,9,train,1936,2034,0
split_09,9,train,2327,2496,0
split_09,9,train,2743,2979,0
split_09,9,train,1585,1624,1
split_09,9,train,948,974,1
split_09,9,train,1609,1650,1
split_09,9,train,694,712,1
split_09,9,train,3131,3416,0
split_09,9,train,1592,1631,1
split_09,9,train,284,291,1
split_09,9,train,1042,1070,1
split_09,9,train,2850,3099,0
split_09,9,train,31,32,1
split_09,9,train,2517,2709,0
split_09,9,train,1451,1488,1
split_09,9,train,3136,3421,0
split_09,9,train,968,994,1
split_09,9,train,1992,2101,0
split_09,9,train,702,721,1
split_09,9,train,1820,1900,0
split_09,9,train,653,671,1
split_09,9,train,60,62,1
split_09,9,train,68,70,1
split_09,9,train,1275,1310,1
split_09,9,train,561,576,1
split_09,9,train,2016,2135,0
split_09,9,train,2629,2848,0
split_09,9,train,2909,3163,0
split_09,9,train,2190,2335,0
split_09,9,train,487,497,1
split_09,9,train,708,727,1
split_09,9,train,2590,2796,0
split_09,9,train,2015,2134,0
split_09,9,train,1240,1275,1
split_09,9,train,1927,2024,0
split_09,9,train,979,1006,1
split_09,9,train,1261,1296,1
split_09,9,train,3081,3360,0
split_09,9,train,1443,1480,1
split_09,9,train,1464,1501,1
split_09,9,train,2227,2378,0
split_09,9,train,2752,2989,0
split_09,9,train,2307,2476,0
split_09,9,train,2888,3139,0
split_09,9,train,1877,1967,0
split_09,9,train,1837,1918,0
split_09,9,train,1389,1425,1
split_09,9,train,1180,1215,1
split_09,9,train,1416,1453,1
split_09,9,train,186,190,1
split_09,9,train,2832,3080,0
split_09,9,train,2114,2249,0
split_09,9,train,1049,1077,1
split_09,9,train,83,85,1
split_09,9,train,1994,2104,0
split_09,9,train,900,923,1
split_09,9,train,1188,1223,1
split_09,9,train,2741,2977,0
split_09,9,train,1161,1196,1
split_09,9,train,1533,1570,1
split_09,9,train,1110,1143,1
split_09,9,train,1929,2026,0
split_09,9,train,2356,2527,0
split_09,9,train,2185,2329,0
split_09,9,train,836,857,1
split_09,9,train,539,553,1
split_09,9,train,2675,2902,0
split_09,9,train,270,277,1
split_09,9,train,938,964,1
split_09,9,train,882,904,1
split_09,9,train,441,450,1
split_09,9,train,2736,2972,0
split_09,9,train,1375,1411,1
split_09,9,train,1540,1577,1
split_09,9,train,2622,2838,0
split_09,9,train,717,736,1
split_09,9,train,1686,1743,0
split_09,9,train,3055,3333,0
split_09,9,train,2437,2619,0
split_09,9,train,1589,1628,1
split_09,9,train,1169,1204,1
split_09,9,train,2458,2643,0
split_09,9,train,2999,3264,0
split_09,9,train,644,661,1
split_09,9,train,2352,2523,0
split_09,9,train,917,942,1
split_09,9,train,1017,1045,1
split_09,9,train,3044,3318,0
split_09,9,train,2790,3034,0
split_09,9,train,257,263,1
split_09,9,train,118,120,1
split_09,9,train,2078,2210,0
split_09,9,train,1101,1133,1
split_09,9,train,2796,3040,0
split_09,9,train,2000,2110,0
split_09,9,train,992,1019,1
split_09,9,train,1098,1130,1
split_09,9,train,1754,1821,0
split_09,9,train,70,72,1
split_09,9,train,2797,3041,0
split_09,9,train,499,510,1
split_09,9,train,2111,2246,0
split_09,9,train,1771,1840,0
split_09,9,train,1693,1751,0
split_09,9,train,3007,3275,0
split_09,9,train,1604,1643,1
split_09,9,train,2570,2773,0
split_09,9,train,625,641,1
split_09,9,train,567,582,1
split_09,9,train,1373,1409,1
split_09,9,train,771,792,1
split_09,9,train,3063,3341,0
split_09,9,train,1622,1667,1
split_09,9,train,1876,1966,0
split_09,9,train,1299,1334,1
split_09,9,train,810,831,1
split_09,9,train,398,407,1
split_09,9,train,1931,2028,0
split_09,9,train,3053,3330,0
split_09,9,train,2998,3263,0
split_09,9,train,1575,1612,1
split_09,9,train,718,737,1
split_09,9,train,2916,3170,0
split_09,9,train,3145,3430,0
split_09,9,train,1252,1287,1
split_09,9,train,360,369,1
split_09,9,train,2224,2375,0
split_09,9,train,2604,2817,0
split_09,9,train,333,342,1
split_09,9,train,686,704,1
split_09,9,train,1473,1510,1
split_09,9,train,1915,2011,0
split_09,9,train,602,617,1
split_09,9,train,3084,3363,0
split_09,9,train,3050,3325,0
split_09,9,train,2454,2639,0
split_09,9,train,0,1,1
split_09,9,train,2422,2602,0
split_09,9,train,2309,2478,0
split_09,9,train,1179,1214,1
split_09,9,train,2712,2944,0
split_09,9,train,1194,1229,1
split_09,9,train,1436,1473,1
split_09,9,train,654,672,1
split_09,9,train,2747,2983,0
split_09,9,train,7,8,1
split_09,9,train,2417,2596,0
split_09,9,train,872,894,1
split_09,9,train,2204,2353,0
split_09,9,train,2976,3236,0
split_09,9,train,750,771,1
split_09,9,train,2912,3166,0
split_09,9,train,3045,3319,0
split_09,9,train,2482,2668,0
split_09,9,train,1834,1915,0
split_09,9,train,2255,2409,0
split_09,9,train,1967,2071,0
split_09,9,train,1348,1384,1
split_09,9,train,2457,2642,0
split_09,9,train,2920,3174,0
split_09,9,train,1028,1056,1
split_09,9,train,2573,2777,0
split_09,9,train,3042,3315,0
split_09,9,train,1659,1713,1
split_09,9,train,2527,2721,0
split_09,9,train,2806,3050,0
split_09,9,train,1710,1770,0
split_09,9,train,160,164,1
split_09,9,train,2774,3015,0
split_09,9,train,1273,1308,1
split_09,9,train,2545,2741,0
split_09,9,train,1968,2073,0
split_09,9,train,2031,2154,0
split_09,9,train,2368,2539,0
split_09,9,train,2538,2733,0
split_09,9,train,507,518,1
split_09,9,train,747,768,1
split_09,9,train,1781,1854,0
split_09,9,train,743,763,1
split_09,9,train,80,82,1
split_09,9,train,2046,2170,0
split_09,9,train,794,815,1
split_09,9,train,2841,3090,0
split_09,9,train,576,591,1
split_09,9,train,71,73,1
split_09,9,train,1263,1298,1
split_09,9,train,92,94,1
split_09,9,train,1733,1794,0
split_09,9,train,1675,1729,1
split_09,9,train,2465,2651,0
split_09,9,train,1388,1424,1
split_09,9,train,502,513,1
split_09,9,train,547,562,1
split_09,9,train,2304,2473,0
split_09,9,train,1064,1093,1
split_09,9,train,424,433,1
split_09,9,train,1578,1615,1
split_09,9,train,1057,1086,1
split_09,9,train,1570,1607,1
split_09,9,train,2339,2510,0
split_09,9,train,2228,2379,0
split_09,9,train,534,547,1
split_09,9,train,119,121,1
split_09,9,train,2169,2311,0
split_09,9,train,172,176,1
split_09,9,train,3051,3327,0
split_09,9,train,2757,2995,0
split_09,9,train,961,987,1
split_09,9,train,98,100,1
split_09,9,train,365,374,1
split_09,9,train,2232,2383,0
split_09,9,train,772,793,1
split_09,9,train,2298,2466,0
split_09,9,train,1218,1253,1
split_09,9,train,2059,2186,0
split_09,9,train,2677,2904,0
split_09,9,train,436,445,1
split_09,9,train,584,599,1
split_09,9,train,1065,1094,1
split_09,9,train,671,689,1
split_09,9,train,1387,1423,1
split_09,9,train,912,937,1
split_09,9,train,3119,3402,0
split_09,9,train,1554,1591,1
split_09,9,train,1766,1833,0
split_09,9,train,1274,1309,1
split_09,9,train,2383,2559,0
split_09,9,train,1080,1110,1
split_09,9,train,1856,1942,0
split_09,9,train,1995,2105,0
split_09,9,train,121,123,1
split_09,9,train,552,567,1
split_09,9,train,1735,1796,0
split_09,9,train,1767,1836,0
split_09,9,train,343,352,1
split_09,9,train,2143,2281,0
split_09,9,train,756,777,1
split_09,9,train,1551,1588,1
split_09,9,train,1520,1557,1
split_09,9,train,524,536,1
split_09,9,train,429,438,1
split_09,9,train,2559,2759,0
split_09,9,train,61,63,1
split_09,9,train,2090,2224,0
split_09,9,train,2719,2951,0
split_09,9,train,827,848,1
split_09,9,train,2244,2397,0
split_09,9,train,1123,1156,1
split_09,9,train,1717,1777,0
split_09,9,train,2910,3164,0
split_09,9,train,1248,1283,1
split_09,9,train,3030,3300,0
split_09,9,train,2452,2637,0
split_09,9,train,44,46,1
split_09,9,train,2885,3136,0
split_09,9,train,1307,1342,1
split_09,9,train,86,88,1
split_09,9,train,2355,2526,0
split_09,9,train,1239,1274,1
split_09,9,train,1954,2055,0
split_09,9,train,2137,2274,0
split_09,9,train,3168,3464,0
split_09,9,train,2934,3191,0
split_09,9,train,2265,2421,0
split_09,9,train,1689,1747,0
split_09,9,train,2387,2563,0
split_09,9,train,856,877,1
split_09,9,train,2710,2942,0
split_09,9,train,2399,2576,0
split_09,9,train,1831,1912,0
split_09,9,train,370,379,1
split_09,9,train,2740,2976,0
split_09,9,train,1447,1484,1
split_09,9,train,868,890,1
split_09,9,train,1152,1186,1
split_09,9,train,2709,2941,0
split_09,9,train,1432,1469,1
split_09,9,train,2257,2412,0
split_09,9,train,2536,2731,0
split_09,9,train,1159,1194,1
split_09,9,train,2496,2682,0
split_09,9,train,1698,1757,0
split_09,9,train,2173,2315,0
split_09,9,train,249,255,1
split_09,9,train,1302,1337,1
split_09,9,train,1727,1787,0
split_09,9,train,2080,2212,0
split_09,9,train,2201,2348,0
split_09,9,train,2798,3042,0
split_09,9,train,181,185,1
split_09,9,train,1099,1131,1
split_09,9,train,2358,2529,0
split_09,9,train,3035,3306,0
split_09,9,train,2666,2891,0
split_09,9,train,39,41,1
split_09,9,train,478,488,1
split_09,9,train,1802,1879,0
split_09,9,train,3113,3396,0
split_09,9,train,1219,1254,1
split_09,9,train,3071,3349,0
split_09,9,train,2054,2179,0
split_09,9,train,1790,1865,0
split_09,9,train,229,235,1
split_09,9,train,1357,1393,1
split_09,9,train,2236,2388,0
split_09,9,train,2430,2611,0
split_09,9,train,1875,1965,0
split_09,9,train,1583,1622,1
split_09,9,train,2618,2834,0
split_09,9,train,12,13,1
split_09,9,train,1284,1319,1
split_09,9,train,1197,1232,1
split_09,9,train,2716,2948,0
split_09,9,train,1509,1546,1
split_09,9,train,1477,1514,1
split_09,9,train,1203,1238,1
split_09,9,train,2568,2770,0
split_09,9,train,2157,2297,0
split_09,9,train,26,27,1
split_09,9,train,1866,1954,0
split_09,9,train,318,326,1
split_09,9,train,1150,1184,1
split_09,9,train,2551,2748,0
split_09,9,train,1648,1698,1
split_09,9,train,1960,2064,0
split_09,9,train,1582,1621,1
split_09,9,train,632,649,1
split_09,9,train,2601,2814,0
split_09,9,train,1664,1718,1
split_09,9,train,1446,1483,1
split_09,9,train,1204,1239,1
split_09,9,train,695,713,1
split_09,9,train,2847,3096,0
split_09,9,train,2756,2993,0
split_09,9,train,178,182,1
split_09,9,train,466,476,1
split_09,9,train,996,1023,1
split_09,9,train,2667,2893,0
split_09,9,train,96,98,1
split_09,9,train,147,150,1
split_09,9,train,3143,3428,0
split_09,9,train,3160,3450,0
split_09,9,train,450,460,1
split_09,9,train,2103,2238,0
split_09,9,train,822,843,1
split_09,9,train,930,956,1
split_09,9,train,1973,2078,0
split_09,9,train,786,807,1
split_09,9,train,733,753,1
split_09,9,train,2099,2234,0
split_09,9,train,1330,1365,1
split_09,9,train,1950,2050,0
split_09,9,train,187,191,1
split_09,9,train,380,389,1
split_09,9,train,687,705,1
split_09,9,train,1026,1054,1
split_09,9,train,1930,2027,0
split_09,9,train,2260,2416,0
split_09,9,train,697,716,1
split_09,9,train,2218,2369,0
split_09,9,train,22,23,1
split_09,9,train,1752,1819,0
split_09,9,train,683,701,1
split_09,9,train,75,77,1
split_09,9,train,2800,3044,0
split_09,9,train,1198,1233,1
split_09,9,train,161,165,1
split_09,9,train,2056,2181,0
split_09,9,train,964,990,1
split_09,9,train,1631,1679,1
split_09,9,train,2717,2949,0
split_09,9,train,591,606,1
split_09,9,train,2840,3089,0
split_09,9,train,454,464,1
split_09,9,train,299,307,1
split_09,9,train,313,321,1
split_09,9,train,2914,3168,0
split_09,9,train,2464,2650,0
split_09,9,train,1988,2096,0
split_09,9,train,551,566,1
split_09,9,train,2235,2386,0
split_09,9,train,1207,1242,1
split_09,9,train,131,133,1
split_09,9,train,2925,3179,0
split_09,9,train,936,962,1
split_09,9,train,2737,2973,0
split_09,9,train,1499,1536,1
split_09,9,train,1803,1880,0
split_09,9,train,2849,3098,0
split_09,9,train,2679,2907,0
split_09,9,train,158,162,1
split_09,9,train,1318,1353,1
split_09,9,train,27,28,1
split_09,9,train,1394,1430,1
split_09,9,train,1280,1315,1
split_09,9,train,2993,3257,0
split_09,9,train,672,690,1
split_09,9,train,1488,1525,1
split_09,9,train,1602,1641,1
split_09,9,train,1421,1458,1
split_09,9,train,2753,2990,0
split_09,9,train,629,645,1
split_09,9,train,2177,2319,0
split_09,9,train,529,542,1
split_09,9,train,1141,1175,1
split_09,9,train,870,892,1
split_09,9,train,655,673,1
split_09,9,train,85,87,1
split_09,9,train,2405,2584,0
split_09,9,train,978,1005,1
split_09,9,train,2188,2333,0
split_09,9,train,807,828,1
split_09,9,train,3166,3462,0
split_09,9,train,1762,1829,0
split_09,9,train,1467,1504,1
split_09,9,train,764,785,1
split_09,9,train,2219,2370,0
split_09,9,train,2689,2919,0
split_09,9,train,1257,1292,1
split_09,9,train,211,217,1
split_09,9,train,1580,1617,1
split_09,9,train,2745,2981,0
split_09,9,train,463,473,1
split_09,9,train,1863,1950,0
split_09,9,train,2837,3085,0
split_09,9,train,631,648,1
split_09,9,train,3038,3310,0
split_09,9,train,859,880,1
split_09,9,train,338,347,1
split_09,9,train,2813,3058,0
split_09,9,train,732,752,1
split_09,9,train,2780,3021,0
split_09,9,train,1911,2007,0
split_09,9,train,2646,2868,0
split_09,9,train,2960,3218,0
split_09,9,train,1183,1218,1
split_09,9,train,2261,2417,0
split_09,9,train,636,653,1
split_09,9,train,494,505,1
split_09,9,train,971,998,1
split_09,9,train,1753,1820,0
split_09,9,train,2871,3122,0
split_09,9,train,169,173,1
split_09,9,train,1895,1987,0
split_09,9,train,2354,2525,0
split_09,9,train,874,896,1
split_09,9,train,2762,3002,0
split_09,9,train,620,635,1
split_09,9,train,2388,2564,0
split_09,9,train,323,331,1
split_09,9,train,104,106,1
split_09,9,train,1428,1465,1
split_09,9,train,984,1011,1
split_09,9,train,1002,1029,1
split_09,9,train,674,692,1
split_09,9,train,927,953,1
split_09,9,train,15,16,1
split_09,9,train,2153,2293,0
split_09,9,train,250,256,1
split_09,9,train,707,726,1
split_09,9,train,1544,1581,1
split_09,9,train,850,871,1
split_09,9,train,2980,3243,0
split_09,9,train,1898,1990,0
split_09,9,train,1400,1436,1
split_09,9,train,1433,1470,1
split_09,9,train,660,678,1
split_09,9,train,2128,2264,0
split_09,9,train,1826,1906,0
split_09,9,train,1142,1176,1
split_09,9,train,1658,1712,1
split_09,9,train,2881,3132,0
split_09,9,train,1382,1418,1
split_09,9,train,2863,3114,0
split_09,9,train,2038,2161,0
split_09,9,train,2096,2231,0
split_09,9,train,1924,2020,0
split_09,9,train,871,893,1
split_09,9,train,2129,2265,0
split_09,9,train,2446,2631,0
split_09,9,train,3021,3290,0
split_09,9,train,2187,2331,0
split_09,9,train,129,131,1
split_09,9,train,2620,2836,0
split_09,9,train,2112,2247,0
split_09,9,train,3165,3461,0
split_09,9,train,1515,1552,1
split_09,9,train,1043,1071,1
split_09,9,train,54,56,1
split_09,9,train,1102,1134,1
split_09,9,train,1949,2049,0
split_09,9,train,2722,2955,0
split_09,9,train,2475,2661,0
split_09,9,train,1083,1113,1
split_09,9,train,2286,2450,0
split_09,9,train,2792,3036,0
split_09,9,train,480,490,1
split_09,9,train,2973,3233,0
split_09,9,train,831,852,1
split_09,9,train,108,110,1
split_09,9,train,3089,3368,0
split_09,9,train,2645,2867,0
split_09,9,train,216,222,1
split_09,9,train,844,865,1
split_09,9,train,2746,2982,0
split_09,9,train,532,545,1
split_09,9,train,486,496,1
split_09,9,train,2918,3172,0
split_09,9,train,865,887,1
split_09,9,train,237,243,1
split_09,9,train,461,471,1
split_09,9,train,779,800,1
split_09,9,train,891,913,1
split_09,9,train,255,261,1
split_09,9,train,6,7,1
split_09,9,train,622,638,1
split_09,9,train,1944,2042,0
split_09,9,train,2959,3217,0
split_09,9,train,2996,3261,0
split_09,9,train,293,301,1
split_09,9,train,1094,1126,1
split_09,9,train,1667,1721,1
split_09,9,train,30,31,1
split_09,9,train,1755,1822,0
split_09,9,train,2607,2820,0
split_09,9,train,2400,2577,0
split_09,9,train,1942,2040,0
split_09,9,train,1133,1167,1
split_09,9,train,379,388,1
split_09,9,train,1722,1782,0
split_09,9,train,2685,2915,0
split_09,9,train,1567,1604,1
split_09,9,train,2167,2309,0
split_09,9,train,2761,3001,0
split_09,9,train,2083,2215,0
split_09,9,train,706,725,1
split_09,9,train,1572,1609,1
split_09,9,train,72,74,1
split_09,9,train,296,304,1
split_09,9,train,1149,1183,1
split_09,9,train,583,598,1
split_09,9,train,1069,1098,1
split_09,9,train,1618,1661,1
split_09,9,train,1855,1941,0
split_09,9,train,1812,1890,0
split_09,9,train,2541,2736,0
split_09,9,train,884,906,1
split_09,9,train,367,376,1
split_09,9,train,1579,1616,1
split_09,9,train,2898,3150,0
split_09,9,train,2938,3195,0
split_09,9,train,1085,1115,1
split_09,9,train,409,418,1
split_09,9,train,1782,1855,0
split_09,9,train,1920,2016,0
split_09,9,train,1889,1980,0
split_09,9,train,2530,2724,0
split_09,9,train,234,240,1
split_09,9,train,1765,1832,0
split_09,9,train,2829,3076,0
split_09,9,train,2521,2715,0
split_09,9,train,101,103,1
split_09,9,train,2598,2807,0
split_09,9,train,2917,3171,0
split_09,9,train,431,440,1
split_09,9,train,2085,2218,0
split_09,9,train,1524,1561,1
split_09,9,train,2878,3129,0
split_09,9,train,295,303,1
split_09,9,train,2989,3253,0
split_09,9,train,1651,1705,1
split_09,9,train,2802,3046,0
split_09,9,train,2613,2827,0
split_09,9,train,2435,2617,0
split_09,9,train,1351,1387,1
split_09,9,train,102,104,1
split_09,9,train,326,334,1
split_09,9,train,1321,1356,1
split_09,9,train,829,850,1
split_09,9,train,484,494,1
split_09,9,train,2537,2732,0
split_09,9,train,2365,2536,0
split_09,9,train,2638,2858,0
split_09,9,train,1398,1434,1
split_09,9,train,2874,3125,0
split_09,9,train,477,487,1
split_09,9,train,903,926,1
split_09,9,train,1051,1079,1
split_09,9,train,55,57,1
split_09,9,train,1235,1270,1
split_09,9,train,32,33,1
split_09,9,train,82,84,1
split_09,9,train,1729,1790,0
split_09,9,train,421,430,1
split_09,9,train,378,387,1
split_09,9,train,811,832,1
split_09,9,train,2473,2659,0
split_09,9,train,1937,2035,0
split_09,9,train,2686,2916,0
split_09,9,train,3048,3322,0
split_09,9,train,167,171,1
split_09,9,train,2432,2614,0
split_09,9,train,1135,1169,1
split_09,9,train,1543,1580,1
split_09,9,train,742,762,1
split_09,9,train,902,925,1
split_09,9,train,1155,1189,1
split_09,9,train,2206,2356,0
split_09,9,train,1128,1161,1
split_09,9,train,1032,1060,1
split_09,9,train,2212,2362,0
split_09,9,train,354,363,1
split_09,9,train,2866,3117,0
split_09,9,train,4,5,1
split_09,9,train,1819,1899,0
split_09,9,train,1259,1294,1
split_09,9,train,2887,3138,0
split_09,9,train,2772,3013,0
split_09,9,train,748,769,1
split_09,9,train,1610,1651,1
split_09,9,train,1888,1979,0
split_09,9,train,1945,2043,0
split_09,9,train,2855,3105,0
split_09,9,train,765,786,1
split_09,9,train,753,774,1
split_09,9,train,1518,1555,1
split_09,9,train,2808,3053,0
split_09,9,train,2942,3199,0
split_09,9,train,537,550,1
split_09,9,train,2520,2714,0
split_09,9,train,1324,1359,1
split_09,9,train,2252,2405,0
split_09,9,train,2025,2148,0
split_09,9,train,3052,3328,0
split_09,9,train,775,796,1
split_09,9,train,2034,2157,0
split_09,9,train,909,934,1
split_09,9,train,2532,2726,0
split_09,9,train,965,991,1
split_09,9,train,2270,2427,0
split_09,9,train,2241,2393,0
split_09,9,train,1335,1370,1
split_09,9,train,1548,1585,1
split_09,9,train,2264,2420,0
split_09,9,train,953,979,1
split_09,9,train,1224,1259,1
split_09,9,train,2576,2781,0
split_09,9,train,2581,2786,0
split_09,9,train,1728,1788,0
split_09,9,train,1411,1447,1
split_09,9,train,1870,1960,0
split_09,9,train,3032,3302,0
split_09,9,train,1720,1780,0
split_09,9,train,2979,3242,0
split_09,9,train,84,86,1
split_09,9,train,999,1026,1
split_09,9,train,2277,2435,0
split_09,9,train,1465,1502,1
split_09,9,train,509,520,1
split_09,9,train,2705,2937,0
split_09,9,train,1734,1795,0
split_09,9,train,3026,3296,0
split_09,9,train,949,975,1
split_09,9,train,1786,1859,0
split_09,9,train,1553,1590,1
split_09,9,train,514,525,1
split_09,9,train,2214,2365,0
split_09,9,train,396,405,1
split_09,9,train,190,195,1
split_09,9,train,364,373,1
split_09,9,train,1906,2002,0
split_09,9,train,497,508,1
split_09,9,train,2196,2343,0
split_09,9,train,228,234,1
split_09,9,train,2011,2130,0
split_09,9,train,309,317,1
split_09,9,train,330,338,1
split_09,9,train,1848,1933,0
split_09,9,train,1009,1037,1
split_09,9,train,2276,2434,0
split_09,9,train,2894,3146,0
split_09,9,train,928,954,1
split_09,9,train,2635,2854,0
split_09,9,train,2997,3262,0
split_09,9,train,642,659,1
split_09,9,train,1759,1826,0
split_09,9,train,1595,1634,1
split_09,9,train,3013,3281,0
split_09,9,train,1811,1889,0
split_09,9,train,263,269,1
split_09,9,train,1014,1042,1
split_09,9,train,2409,2588,0
split_09,9,train,2502,2688,0
split_09,9,train,2801,3045,0
split_09,9,train,2412,2591,0
split_09,9,train,2585,2790,0
split_09,9,train,267,274,1
split_09,9,train,1081,1111,1
split_09,9,train,373,382,1
split_09,9,train,1789,1864,0
split_09,9,train,41,43,1
split_09,9,train,1656,1710,1
split_09,9,train,225,231,1
split_09,9,train,2429,2610,0
split_09,9,train,2891,3142,0
split_09,9,train,322,330,1
split_09,9,train,563,578,1
split_09,9,train,560,575,1
split_09,9,train,2471,2657,0
split_09,9,train,110,112,1
split_09,9,train,2045,2169,0
split_09,9,train,1146,1180,1
split_09,9,train,3034,3305,0
split_09,9,train,89,91,1
split_09,9,train,941,967,1
split_09,9,train,2701,2933,0
split_09,9,train,2563,2764,0
split_09,9,train,1244,1279,1
split_09,9,train,2970,3230,0
split_09,9,train,1368,1404,1
split_09,9,train,2506,2692,0
split_09,9,train,954,980,1
split_09,9,train,879,901,1
split_09,9,train,1227,1262,1
split_09,9,train,796,817,1
split_09,9,train,2748,2984,0
split_09,9,train,2343,2514,0
split_09,9,train,240,246,1
split_09,9,train,139,142,1
split_09,9,train,606,621,1
split_09,9,train,1029,1057,1
split_09,9,train,1521,1558,1
split_09,9,train,2939,3196,0
split_09,9,train,2595,2803,0
split_09,9,train,587,602,1
split_09,9,train,729,749,1
split_09,9,train,1825,1905,0
split_09,9,train,650,668,1
split_09,9,train,603,618,1
split_09,9,train,2653,2877,0
split_09,9,train,598,613,1
split_09,9,train,513,524,1
split_09,9,train,1687,1745,0
split_09,9,train,2333,2503,0
split_09,9,train,1816,1895,0
split_09,9,train,2459,2644,0
split_09,9,train,2326,2495,0
split_09,9,train,3127,3412,0
split_09,9,train,464,474,1
split_09,9,train,1961,2065,0
split_09,9,train,170,174,1
split_09,9,train,1784,1857,0
split_09,9,train,1644,1694,1
split_09,9,train,1719,1779,0
split_09,9,train,2678,2906,0
split_09,9,train,124,126,1
split_09,9,train,1441,1478,1
split_09,9,train,1347,1383,1
split_09,9,train,1096,1128,1
split_09,9,train,2783,3024,0
split_09,9,train,1145,1179,1
split_09,9,train,413,422,1
split_09,9,train,849,870,1
split_09,9,train,825,846,1
split_09,9,train,1883,1973,0
split_09,9,train,881,903,1
split_09,9,train,2012,2131,0
split_09,9,train,2186,2330,0
split_09,9,train,2371,2542,0
split_09,9,train,2259,2414,0
split_09,9,train,2861,3112,0
split_09,9,train,1195,1230,1
split_09,9,train,1990,2099,0
split_09,9,train,2515,2707,0
split_09,9,train,2600,2812,0
split_09,9,train,501,512,1
split_09,9,train,2101,2236,0
split_09,9,train,565,580,1
split_09,9,train,342,351,1
split_09,9,train,783,804,1
split_09,9,train,705,724,1
split_09,9,train,688,706,1
split_09,9,train,768,789,1
split_09,9,train,580,595,1
split_09,9,train,2410,2589,0
split_09,9,train,1928,2025,0
split_09,9,train,1632,1680,1
split_09,9,train,2408,2587,0
split_09,9,train,1260,1295,1
split_09,9,train,951,977,1
split_09,9,train,1190,1225,1
split_09,9,train,2812,3057,0
split_09,9,train,2115,2250,0
split_09,9,train,1136,1170,1
split_09,9,train,2983,3246,0
split_09,9,train,2867,3118,0
split_09,9,train,2001,2111,0
split_09,9,train,1630,1678,1
split_09,9,train,49,51,1
split_09,9,train,1281,1316,1
split_09,9,train,816,837,1
split_09,9,train,504,515,1
split_09,9,train,2381,2557,0
split_09,9,train,1445,1482,1
split_09,9,train,1684,1741,0
split_09,9,train,1238,1273,1
split_09,9,train,1131,1165,1
split_09,9,train,2971,3231,0
split_09,9,train,1442,1479,1
split_09,9,train,294,302,1
split_09,9,train,1164,1199,1
split_09,9,train,1847,1932,0
split_09,9,train,1892,1983,0
split_09,9,train,2565,2767,0
split_09,9,train,2331,2501,0
split_09,9,train,328,336,1
split_09,9,train,2130,2266,0
split_09,9,train,2148,2287,0
split_09,9,train,2749,2985,0
split_09,9,train,476,486,1
split_09,9,train,692,710,1
split_09,9,train,3079,3358,0
split_09,9,train,994,1021,1
split_09,9,train,1628,1676,1
split_09,9,train,388,397,1
split_09,9,train,2142,2280,0
split_09,9,train,1763,1830,0
split_09,9,train,873,895,1
split_09,9,train,854,875,1
split_09,9,train,337,346,1
split_09,9,train,2543,2739,0
split_09,9,train,122,124,1
split_09,9,train,1653,1707,1
split_09,9,train,2769,3010,0
split_09,9,train,329,337,1
split_09,9,train,1813,1892,0
split_09,9,train,8,9,1
split_09,9,train,3123,3406,0
split_09,9,train,2827,3074,0
split_09,9,train,1187,1222,1
split_09,9,train,2456,2641,0
split_09,9,train,2493,2679,0
split_09,9,train,1237,1272,1
split_09,9,train,2642,2864,0
split_09,9,train,1849,1935,0
split_09,9,train,1393,1429,1
split_09,9,train,212,218,1
split_09,9,train,1739,1801,0
split_09,9,train,79,81,1
split_09,9,train,538,552,1
split_09,9,train,3087,3366,0
split_09,9,train,2795,3039,0
split_09,9,train,317,325,1
split_09,9,train,197,203,1
split_09,9,train,861,883,1
split_09,9,train,962,988,1
split_09,9,train,2584,2789,0
split_09,9,train,198,204,1
split_09,9,train,1671,1725,1
split_09,9,train,1702,1761,0
split_09,9,train,1563,1600,1
split_09,9,train,3090,3369,0
split_09,9,train,969,996,1
split_09,9,train,2237,2389,0
split_09,9,train,2032,2155,0
split_09,9,train,1742,1807,0
split_09,9,train,2730,2964,0
split_09,9,train,898,920,1
split_09,9,train,1001,1028,1
split_09,9,train,1018,1046,1
split_09,9,train,2809,3054,0
split_09,9,train,2222,2373,0
split_09,9,train,151,155,1
split_09,9,train,2953,3210,0
split_09,9,train,1172,1207,1
split_09,9,train,1556,1593,1
split_09,9,train,1469,1506,1
split_09,9,train,2694,2925,0
split_09,9,train,1154,1188,1
split_09,9,train,2786,3030,0
split_09,9,train,1392,1428,1
split_09,9,train,2704,2936,0
split_09,9,train,3047,3321,0
split_09,9,train,1666,1720,1
split_09,9,train,2306,2475,0
split_09,9,train,1830,1910,0
split_09,9,train,2079,2211,0
split_09,9,train,1278,1313,1
split_09,9,train,1832,1913,0
split_09,9,train,947,973,1
split_09,9,train,472,482,1
split_09,9,train,1189,1224,1
split_09,9,train,1439,1476,1
split_09,9,train,2282,2441,0
split_09,9,train,2411,2590,0
split_09,9,train,2818,3064,0
split_09,9,train,1514,1551,1
split_09,9,train,2577,2782,0
split_09,9,train,851,872,1
split_09,9,train,2785,3027,0
split_09,9,train,1361,1397,1
split_09,9,train,1246,1281,1
split_09,9,train,1669,1723,1
split_09,9,train,2659,2883,0
split_09,9,train,449,459,1
split_09,9,train,1210,1245,1
split_09,9,train,1297,1332,1
split_09,9,train,792,813,1
split_09,9,train,2378,2553,0
split_09,9,train,2380,2555,0
split_09,9,train,668,686,1
split_09,9,train,2897,3149,0
split_09,9,train,1200,1235,1
split_09,9,train,2899,3151,0
split_09,9,train,1546,1583,1
split_09,9,train,1063,1092,1
split_09,9,train,2147,2286,0
split_09,9,train,1963,2067,0
split_09,9,train,2398,2575,0
split_09,9,train,3112,3395,0
split_09,9,train,301,309,1
split_09,9,train,866,888,1
split_09,9,train,2750,2987,0
split_09,9,train,3133,3418,0
split_09,9,train,1881,1971,0
split_09,9,train,2350,2521,0
split_09,9,train,549,564,1
split_09,9,train,233,239,1
split_09,9,train,812,833,1
split_09,9,train,680,698,1
split_09,9,train,99,101,1
split_09,9,train,1052,1080,1
split_09,9,train,351,360,1
split_09,9,train,173,177,1
split_09,9,train,2839,3087,0
split_09,9,train,2294,2458,0
split_09,9,train,1905,2000,0
split_09,9,train,3074,3353,0
split_09,9,train,728,748,1
split_09,9,train,2226,2377,0
split_09,9,train,2924,3178,0
split_09,9,train,1108,1141,1
split_09,9,train,2788,3032,0
split_09,9,train,1270,1305,1
split_09,9,train,2211,2361,0
split_09,9,train,3138,3423,0
split_09,9,train,3093,3373,0
split_09,9,train,1779,1852,0
split_09,9,train,894,916,1
split_09,9,train,590,605,1
split_09,9,train,2982,3245,0
split_09,9,train,375,384,1
split_09,9,train,1708,1767,0
split_09,9,train,1910,2006,0
split_09,9,train,754,775,1
split_09,9,train,1861,1948,0
split_09,9,train,763,784,1
split_09,9,train,2519,2713,0
split_09,9,train,1805,1882,0
split_09,9,train,1070,1099,1
split_09,9,train,643,660,1
split_09,9,train,2623,2841,0
split_09,9,train,2005,2116,0
split_09,9,train,2599,2808,0
split_09,9,train,1512,1549,1
split_09,9,train,858,879,1
split_09,9,train,1309,1344,1
split_09,9,train,1637,1687,1
split_09,9,train,1241,1276,1
split_09,9,train,1809,1887,0
split_09,9,train,1041,1069,1
split_09,9,train,335,344,1
split_09,9,train,526,538,1
split_09,9,train,62,64,1
split_09,9,train,2742,2978,0
split_09,9,train,2877,3128,0
split_09,9,train,393,402,1
split_09,9,train,1574,1611,1
split_09,9,train,3012,3280,0
split_09,9,train,1681,1737,0
split_09,9,train,1285,1320,1
split_09,9,train,1662,1716,1
split_09,9,train,2799,3043,0
split_09,9,train,2151,2290,0
split_09,9,train,2893,3145,0
split_09,9,train,2882,3133,0
split_09,9,train,1424,1461,1
split_09,9,train,3132,3417,0
split_09,9,train,1113,1146,1
split_09,9,train,2811,3056,0
split_09,9,train,2557,2757,0
split_09,9,train,988,1015,1
split_09,9,train,5,6,1
split_09,9,train,1986,2092,0
split_09,9,train,837,858,1
split_09,9,train,1633,1681,1
split_09,9,train,1171,1206,1
split_09,9,train,690,708,1
split_09,9,train,2035,2158,0
split_09,9,train,1842,1925,0
split_09,9,train,459,469,1
split_09,9,train,1529,1566,1
split_09,9,train,1228,1263,1
split_09,9,train,556,571,1
split_09,9,train,2865,3116,0
split_09,9,train,2258,2413,0
split_09,9,train,1639,1689,1
split_09,9,train,1891,1982,0
split_09,9,train,1772,1841,0
split_09,9,train,133,136,1
split_09,9,train,1036,1064,1
split_09,9,train,3043,3317,0
split_09,9,train,2051,2176,0
split_09,9,train,1062,1091,1
split_09,9,train,2349,2520,0
split_09,9,train,2110,2245,0
split_09,9,train,374,383,1
split_09,9,train,536,549,1
split_09,9,train,493,504,1
split_09,9,train,2490,2676,0
split_09,9,train,1147,1181,1
split_09,9,train,1016,1044,1
split_09,9,train,2698,2930,0
split_09,9,train,116,118,1
split_09,9,train,2860,3111,0
split_09,9,train,2314,2483,0
split_09,9,train,1196,1231,1
split_09,9,train,481,491,1
split_09,9,train,2950,3207,0
split_09,9,train,2288,2452,0
split_09,9,train,1040,1068,1
split_09,9,train,1571,1608,1
split_09,9,train,698,717,1
split_09,9,train,3103,3385,0
split_09,9,train,795,816,1
split_09,9,train,985,1012,1
split_09,9,train,2443,2628,0
split_09,9,train,799,820,1
split_09,9,train,369,378,1
split_09,9,train,1365,1401,1
split_09,9,train,1504,1541,1
split_09,9,train,389,398,1
split_09,9,train,1619,1664,1
split_09,9,train,3037,3309,0
split_09,9,train,1646,1696,1
split_09,9,train,251,257,1
split_09,9,train,1740,1803,0
split_09,9,train,1137,1171,1
split_09,9,train,17,18,1
split_09,9,train,2593,2799,0
split_09,9,train,2467,2653,0
split_09,9,train,2879,3130,0
split_09,9,train,633,650,1
split_09,9,train,2913,3167,0
split_09,9,train,575,590,1
split_09,9,train,3162,3458,0
split_09,9,train,1882,1972,0
split_09,9,train,1677,1731,1
split_09,9,train,749,770,1
split_09,9,train,1114,1147,1
split_09,9,train,1634,1682,1
split_09,9,train,740,760,1
split_09,9,train,286,294,1
split_09,9,train,1680,1734,0
split_09,9,train,845,866,1
split_09,9,train,784,805,1
split_09,9,train,1346,1382,1
split_09,9,train,238,244,1
split_09,9,train,2063,2191,0
split_09,9,train,1229,1264,1
split_09,9,train,2279,2438,0
split_09,9,train,2692,2923,0
split_09,9,train,2402,2580,0
split_09,9,train,2225,2376,0
split_09,9,train,2943,3200,0
split_09,9,train,298,306,1
split_09,9,train,857,878,1
split_09,9,train,1843,1928,0
split_09,9,train,2477,2663,0
split_09,9,train,2822,3068,0
split_09,9,train,1721,1781,0
split_09,9,train,1844,1929,0
split_09,9,train,2991,3255,0
split_09,9,train,1663,1717,1
split_09,9,train,3064,3342,0
split_09,9,train,2332,2502,0
split_09,9,train,265,271,1
split_09,9,train,1463,1500,1
split_09,9,train,3121,3404,0
split_09,9,train,2784,3026,0
split_09,9,train,1384,1420,1
split_09,9,train,1638,1688,1
split_09,9,train,1327,1362,1
split_09,9,train,3114,3397,0
split_09,9,train,2146,2285,0
split_09,9,train,760,781,1
split_09,9,train,511,522,1
split_09,9,train,2911,3165,0
split_09,9,train,1555,1592,1
split_09,9,train,1383,1419,1
split_09,9,train,135,138,1
split_09,9,train,452,462,1
split_09,9,train,1773,1842,0
split_09,9,train,1768,1837,0
split_09,9,train,2508,2694,0
split_09,9,train,571,586,1
split_09,9,train,901,924,1
split_09,9,train,483,493,1
split_09,9,train,1012,1040,1
split_09,9,train,320,328,1
split_09,9,train,217,223,1
split_09,9,train,2192,2338,0
split_09,9,train,782,803,1
split_09,9,train,53,55,1
split_09,9,train,182,186,1
split_09,9,train,2660,2884,0
split_09,9,train,2782,3023,0
split_09,9,train,2923,3177,0
split_09,9,train,103,105,1
split_09,9,train,646,664,1
split_09,9,train,349,358,1
split_09,9,train,3033,3304,0
split_09,9,train,143,146,1
split_09,9,train,1138,1172,1
split_09,9,train,1590,1629,1
split_09,9,train,1523,1560,1
split_09,9,train,1046,1074,1
split_09,9,train,50,52,1
split_09,9,train,3170,3466,0
split_09,9,train,2262,2418,0
split_09,9,train,2215,2366,0
split_09,9,train,647,665,1
split_09,9,train,2209,2359,0
split_09,9,train,2856,3106,0
split_09,9,train,512,523,1
split_09,9,train,1932,2029,0
split_09,9,train,410,419,1
split_09,9,train,2095,2230,0
split_09,9,train,963,989,1
split_09,9,train,1317,1352,1
split_09,9,train,1030,1058,1
split_09,9,train,2640,2860,0
split_09,9,train,2851,3100,0
split_09,9,train,262,268,1
split_09,9,train,1814,1893,0
split_09,9,train,2064,2192,0
split_09,9,train,453,463,1
split_09,9,train,2817,3063,0
split_09,9,train,1220,1255,1
split_09,9,train,790,811,1
split_09,9,train,1232,1267,1
split_09,9,train,341,350,1
split_09,9,train,1625,1673,1
split_09,9,train,1426,1463,1
split_09,9,train,1793,1868,0
split_09,9,train,1751,1818,0
split_09,9,train,715,734,1
split_09,9,train,2820,3066,0
split_09,9,train,890,912,1
split_09,9,train,1377,1413,1
split_09,9,train,362,371,1
split_09,9,train,2284,2448,0
split_09,9,train,2164,2306,0
split_09,9,train,3076,3355,0
split_09,9,train,2329,2498,0
split_09,9,train,1922,2018,0
split_09,9,train,1468,1505,1
split_09,9,train,757,778,1
split_09,9,train,2525,2719,0
split_09,9,train,1,2,1
split_09,9,train,495,506,1
split_09,9,train,3028,3298,0
split_09,9,train,1903,1998,0
split_09,9,train,105,107,1
split_09,9,train,722,741,1
split_09,9,train,2834,3082,0
split_09,9,train,1254,1289,1
split_09,9,train,1255,1290,1
split_09,9,train,2670,2897,0
split_09,9,train,428,437,1
split_09,9,train,23,24,1
split_09,9,train,1747,1813,0
split_09,9,train,2385,2561,0
split_09,9,train,3059,3337,0
split_09,9,train,1129,1162,1
split_09,9,train,819,840,1
split_09,9,train,2295,2459,0
split_09,9,train,1685,1742,0
split_09,9,train,1178,1213,1
split_09,9,train,399,408,1
split_09,9,train,2676,2903,0
split_09,9,train,2158,2298,0
split_09,9,train,2649,2871,0
split_09,9,train,2735,2971,0
split_09,9,train,2608,2821,0
split_09,9,train,2301,2470,0
split_09,9,train,3142,3427,0
split_09,9,train,467,477,1
split_09,9,train,1503,1540,1
split_09,9,train,2715,2947,0
split_09,9,train,2113,2248,0
split_09,9,train,864,886,1
split_09,9,train,2316,2485,0
split_09,9,train,1953,2054,0
split_09,9,train,2125,2261,0
split_09,9,train,1956,2059,0
split_09,9,train,2418,2597,0
split_09,9,train,1991,2100,0
split_09,9,train,3151,3438,0
split_09,9,train,1764,1831,0
split_09,9,train,123,125,1
split_09,9,train,1530,1567,1
split_09,9,train,24,25,1
split_09,9,train,609,624,1
split_09,9,train,2503,2689,0
split_09,9,train,1566,1603,1
split_09,9,train,2018,2137,0
split_09,9,train,634,651,1
split_09,9,train,289,297,1
split_09,9,train,736,756,1
split_09,9,train,2174,2316,0
split_09,9,train,1311,1346,1
split_09,9,train,2630,2849,0
split_09,9,train,2138,2276,0
split_09,9,train,3105,3388,0
split_09,9,train,1119,1152,1
split_09,9,train,1077,1106,1
split_09,9,train,2292,2456,0
split_09,9,train,1300,1335,1
split_09,9,train,585,600,1
split_09,9,train,1450,1487,1
split_09,9,train,1957,2060,0
split_09,9,train,2946,3203,0
split_09,9,train,1158,1193,1
split_09,9,train,2884,3135,0
split_09,9,train,1369,1405,1
split_09,9,train,1213,1248,1
split_09,9,train,1670,1724,1
split_09,9,train,2513,2700,0
split_09,9,train,1528,1565,1
split_09,9,train,117,119,1
split_09,9,train,1547,1584,1
split_09,9,train,1872,1962,0
split_09,9,train,2321,2490,0
split_09,9,train,444,453,1
split_09,9,train,448,458,1
split_09,9,train,1655,1709,1
split_09,9,train,3060,3338,0
split_09,9,train,2121,2257,0
split_09,9,train,1449,1486,1
split_09,9,train,2695,2927,0
split_09,9,train,2020,2139,0
split_09,9,train,1676,1730,1
split_09,9,train,2010,2129,0
split_09,9,train,1692,1750,0
split_09,9,train,1466,1503,1
split_09,9,train,1806,1883,0
split_09,9,train,2330,2500,0
split_09,9,train,1222,1257,1
split_09,9,train,1396,1432,1
split_09,9,train,1527,1564,1
split_09,9,train,808,829,1
split_09,9,train,232,238,1
split_09,9,train,242,248,1
split_09,9,train,821,842,1
split_09,9,train,1364,1400,1
split_09,9,train,76,78,1
split_09,9,train,520,532,1
split_09,9,train,2727,2961,0
split_09,9,train,2370,2541,0
split_09,9,train,1022,1050,1
split_09,9,train,1422,1459,1
split_09,9,train,1208,1243,1
split_09,9,train,1541,1578,1
split_09,9,train,682,700,1
split_09,9,train,2233,2384,0
split_09,9,train,282,289,1
split_09,9,train,3097,3378,0
split_09,9,train,1202,1237,1
split_09,9,train,1104,1137,1
split_09,9,train,391,400,1
split_09,9,train,2791,3035,0
split_09,9,train,3078,3357,0
split_09,9,train,2217,2368,0
split_09,9,train,1661,1715,1
split_09,9,train,2197,2344,0
split_09,9,train,2606,2819,0
split_09,9,train,645,663,1
split_09,9,train,2945,3202,0
split_09,9,train,2003,2113,0
split_09,9,train,3020,3289,0
split_09,9,train,997,1024,1
split_09,9,train,252,258,1
split_09,9,train,1091,1123,1
split_09,9,train,2360,2531,0
split_09,9,train,42,44,1
split_09,9,train,69,71,1
split_09,9,train,1271,1306,1
split_09,9,train,292,300,1
split_09,9,train,2487,2673,0
split_09,9,train,248,254,1
split_09,9,train,1923,2019,0
split_09,9,train,2369,2540,0
split_09,9,train,1599,1638,1
split_09,9,train,878,900,1
split_09,9,train,1635,1683,1
split_09,9,train,940,966,1
split_09,9,train,2707,2939,0
split_09,9,train,1552,1589,1
split_09,9,train,417,426,1
split_09,9,train,1537,1574,1
split_09,9,train,1457,1494,1
split_09,9,train,18,19,1
split_09,9,train,2109,2244,0
split_09,9,train,2182,2326,0
split_09,9,train,395,404,1
split_09,9,train,219,225,1
split_09,9,train,475,485,1
split_09,9,train,2575,2779,0
split_09,9,train,919,944,1
split_09,9,train,1621,1666,1
split_09,9,train,2546,2742,0
split_09,9,train,3109,3392,0
split_09,9,train,1879,1969,0
split_09,9,train,107,109,1
split_09,9,train,3002,3268,0
split_09,9,train,279,286,1
split_09,9,train,1823,1903,0
split_09,9,train,3158,3448,0
split_09,9,train,290,298,1
split_09,9,train,924,950,1
split_09,9,train,923,949,1
split_09,9,train,1690,1748,0
split_09,9,train,3152,3439,0
split_09,9,train,2672,2899,0
split_09,9,train,2803,3047,0
split_09,9,train,1004,1031,1
split_09,9,train,1569,1606,1
split_09,9,train,2758,2996,0
split_09,9,train,1674,1728,1
split_09,9,train,1440,1477,1
split_09,9,train,2602,2815,0
split_09,9,train,616,631,1
split_09,9,train,3072,3350,0
split_09,9,train,2904,3156,0
split_09,9,train,1458,1495,1
split_09,9,train,2444,2629,0
split_09,9,train,699,718,1
split_09,9,train,3125,3409,0
split_09,9,train,2518,2712,0
split_09,9,train,2621,2837,0
split_09,9,train,311,319,1
split_09,9,train,1787,1860,0
split_09,9,train,684,702,1
split_09,9,train,347,356,1
split_09,9,train,553,568,1
split_09,9,train,3073,3352,0
split_09,9,train,420,429,1
split_09,9,train,192,197,1
split_09,9,train,1359,1395,1
split_09,9,train,2423,2603,0
split_09,9,train,146,149,1
split_09,9,train,1107,1140,1
split_09,9,train,2835,3083,0
split_09,9,train,2690,2920,0
split_09,9,train,1748,1814,0
split_09,9,train,2824,3070,0
split_09,9,train,2687,2917,0
split_09,9,train,2120,2256,0
split_09,9,train,943,969,1
split_09,9,train,1827,1907,0
split_09,9,train,1156,1190,1
split_09,9,train,1372,1408,1
split_09,9,train,3086,3365,0
split_09,9,train,2944,3201,0
split_09,9,train,10,11,1
split_09,9,train,2160,2300,0
split_09,9,train,3019,3288,0
split_09,9,train,2116,2252,0
split_09,9,train,2353,2524,0
split_09,9,train,408,417,1
split_09,9,train,1502,1539,1
split_09,9,train,1959,2063,0
split_09,9,train,2419,2598,0
split_09,9,train,1360,1396,1
split_09,9,train,359,368,1
split_09,9,train,63,65,1
split_09,9,train,1987,2094,0
split_09,9,train,2428,2609,0
split_09,9,train,38,40,1
split_09,9,train,589,604,1
split_09,9,train,1343,1379,1
split_09,9,train,2956,3213,0
split_09,9,train,2163,2305,0
split_09,9,train,126,128,1
split_09,9,train,176,180,1
split_09,9,train,1264,1299,1
split_09,9,train,2377,2552,0
split_09,9,train,2189,2334,0
split_09,9,train,1517,1554,1
split_09,9,train,1774,1846,0
split_09,9,train,3068,3346,0
split_09,9,train,1088,1119,1
split_09,9,train,2869,3120,0
split_09,9,train,1627,1675,1
split_09,9,train,1965,2069,0
split_09,9,train,2995,3260,0
split_09,9,train,199,205,1
split_09,9,train,2873,3124,0
split_09,9,train,1933,2030,0
split_09,9,train,1027,1055,1
split_09,9,train,1079,1108,1
split_09,9,train,834,855,1
split_09,9,train,1005,1033,1
split_09,9,train,2702,2934,0
split_09,9,train,222,228,1
split_09,9,train,667,685,1
split_09,9,train,855,876,1
split_09,9,train,1971,2076,0
split_09,9,train,2310,2479,0
split_09,9,train,2875,3126,0
split_09,9,train,1858,1945,0
split_09,9,train,601,616,1
split_09,9,train,2668,2894,0
split_09,9,train,2030,2153,0
split_09,9,train,390,399,1
split_09,9,train,982,1009,1
split_09,9,train,798,819,1
split_09,9,train,1904,1999,0
split_09,9,train,203,209,1
split_09,9,train,1349,1385,1
split_09,9,train,818,839,1
split_09,9,train,785,806,1
split_09,9,train,721,740,1
split_09,9,train,913,938,1
split_09,9,train,1614,1657,1
split_09,9,train,3140,3425,0
split_09,9,train,1643,1693,1
split_09,9,train,114,116,1
split_09,9,train,719,738,1
split_09,9,train,789,810,1
split_09,9,train,1124,1157,1
split_09,9,train,778,799,1
split_09,9,train,1214,1249,1
split_09,9,train,2267,2423,0
split_09,9,train,1860,1947,0
split_09,9,train,2053,2178,0
split_09,9,train,2420,2600,0
split_09,9,train,1305,1340,1
split_09,9,train,2361,2532,0
split_09,9,train,1181,1216,1
split_09,9,train,842,863,1
split_09,9,train,2474,2660,0
split_09,9,train,1287,1322,1
split_09,9,train,1828,1908,0
split_09,9,train,2647,2869,0
split_09,9,train,297,305,1
split_09,9,train,2978,3238,0
split_09,9,train,3018,3287,0
split_09,9,train,1962,2066,0
split_09,9,train,1777,1849,0
split_09,9,train,2495,2681,0
split_09,9,train,731,751,1
split_09,9,train,1438,1475,1
split_09,9,train,195,201,1
split_09,9,train,2816,3061,0
split_09,9,train,2175,2317,0
split_09,9,train,1757,1824,0
split_09,9,train,106,108,1
split_09,9,train,959,985,1
split_09,9,train,922,948,1
split_09,9,train,2684,2914,0
split_09,9,train,2807,3052,0
split_09,9,train,806,827,1
split_09,9,train,2522,2716,0
split_09,9,train,2768,3009,0
split_09,9,train,1593,1632,1
split_09,9,train,800,821,1
split_09,9,train,572,587,1
split_09,9,train,2514,2702,0
split_09,9,train,1370,1406,1
split_09,9,train,1887,1978,0
split_09,9,train,2392,2568,0
split_09,9,train,769,790,1
split_09,9,train,2854,3104,0
split_09,9,train,2597,2806,0
split_09,9,train,1652,1706,1
split_09,9,train,1975,2080,0
split_09,9,train,2150,2289,0
split_09,9,train,1167,1202,1
split_09,9,train,2567,2769,0
split_09,9,train,2937,3194,0
split_09,9,train,2439,2622,0
split_09,9,train,640,657,1
split_09,9,train,1696,1755,0
split_09,9,train,2299,2467,0
split_09,9,train,1363,1399,1
split_09,9,train,1761,1828,0
split_09,9,train,19,20,1
split_09,9,train,2682,2912,0
split_09,9,train,1295,1330,1
split_09,9,train,2346,2517,0
split_09,9,train,1160,1195,1
split_09,9,train,1117,1150,1
split_09,9,train,2289,2453,0
split_09,9,train,627,643,1
split_09,9,train,2936,3193,0
split_09,9,train,907,932,1
split_09,9,train,236,242,1
split_09,9,train,2273,2430,0
split_09,9,train,2760,2998,0
split_09,9,train,2040,2164,0
split_09,9,train,148,151,1
split_09,9,train,2770,3011,0
split_09,9,train,1981,2087,0
split_09,9,train,402,411,1
split_09,9,train,2325,2494,0
split_09,9,train,2529,2723,0
split_09,9,train,64,66,1
split_09,9,train,2612,2826,0
split_09,9,train,599,614,1
split_09,9,train,1399,1435,1
split_09,9,train,527,539,1
split_09,9,train,2734,2968,0
split_09,9,train,704,723,1
split_09,9,train,171,175,1
split_09,9,train,310,318,1
split_09,9,train,3029,3299,0
split_09,9,train,703,722,1
split_09,9,train,752,773,1
split_09,9,train,2725,2958,0
split_09,9,train,876,898,1
split_09,9,train,2205,2355,0
split_09,9,train,1418,1455,1
split_09,9,train,3139,3424,0
split_09,9,train,2442,2627,0
split_09,9,train,1977,2082,0
split_09,9,train,2907,3161,0
split_09,9,train,1437,1474,1
split_09,9,train,3115,3398,0
split_09,9,train,2043,2167,0
split_09,9,train,1769,1838,0
split_09,9,train,1223,1258,1
split_09,9,train,2957,3214,0
split_09,9,train,1008,1036,1
split_09,9,train,1461,1498,1
split_09,9,train,3088,3367,0
split_09,9,train,2448,2633,0
split_09,9,train,1414,1450,1
split_09,9,train,2136,2273,0
split_09,9,train,2240,2392,0
split_09,9,train,200,206,1
split_09,9,train,503,514,1
split_09,9,train,490,500,1
split_09,9,train,665,683,1
split_09,9,train,275,282,1
split_09,9,train,2955,3212,0
split_09,9,train,519,531,1
split_09,9,train,2940,3197,0
split_09,9,train,2583,2788,0
split_09,9,train,1050,1078,1
split_09,9,train,2093,2228,0
split_09,9,train,2711,2943,0
split_09,9,train,261,267,1
split_09,9,train,29,30,1
split_09,9,train,2404,2583,0
split_09,9,train,2781,3022,0
split_09,9,train,848,869,1
split_09,9,train,2507,2693,0
split_09,9,train,3004,3270,0
split_09,9,train,2681,2910,0
split_09,9,train,1506,1543,1
split_09,9,train,3075,3354,0
split_09,9,train,2281,2440,0
split_09,9,train,112,114,1
split_09,9,train,2793,3037,0
split_09,9,train,506,517,1
split_09,9,train,403,412,1
split_09,9,train,2149,2288,0
split_09,9,train,422,431,1
split_09,9,train,2578,2783,0
split_09,9,train,1494,1531,1
split_09,9,train,2587,2792,0
split_09,9,train,2663,2887,0
split_09,9,train,2868,3119,0
split_09,9,train,1067,1096,1
split_09,9,train,1282,1317,1
split_09,9,train,276,283,1
split_09,9,train,1353,1389,1
split_09,9,train,1474,1511,1
split_09,9,train,2033,2156,0
split_09,9,train,1868,1957,0
split_09,9,train,2376,2550,0
split_09,9,train,2022,2145,0
split_09,9,train,3118,3401,0
split_09,9,train,1568,1605,1
split_09,9,train,1815,1894,0
split_09,9,train,1192,1227,1
split_09,9,train,442,451,1
split_09,9,train,87,89,1
split_09,9,train,2930,3186,0
split_09,9,train,2165,2307,0
split_09,9,train,1291,1326,1
split_09,9,train,2071,2202,0
split_09,9,train,2560,2761,0
split_09,9,train,2447,2632,0
split_09,9,train,2367,2538,0
split_09,9,train,3128,3413,0
split_09,9,train,701,720,1
split_09,9,train,2462,2648,0
split_09,9,train,1926,2023,0
split_09,9,train,3014,3282,0
split_09,9,train,1564,1601,1
split_09,9,train,3096,3377,0
split_09,9,train,2876,3127,0
split_09,9,train,2397,2574,0
split_09,9,train,273,280,1
split_09,9,train,1857,1944,0
split_09,9,train,713,732,1
split_09,9,train,946,972,1
split_09,9,train,1076,1105,1
split_09,9,train,1497,1534,1
split_09,9,train,2403,2582,0
split_09,9,train,1296,1331,1
split_09,9,train,2021,2140,0
split_09,9,train,973,1000,1
split_09,9,train,28,29,1
split_09,9,train,2440,2623,0
split_09,9,train,128,130,1
split_09,9,train,2706,2938,0
split_09,9,train,1103,1136,1
split_09,9,train,759,780,1
split_09,9,train,315,323,1
split_09,9,train,1969,2074,0
split_09,9,train,1642,1692,1
split_09,9,train,1486,1523,1
split_09,9,train,2357,2528,0
split_09,9,train,2194,2340,0
split_09,9,train,1074,1103,1
split_09,9,train,1878,1968,0
split_09,9,train,2928,3184,0
split_09,9,train,154,158,1
split_09,9,train,1982,2088,0
split_09,9,train,132,134,1
split_09,9,train,1401,1437,1
split_09,9,train,2434,2616,0
split_09,9,train,1342,1378,1
split_09,9,train,1201,1236,1
split_09,9,train,2335,2505,0
split_09,9,train,2777,3018,0
split_09,9,train,2981,3244,0
split_09,9,train,2213,2364,0
split_09,9,train,1326,1361,1
split_09,9,train,2401,2578,0
split_09,9,train,2311,2480,0
split_09,9,train,1916,2012,0
split_09,9,train,689,707,1
split_09,9,train,2810,3055,0
split_09,9,train,1508,1545,1
split_09,9,train,394,403,1
split_09,9,train,2230,2381,0
split_09,9,train,1821,1901,0
split_09,9,train,1623,1668,1
split_09,9,train,1770,1839,0
split_09,9,train,2992,3256,0
split_09,9,train,2485,2671,0
split_09,9,train,1334,1369,1
split_09,9,train,165,169,1
split_09,9,train,1822,1902,0
split_09,9,train,485,495,1
split_09,9,train,883,905,1
split_09,9,train,1048,1076,1
split_09,9,train,3150,3436,0
split_09,9,train,372,381,1
split_09,9,train,1549,1586,1
split_09,9,train,288,296,1
split_09,9,train,426,435,1
split_09,9,train,1336,1371,1
split_09,9,train,210,216,1
split_09,9,train,1615,1658,1
split_09,9,train,582,597,1
split_09,9,train,1934,2031,0
split_09,9,train,332,340,1
split_09,9,train,1293,1328,1
split_09,9,train,2588,2793,0
split_09,9,train,1500,1537,1
split_09,9,train,1075,1104,1
split_09,9,train,321,329,1
split_09,9,train,960,986,1
split_09,9,train,1854,1940,0
split_09,9,train,1750,1817,0
split_09,9,train,2975,3235,0
split_09,9,train,1796,1872,0
split_09,9,train,648,666,1
split_09,9,train,2287,2451,0
split_09,9,train,1355,1391,1
split_09,9,train,1126,1159,1
split_09,9,train,1247,1282,1
split_09,9,train,2509,2695,0
split_09,9,train,1276,1311,1
split_09,9,train,2852,3101,0
split_09,9,train,738,758,1
split_09,9,train,2721,2954,0
split_09,9,train,168,172,1
split_09,9,train,433,442,1
split_09,9,train,1015,1043,1
split_09,9,train,2029,2152,0
split_09,9,train,2724,2957,0
split_09,9,train,517,528,1
split_09,9,train,1023,1051,1
split_09,9,train,2728,2962,0
split_09,9,train,1448,1485,1
split_09,9,train,920,945,1
split_09,9,train,659,677,1
split_09,9,train,2548,2744,0
split_09,9,train,2540,2735,0
split_09,9,train,2200,2347,0
split_09,9,train,2061,2188,0
split_09,9,train,1650,1704,1
split_09,9,train,2693,2924,0
split_09,9,train,1182,1217,1
split_09,9,train,3094,3375,0
split_09,9,train,2162,2304,0
split_09,9,train,2166,2308,0
split_09,9,train,1277,1312,1
split_09,9,train,593,608,1
split_09,9,train,2396,2572,0
split_09,9,train,361,370,1
split_09,9,train,1799,1876,0
split_09,9,train,669,687,1
split_09,9,train,183,187,1
split_09,9,train,2170,2312,0
split_09,9,train,2500,2686,0
split_09,9,train,1673,1727,1
split_09,9,train,33,34,1
split_09,9,train,2554,2753,0
split_09,9,train,1177,1212,1
split_09,9,train,2055,2180,0
split_09,9,train,406,415,1
split_09,9,train,860,881,1
split_09,9,train,1743,1808,0
split_09,9,train,2965,3225,0
split_09,9,train,2207,2357,0
split_09,9,train,2089,2223,0
split_09,9,train,2947,3204,0
split_09,9,train,2305,2474,0
split_09,9,train,164,168,1
split_09,9,train,2582,2787,0
split_09,9,train,1337,1373,1
split_09,9,train,744,764,1
split_09,9,train,1301,1336,1
split_09,9,train,2239,2391,0
split_09,9,train,1588,1627,1
split_09,9,train,1205,1240,1
split_09,9,train,2263,2419,0
split_09,9,train,1730,1791,0
split_09,9,train,35,36,1
split_09,9,train,2179,2321,0
split_09,9,train,307,315,1
split_09,9,train,2122,2258,0
split_09,9,train,277,284,1
split_09,9,train,319,327,1
split_09,9,train,363,372,1
split_09,9,train,2872,3123,0
split_09,9,train,2375,2548,0
split_09,9,train,1290,1325,1
split_09,9,train,2199,2346,0
split_09,9,train,1535,1572,1
split_09,9,train,780,801,1
split_09,9,train,435,444,1
split_09,9,train,2720,2952,0
split_09,9,train,1606,1645,1
split_09,9,train,1818,1898,0
split_09,9,train,814,835,1
split_09,9,train,2271,2428,0
split_09,9,train,2172,2314,0
split_09,9,train,2123,2259,0
split_09,9,train,1425,1462,1
split_09,9,train,677,695,1
split_09,9,train,204,210,1
split_09,9,train,2094,2229,0
split_09,9,train,3,4,1
split_09,9,train,1453,1490,1
split_09,9,train,2592,2798,0
split_09,9,train,1980,2085,0
split_09,9,train,832,853,1
split_09,9,train,2988,3252,0
split_09,9,train,473,483,1
split_09,9,train,3157,3447,0
split_09,9,train,1269,1304,1
split_09,9,train,1862,1949,0
split_09,9,train,256,262,1
split_09,9,train,1174,1209,1
split_09,9,train,1371,1407,1
split_09,9,train,1444,1481,1
split_09,9,train,1914,2010,0
split_09,9,train,2006,2118,0
split_09,9,train,3167,3463,0
split_09,9,train,434,443,1
split_09,9,train,535,548,1
split_09,9,train,2091,2225,0
split_09,9,train,180,184,1
split_09,9,train,2665,2889,0
split_09,9,train,2050,2175,0
split_09,9,train,2823,3069,0
split_09,9,train,492,503,1
split_09,9,train,226,232,1
split_09,9,train,3015,3283,0
split_09,9,train,1471,1508,1
split_09,9,train,911,936,1
split_09,9,train,1047,1075,1
split_09,9,train,423,432,1
split_09,9,train,162,166,1
split_09,9,train,231,237,1
split_09,9,train,1417,1454,1
split_09,9,train,980,1007,1
split_09,9,train,1985,2091,0
split_09,9,train,3046,3320,0
split_09,9,train,2639,2859,0
split_09,9,train,352,361,1
split_09,9,train,1476,1513,1
split_09,9,train,2,3,1
split_09,9,train,2616,2831,0
split_09,9,train,385,394,1
split_09,9,train,1127,1160,1
split_09,9,train,156,160,1
split_09,9,train,1115,1148,1
split_09,9,train,723,742,1
split_09,9,train,1974,2079,0
split_09,9,train,691,709,1
split_09,9,train,1893,1984,0
split_09,9,train,1340,1376,1
split_09,9,train,81,83,1
split_09,9,train,3080,3359,0
split_09,9,train,1230,1265,1
split_09,9,train,2664,2888,0
split_09,9,train,755,776,1
split_09,9,train,498,509,1
split_09,9,train,445,454,1
split_09,9,train,2738,2974,0
split_09,9,train,1376,1412,1
split_09,9,train,2424,2604,0
split_09,9,train,1315,1350,1
split_09,9,train,465,475,1
split_09,9,train,3149,3435,0
split_09,9,train,2805,3049,0
split_09,9,train,1701,1760,0
split_09,9,train,2636,2856,0
split_09,9,train,2830,3077,0
split_09,9,train,376,385,1
split_09,9,train,2906,3159,0
split_09,9,train,1410,1446,1
split_09,9,train,1665,1719,1
split_09,9,train,348,357,1
split_09,9,train,2082,2214,0
split_09,9,train,1647,1697,1
split_09,9,train,1835,1916,0
split_09,9,train,2674,2901,0
split_09,9,train,2338,2508,0
split_09,9,train,1233,1268,1
split_09,9,train,2176,2318,0
split_09,9,train,840,861,1
split_09,9,train,1798,1875,0
split_09,9,train,419,428,1
split_09,9,train,533,546,1
split_09,9,train,3098,3379,0
split_09,9,train,2256,2410,0
split_09,9,train,2229,2380,0
split_09,9,train,3106,3389,0
split_09,9,train,867,889,1
split_09,9,train,474,484,1
split_09,9,train,3011,3279,0
split_09,9,train,1066,1095,1
split_09,9,train,944,970,1
split_09,9,train,1478,1515,1
split_09,9,train,1267,1302,1
split_09,9,train,2374,2545,0
split_09,9,train,2650,2872,0
split_09,9,train,793,814,1
split_09,9,train,1660,1714,1
split_09,9,train,1226,1261,1
split_09,9,train,1997,2107,0
split_09,9,train,942,968,1
split_09,9,train,2427,2608,0
split_09,9,train,977,1004,1
split_09,9,train,1539,1576,1
split_09,9,train,1709,1768,0
split_09,9,train,2580,2785,0
split_09,9,train,2341,2512,0
split_09,9,train,2652,2875,0
split_09,9,train,2249,2402,0
split_09,9,train,955,981,1
split_09,9,train,1776,1848,0
split_09,9,train,895,917,1
split_09,9,train,1303,1338,1
split_09,9,train,1456,1493,1
split_09,9,train,2486,2672,0
split_09,9,train,1165,1200,1
split_09,9,train,1785,1858,0
split_09,9,train,189,194,1
split_09,9,train,1034,1062,1
split_09,9,train,1705,1764,0
split_09,9,train,986,1013,1
split_09,9,train,2669,2896,0
split_09,9,train,1310,1345,1
split_09,9,train,259,265,1
split_09,9,train,138,141,1
split_09,9,train,3067,3345,0
split_09,9,train,2759,2997,0
split_09,9,train,2941,3198,0
split_09,9,train,1116,1149,1
split_09,9,train,518,529,1
split_09,9,train,439,448,1
split_09,9,train,2901,3153,0
split_09,9,train,43,45,1
split_09,9,train,3095,3376,0
split_09,9,train,635,652,1
split_09,9,train,482,492,1
split_09,9,train,1112,1145,1
split_09,9,train,2154,2294,0
split_09,9,train,496,507,1
split_09,9,train,2466,2652,0
split_09,9,train,2463,2649,0
split_09,9,train,3036,3308,0
split_09,9,train,843,864,1
split_09,9,train,355,364,1
split_09,9,train,540,554,1
split_09,9,train,788,809,1
split_09,9,train,2935,3192,0
split_09,9,train,2931,3187,0
split_09,9,train,52,54,1
split_09,9,train,987,1014,1
split_09,9,train,1212,1247,1
split_09,9,train,2131,2267,0
split_09,9,train,1758,1825,0
split_09,9,train,2216,2367,0
split_09,9,train,2744,2980,0
split_09,9,train,1151,1185,1
split_09,9,train,1884,1974,0
split_09,9,train,1846,1931,0
split_09,9,train,1462,1499,1
split_09,9,train,2586,2791,0
split_09,9,train,1808,1886,0
split_09,9,train,1344,1380,1
split_09,9,train,2845,3094,0
split_09,9,train,215,221,1
split_09,9,train,528,540,1
split_09,9,train,2723,2956,0
split_09,9,train,2700,2932,0
split_09,9,train,95,97,1
split_09,9,train,2969,3229,0
split_09,9,train,2977,3237,0
split_09,9,train,340,349,1
split_09,9,train,2342,2513,0
split_09,9,train,100,102,1
split_09,9,train,2637,2857,0
split_09,9,train,3117,3400,0
split_09,9,train,863,885,1
split_09,9,train,2775,3016,0
split_09,9,train,1350,1386,1
split_09,9,train,1824,1904,0
split_09,9,train,610,625,1
split_09,9,train,730,750,1
split_09,9,train,2469,2655,0
split_09,9,train,2449,2634,0
split_09,9,train,1704,1763,0
split_09,9,train,3025,3295,0
split_09,9,train,925,951,1
split_09,9,train,931,957,1
split_09,9,train,1021,1049,1
split_09,9,train,1073,1102,1
split_09,9,train,542,556,1
split_09,9,train,2086,2220,0
split_09,9,train,2671,2898,0
split_09,9,train,916,941,1
split_09,9,train,1538,1575,1
split_09,9,train,1258,1293,1
split_09,9,train,852,873,1
split_09,9,train,2579,2784,0
split_09,9,train,1491,1528,1
split_09,9,train,65,67,1
split_09,9,train,2654,2878,0
split_09,9,train,2821,3067,0
split_09,9,train,2922,3176,0
split_09,9,train,2921,3175,0
split_09,9,train,2062,2190,0
split_09,9,train,2603,2816,0
split_09,9,train,2843,3092,0
split_09,9,train,1367,1403,1
split_09,9,train,324,332,1
split_09,9,train,1492,1529,1
split_09,9,train,2319,2488,0
split_09,9,train,862,884,1
split_09,9,train,2389,2565,0
split_09,9,train,711,730,1
split_09,9,train,2391,2567,0
split_09,9,train,990,1017,1
split_09,9,train,1941,2039,0
split_09,9,train,1712,1772,0
split_09,9,train,1132,1166,1
split_09,9,train,2133,2269,0
split_09,9,train,637,654,1
split_09,9,train,1007,1035,1
split_09,9,train,1236,1271,1
split_09,9,train,115,117,1
split_09,9,train,2144,2282,0
split_09,9,train,344,353,1
split_09,9,train,1176,1211,1
split_09,9,train,2848,3097,0
split_09,9,train,1894,1986,0
split_09,9,train,1298,1333,1
split_09,9,train,2846,3095,0
split_09,9,train,3135,3420,0
split_09,9,train,515,526,1
split_09,9,train,1716,1776,0
split_09,9,train,3066,3344,0
split_09,9,train,1885,1975,0
split_09,9,train,418,427,1
split_09,9,train,641,658,1
split_09,9,train,2345,2516,0
split_09,9,train,1558,1595,1
split_09,9,train,1011,1039,1
split_09,9,train,1984,2090,0
split_09,9,train,1874,1964,0
split_09,9,train,562,577,1
split_09,9,train,300,308,1
split_09,9,train,1519,1556,1
split_09,9,train,177,181,1
split_09,9,train,2974,3234,0
split_09,9,train,1532,1569,1
split_09,9,train,3161,3457,0
split_09,9,train,1084,1114,1
split_09,9,train,1059,1088,1
split_09,9,train,51,53,1
split_09,9,train,46,48,1
split_09,9,train,1362,1398,1
split_09,9,train,2234,2385,0
split_09,9,train,2004,2115,0
split_09,9,train,1978,2083,0
split_09,9,train,2919,3173,0
split_09,9,train,1542,1579,1
split_09,9,train,2013,2132,0
split_09,9,train,2362,2533,0
split_09,9,train,2450,2635,0
split_09,9,train,673,691,1
split_09,9,train,1695,1754,0
split_09,9,train,1489,1526,1
split_09,9,train,1485,1522,1
split_09,9,train,2248,2401,0
split_09,9,train,2238,2390,0
split_09,9,train,2386,2562,0
split_09,9,train,2858,3108,0
split_09,9,train,350,359,1
split_09,9,train,11,12,1
split_09,9,train,1265,1300,1
split_09,9,train,384,393,1
split_09,9,train,125,127,1
split_09,9,train,2178,2320,0
split_09,9,train,2534,2728,0
split_09,9,train,2431,2613,0
split_09,9,train,3000,3265,0
split_09,9,train,1679,1733,1
split_09,9,train,1510,1547,1
split_09,9,train,3001,3266,0
split_09,9,train,2908,3162,0
split_09,9,train,1925,2022,0
split_09,9,train,2250,2403,0
split_09,9,train,2656,2880,0
split_09,9,train,600,615,1
split_09,9,train,1379,1415,1
split_09,9,train,1452,1489,1
split_09,9,train,1788,1861,0
split_09,9,train,1536,1573,1
split_09,9,train,2320,2489,0
split_09,9,train,3155,3444,0
split_09,9,train,59,61,1
split_09,9,train,3104,3387,0
split_09,9,train,1525,1562,1
split_09,9,train,159,163,1
split_09,9,train,2733,2967,0
split_09,9,train,1148,1182,1
split_09,9,train,2231,2382,0
split_09,9,train,14,15,1
split_09,9,train,2283,2442,0
split_09,9,train,3122,3405,0
split_09,9,train,2105,2240,0
split_09,9,train,3062,3340,0
split_09,9,train,1617,1660,1
split_09,9,train,145,148,1
split_09,9,train,2754,2991,0
split_09,9,train,2491,2677,0
split_09,9,train,1391,1427,1
split_09,9,train,1939,2037,0
split_09,9,train,457,467,1
split_09,9,train,770,791,1
split_09,9,train,281,288,1
split_09,9,train,2683,2913,0
split_09,9,train,2426,2607,0
split_09,9,train,2566,2768,0
split_09,9,train,1607,1646,1
split_09,9,train,1408,1444,1
split_09,9,train,2828,3075,0
split_09,9,train,446,455,1
split_09,9,train,1581,1620,1
split_09,9,train,2478,2664,0
split_09,9,train,440,449,1
split_09,9,train,1513,1550,1
split_09,9,train,1429,1466,1
split_09,9,train,336,345,1
split_09,9,train,1319,1354,1
split_09,9,train,2857,3107,0
split_09,9,train,666,684,1
split_09,9,train,1869,1958,0
split_09,9,train,1852,1938,0
split_09,9,train,94,96,1
split_09,9,train,1645,1695,1
split_09,9,train,993,1020,1
split_09,9,train,209,215,1
split_09,9,train,1481,1518,1
split_09,9,train,652,670,1
split_09,9,train,2075,2207,0
split_09,9,train,2794,3038,0
split_09,9,train,3024,3293,0
split_09,9,train,2028,2151,0
split_09,9,train,1654,1708,1
split_09,9,train,1584,1623,1
split_09,9,train,918,943,1
split_09,9,train,1999,2109,0
split_09,9,train,559,574,1
split_09,9,train,523,535,1
split_09,9,train,2591,2797,0
split_09,9,train,2414,2593,0
split_09,9,train,174,178,1
split_09,9,train,1560,1597,1
split_09,9,train,588,603,1
split_09,9,train,56,58,1
split_09,9,train,371,380,1
split_09,9,train,2126,2262,0
split_09,9,train,823,844,1
split_09,9,train,2883,3134,0
split_09,9,train,877,899,1
split_09,9,train,316,324,1
split_09,9,train,314,322,1
split_09,9,train,791,812,1
split_09,9,train,1121,1154,1
split_09,9,train,991,1018,1
split_09,9,train,1221,1256,1
split_09,9,train,2547,2743,0
split_09,9,train,2890,3141,0
split_09,9,train,2069,2200,0
split_09,9,train,1935,2032,0
split_09,9,train,1851,1937,0
split_09,9,train,1087,1117,1
split_09,9,train,2610,2824,0
split_09,9,train,1225,1260,1
split_09,9,train,2363,2534,0
split_09,9,train,2472,2658,0
split_09,9,train,983,1010,1
split_09,9,train,1795,1871,0
split_09,9,train,2948,3205,0
split_09,9,train,2825,3071,0
split_09,9,train,196,202,1
split_09,9,train,516,527,1
split_09,9,train,2407,2586,0
split_09,9,train,957,983,1
split_09,9,train,2903,3155,0
split_09,9,train,1314,1349,1
split_09,9,train,1058,1087,1
split_09,9,train,1125,1158,1
split_09,9,train,762,783,1
split_09,9,train,1880,1970,0
split_09,9,train,2688,2918,0
split_09,9,train,802,823,1
split_09,9,train,260,266,1
split_09,9,train,1845,1930,0
split_09,9,train,1718,1778,0
split_09,9,train,1601,1640,1
split_09,9,train,724,743,1
split_09,9,train,1749,1816,0
split_09,9,train,1711,1771,0
split_09,9,train,1744,1810,0
split_09,9,train,1672,1726,1
split_09,9,train,2870,3121,0
split_09,9,train,1397,1433,1
split_09,9,train,880,902,1
split_09,9,train,1039,1067,1
split_09,9,train,1612,1653,1
split_09,9,train,594,609,1
split_09,9,train,3006,3272,0
split_09,9,train,2673,2900,0
split_09,9,train,2605,2818,0
split_09,9,train,2550,2747,0
split_09,9,train,3092,3371,0
split_09,9,train,989,1016,1
split_09,9,train,952,978,1
split_09,9,train,735,755,1
split_09,9,train,869,891,1
split_09,9,train,1322,1357,1
split_09,9,train,1217,1252,1
split_09,9,train,2156,2296,0
split_09,9,train,2317,2486,0
split_09,9,train,2037,2160,0
split_09,9,train,2526,2720,0
split_09,9,train,280,287,1
split_09,9,train,777,798,1
split_09,9,train,2480,2666,0
split_09,9,train,3099,3380,0
split_09,9,train,1035,1063,1
split_09,9,train,2902,3154,0
split_09,9,train,432,441,1
split_09,9,train,1354,1390,1
split_09,9,train,656,674,1
split_09,9,train,2643,2865,0
split_09,9,train,2836,3084,0
split_09,9,train,3153,3440,0
split_09,9,train,438,447,1
split_09,9,train,2552,2749,0
split_09,9,train,998,1025,1
split_09,9,train,3147,3432,0
split_09,9,train,1168,1203,1
split_09,9,train,1378,1414,1
split_09,9,train,1175,1210,1
split_09,9,train,470,480,1
split_09,9,train,427,436,1
split_09,9,train,2390,2566,0
split_09,9,train,926,952,1
split_09,9,train,2864,3115,0
split_09,9,train,839,860,1
split_09,9,train,489,499,1
split_09,9,train,2549,2745,0
split_09,9,train,1272,1307,1
split_09,9,train,1594,1633,1
split_09,9,train,2139,2277,0
split_09,9,train,3164,3460,0
split_09,9,train,47,49,1
split_09,9,train,2425,2606,0
split_09,9,train,1697,1756,0
split_09,9,train,746,767,1
split_09,9,train,1611,1652,1
split_09,9,train,1760,1827,0
split_09,9,train,127,129,1
split_09,9,train,1071,1100,1
split_09,9,train,2359,2530,0
split_09,9,train,220,226,1
split_09,9,train,1531,1568,1
split_09,9,train,1325,1360,1
split_09,9,train,253,259,1
split_09,9,train,1565,1602,1
split_09,9,train,274,281,1
split_09,9,train,2072,2203,0
split_09,9,train,773,794,1
split_09,9,train,1736,1798,0
split_09,9,train,2641,2863,0
split_09,9,train,2393,2569,0
split_09,9,train,3023,3292,0
split_09,9,train,1250,1285,1
split_09,9,train,2052,2177,0
split_09,9,train,2731,2965,0
split_09,9,train,201,207,1
split_09,9,train,2986,3250,0
split_09,9,train,304,312,1
split_09,9,train,1431,1468,1
split_09,9,train,488,498,1
split_09,9,train,1807,1884,0
split_09,9,train,142,145,1
split_09,9,train,508,519,1
split_09,9,train,2455,2640,0
split_09,9,train,3077,3356,0
split_09,9,train,206,212,1
split_09,9,train,1413,1449,1
split_09,9,train,1640,1690,1
split_09,9,train,510,521,1
split_09,9,train,1435,1472,1
split_09,9,train,2017,2136,0
split_09,9,train,1025,1053,1
split_09,9,train,386,395,1
split_09,9,train,2628,2847,0
split_09,9,train,2347,2518,0
split_09,9,train,548,563,1
split_09,9,train,675,693,1
split_09,9,train,2479,2665,0
split_09,9,train,269,276,1
split_09,9,train,558,573,1
split_09,9,train,1072,1101,1
split_09,9,train,2729,2963,0
split_09,9,train,283,290,1
split_09,9,train,2483,2669,0
split_09,9,train,1407,1443,1
split_09,9,train,194,199,1
split_09,9,train,366,375,1
split_09,9,train,1242,1277,1
split_09,9,train,2859,3109,0
split_09,9,train,628,644,1
split_09,9,train,415,424,1
split_09,9,train,1306,1341,1
split_09,9,train,1253,1288,1
split_09,9,train,90,92,1
split_09,9,train,550,565,1
split_09,9,train,2106,2241,0
split_09,9,train,2929,3185,0
split_09,9,train,2088,2222,0
split_09,9,train,555,570,1
split_09,9,train,1493,1530,1
split_09,9,train,2073,2205,0
split_09,9,train,2049,2174,0
split_09,9,test,2364,2535,0
split_09,9,test,214,220,1
split_09,9,test,2990,3254,0
split_09,9,test,581,596,1
split_09,9,test,1715,1775,0
split_09,9,test,3056,3334,0
split_09,9,test,381,390,1
split_09,9,test,58,60,1
split_09,9,test,619,634,1
split_09,9,test,2293,2457,0
split_09,9,test,312,320,1
split_09,9,test,1598,1637,1
split_09,9,test,2481,2667,0
split_09,9,test,2081,2213,0
split_09,9,test,1402,1438,1
split_09,9,test,1068,1097,1
split_09,9,test,291,299,1
split_09,9,test,13,14,1
split_09,9,test,2648,2870,0
split_09,9,test,2634,2853,0
split_09,9,test,2337,2507,0
split_09,9,test,1577,1614,1
split_09,9,test,1649,1703,1
split_09,9,test,3010,3278,0
split_09,9,test,2461,2646,0
split_09,9,test,995,1022,1
split_09,9,test,1613,1656,1
split_09,9,test,1706,1765,0
split_09,9,test,2155,2295,0
split_09,9,test,801,822,1
split_09,9,test,2135,2272,0
split_09,9,test,3057,3335,0
split_09,9,test,2739,2975,0
split_09,9,test,1256,1291,1
split_09,9,test,1829,1909,0
split_09,9,test,1024,1052,1
split_09,9,test,1501,1538,1
split_09,9,test,224,230,1
split_09,9,test,826,847,1
split_09,9,test,2661,2885,0
split_09,9,test,188,192,1
split_09,9,test,696,714,1
split_09,9,test,223,229,1
split_09,9,test,1707,1766,0
split_09,9,test,617,632,1
split_09,9,test,568,583,1
split_09,9,test,1947,2047,0
split_09,9,test,247,253,1
split_09,9,test,1800,1877,0
split_09,9,test,1037,1065,1
split_09,9,test,3091,3370,0
split_09,9,test,2713,2945,0
split_09,9,test,2210,2360,0
split_09,9,test,1286,1321,1
split_09,9,test,566,581,1
split_09,9,test,835,856,1
split_09,9,test,621,637,1
split_09,9,test,2900,3152,0
split_09,9,test,1434,1471,1
split_09,9,test,2195,2341,0
split_09,9,test,2171,2313,0
split_09,9,test,1732,1793,0
split_09,9,test,2892,3144,0
split_09,9,test,2844,3093,0
split_09,9,test,1511,1548,1
split_09,9,test,2181,2325,0
split_09,9,test,1234,1269,1
split_09,9,test,202,208,1
split_09,9,test,1395,1431,1
split_09,9,test,2098,2233,0
split_09,9,test,2104,2239,0
split_09,9,test,1972,2077,0
split_09,9,test,334,343,1
split_09,9,test,2951,3208,0
split_09,9,test,1003,1030,1
split_09,9,test,929,955,1
split_09,9,test,1000,1027,1
split_09,9,test,2842,3091,0
split_09,9,test,1498,1535,1
split_09,9,test,155,159,1
split_09,9,test,824,845,1
split_09,9,test,2152,2291,0
split_09,9,test,152,156,1
split_09,9,test,2041,2165,0
split_09,9,test,970,997,1
split_09,9,test,3039,3311,0
split_09,9,test,1279,1314,1
split_09,9,test,73,75,1
split_09,9,test,2985,3249,0
split_09,9,test,1624,1670,1
split_09,9,test,1472,1509,1
split_09,9,test,2413,2592,0
split_09,9,test,2531,2725,0
split_09,9,test,614,629,1
split_09,9,test,437,446,1
split_09,9,test,153,157,1
split_09,9,test,1557,1594,1
split_09,9,test,287,295,1
split_09,9,test,2274,2432,0
split_09,9,test,2696,2928,0
split_09,9,test,45,47,1
split_09,9,test,2300,2468,0
split_09,9,test,564,579,1
split_09,9,test,1909,2005,0
split_09,9,test,2535,2730,0
split_09,9,test,1423,1460,1
split_09,9,test,1897,1989,0
split_09,9,test,136,139,1
split_09,9,test,612,627,1
split_09,9,test,2708,2940,0
split_09,9,test,1329,1364,1
split_09,9,test,709,728,1
split_09,9,test,1908,2004,0
split_09,9,test,1308,1343,1
split_09,9,test,1859,1946,0
split_09,9,test,574,589,1
split_09,9,test,2826,3073,0
split_09,9,test,1490,1527,1
split_09,9,test,2776,3017,0
split_09,9,test,383,392,1
split_09,9,test,1608,1647,1
split_09,9,test,2501,2687,0
split_09,9,test,805,826,1
split_09,9,test,1211,1246,1
split_09,9,test,809,830,1
split_09,9,test,3065,3343,0
split_09,9,test,2140,2278,0
split_09,9,test,74,76,1
split_09,9,test,1157,1192,1
split_09,9,test,525,537,1
split_09,9,test,1095,1127,1
split_09,9,test,1130,1163,1
split_09,9,test,387,396,1
split_09,9,test,2498,2684,0
split_09,9,test,239,245,1
split_09,9,test,2451,2636,0
split_09,9,test,3154,3441,0
split_09,9,test,345,354,1
split_09,9,test,543,558,1
split_09,9,test,847,868,1
split_09,9,test,1163,1198,1
split_09,9,test,1526,1563,1
split_09,9,test,2242,2395,0
split_09,9,test,766,787,1
split_09,9,test,1913,2009,0
split_09,9,test,1109,1142,1
split_09,9,test,1966,2070,0
split_09,9,test,2691,2922,0
split_09,9,test,137,140,1
split_09,9,test,2084,2216,0
split_09,9,test,906,931,1
split_09,9,test,2303,2472,0
split_09,9,test,956,982,1
split_09,9,test,2949,3206,0
split_09,9,test,2561,2762,0
split_09,9,test,302,310,1
split_09,9,test,111,113,1
split_09,9,test,2057,2182,0
split_09,9,test,1184,1219,1
split_09,9,test,2804,3048,0
split_09,9,test,1562,1599,1
split_09,9,test,1313,1348,1
split_09,9,test,2415,2594,0
split_09,9,test,3101,3382,0
split_09,9,test,1341,1377,1
split_09,9,test,325,333,1
split_09,9,test,3124,3407,0
split_09,9,test,725,745,1
split_09,9,test,797,818,1
split_09,9,test,141,144,1
split_09,9,test,306,314,1
split_09,9,test,157,161,1
split_09,9,test,967,993,1
split_09,9,test,3141,3426,0
split_09,9,test,88,90,1
split_09,9,test,2366,2537,0
split_09,9,test,774,795,1
split_09,9,test,411,420,1
split_09,9,test,2915,3169,0
split_09,9,test,1044,1072,1
split_09,9,test,1505,1542,1
split_09,9,test,1970,2075,0
split_09,9,test,1791,1866,0
split_09,9,test,1097,1129,1
split_09,9,test,1193,1228,1
split_09,9,test,1561,1598,1
split_09,9,test,2066,2195,0
split_09,9,test,2009,2125,0
split_09,9,test,1636,1686,1
split_09,9,test,1775,1847,0
split_09,9,test,2896,3148,0
split_09,9,test,972,999,1
split_09,9,test,2961,3219,0
split_09,9,test,2627,2846,0
split_09,9,test,905,929,1
split_09,9,test,1778,1851,0
split_09,9,test,521,533,1
split_09,9,test,2895,3147,0
split_09,9,test,1946,2046,0
split_09,9,test,221,227,1
split_09,9,test,2967,3227,0
split_09,9,test,828,849,1
split_09,9,test,1118,1151,1
split_09,9,test,2416,2595,0
split_09,9,test,166,170,1
split_09,9,test,745,765,1
split_09,9,test,1952,2053,0
split_09,9,test,1352,1388,1
split_09,9,test,1756,1823,0
split_09,9,test,2275,2433,0
split_09,9,test,2243,2396,0
split_09,9,test,2340,2511,0
split_09,9,test,607,622,1
split_09,9,test,2773,3014,0
split_09,9,test,1938,2036,0
split_09,9,test,57,59,1
split_09,9,test,915,940,1
split_09,9,test,1358,1394,1
split_09,9,test,2108,2243,0
split_09,9,test,1838,1920,0
split_09,9,test,377,386,1
split_09,9,test,9,10,1
split_09,9,test,630,646,1
split_09,9,test,1033,1061,1
split_09,9,test,3110,3393,0
split_09,9,test,1603,1642,1
split_09,9,test,2285,2449,0
split_09,9,test,846,867,1
split_09,9,test,2453,2638,0
split_09,9,test,3027,3297,0
split_09,9,test,2384,2560,0
split_09,9,test,2042,2166,0
split_09,9,test,1484,1521,1
split_09,9,test,1333,1368,1
split_09,9,test,2039,2162,0
split_09,9,test,1122,1155,1
split_09,9,test,2484,2670,0
split_09,9,test,586,601,1
split_09,9,test,908,933,1
split_09,9,test,2789,3033,0
split_09,9,test,651,669,1
split_09,9,test,191,196,1
split_09,9,test,1366,1402,1
split_09,9,test,2533,2727,0
split_09,9,test,2615,2830,0
split_09,9,test,679,697,1
split_09,9,test,1215,1250,1
split_09,9,test,2833,3081,0
split_09,9,test,339,348,1
split_09,9,test,3144,3429,0
split_09,9,test,2044,2168,0
split_09,9,test,412,421,1
split_09,9,test,2703,2935,0
split_09,9,test,2251,2404,0
split_09,9,test,2141,2279,0
split_09,9,test,1294,1329,1
split_09,9,test,1403,1439,1
split_09,9,test,1626,1674,1
split_09,9,test,1591,1630,1
split_09,9,test,1356,1392,1
split_09,9,test,3069,3347,0
split_09,9,test,546,561,1
split_09,9,test,1989,2097,0
split_09,9,test,626,642,1
split_09,9,test,875,897,1
split_09,9,test,1019,1047,1
split_09,9,test,638,655,1
split_09,9,test,2512,2699,0
split_09,9,test,268,275,1
split_09,9,test,2312,2481,0
split_09,9,test,2058,2184,0
split_09,9,test,1144,1178,1
split_09,9,test,1703,1762,0
split_09,9,test,2662,2886,0
split_09,9,test,1951,2052,0
split_09,9,test,179,183,1
split_09,9,test,716,735,1
split_09,9,test,2765,3006,0
split_09,9,test,3148,3433,0
split_09,9,test,1328,1363,1
split_09,9,test,2036,2159,0
split_09,9,test,2290,2454,0
split_09,9,test,1979,2084,0
split_09,9,test,897,919,1
split_09,9,test,726,746,1
split_09,9,test,1292,1327,1
split_09,9,test,2406,2585,0
split_09,9,test,2322,2491,0
split_09,9,test,776,797,1
split_09,9,test,658,676,1
split_09,9,test,2223,2374,0
split_09,9,test,1780,1853,0
split_09,9,test,2699,2931,0
split_09,9,test,681,699,1
split_09,9,test,597,612,1
split_09,9,test,830,851,1
split_09,9,test,522,534,1
split_09,9,test,2987,3251,0
split_09,9,test,2564,2765,0
split_09,9,test,2436,2618,0
split_09,9,test,3156,3446,0
split_09,9,test,2589,2795,0
split_09,9,test,2657,2881,0
split_09,9,test,2272,2429,0
split_09,9,test,833,854,1
split_09,9,test,2254,2408,0
split_09,9,test,401,410,1
split_09,9,test,3108,3391,0
split_09,9,test,1955,2056,0
split_09,9,test,1683,1740,0
split_09,9,test,109,111,1
split_09,9,test,693,711,1
split_09,9,test,2596,2805,0
split_09,9,test,2470,2656,0
split_09,9,test,285,293,1
split_09,9,test,2460,2645,0
split_09,9,test,2280,2439,0
split_09,9,test,3120,3403,0
split_09,9,test,1482,1519,1
split_09,9,test,78,80,1
split_09,9,test,1455,1492,1
split_09,9,test,21,22,1
split_09,9,test,2523,2717,0
split_09,9,test,1507,1544,1
split_09,9,test,710,729,1
split_09,9,test,1587,1626,1
split_09,9,test,910,935,1
split_09,9,test,1836,1917,0
split_09,9,test,305,313,1
split_09,9,test,1850,1936,0
split_09,9,test,185,189,1
split_09,9,test,2572,2775,0
split_09,9,test,663,681,1
split_09,9,test,615,630,1
split_09,9,test,2651,2873,0
split_09,9,test,1833,1914,0
split_09,9,test,2611,2825,0
split_09,9,test,93,95,1
split_09,9,test,613,628,1
split_09,9,test,2779,3020,0
split_09,9,test,1699,1758,0
split_09,9,test,804,825,1
split_09,9,test,1243,1278,1
split_09,9,test,1339,1375,1
split_09,9,test,950,976,1
split_09,9,test,1495,1532,1
split_09,9,test,20,21,1
split_09,9,test,1053,1081,1
split_09,9,test,885,907,1
split_09,9,test,1983,2089,0
split_09,9,test,1304,1339,1
split_09,9,test,1901,1996,0
split_09,9,test,1738,1800,0
split_09,9,test,838,859,1
split_09,9,test,308,316,1
split_09,9,test,592,607,1
split_09,9,test,1056,1085,1
split_09,9,test,416,425,1
split_09,9,test,1919,2015,0
split_09,9,test,937,963,1
split_09,9,test,678,696,1
split_09,9,test,1605,1644,1
split_09,9,test,25,26,1
split_09,9,test,2118,2254,0
split_09,9,test,1289,1324,1
split_09,9,test,1629,1677,1
split_09,9,test,2966,3226,0
split_09,9,test,2379,2554,0
split_09,9,test,2489,2675,0
split_09,9,test,2372,2543,0
split_09,9,test,327,335,1
split_09,9,test,405,414,1
split_09,9,test,2159,2299,0
split_09,9,test,2328,2497,0
split_09,9,test,140,143,1
split_09,9,test,2382,2558,0
split_09,9,test,254,260,1
split_09,9,test,447,456,1
split_09,9,test,2831,3079,0
split_09,9,test,2889,3140,0
split_09,9,test,2269,2426,0
split_09,9,test,1917,2013,0
split_09,9,test,149,152,1
split_09,9,test,2972,3232,0
split_09,9,test,974,1001,1
split_09,9,test,230,236,1
split_09,9,test,2962,3221,0
split_09,9,test,3003,3269,0
split_09,9,test,227,233,1
split_09,9,test,3146,3431,0
split_09,9,test,1918,2014,0
split_09,9,test,1186,1221,1
split_09,9,test,2077,2209,0
split_09,9,test,1143,1177,1
split_09,9,test,244,250,1
split_09,9,test,1657,1711,1
split_09,9,test,2268,2425,0
split_09,9,test,544,559,1
split_09,9,test,1013,1041,1
split_09,9,test,37,38,1
split_09,9,test,469,479,1
split_09,9,test,356,365,1
split_09,9,test,1162,1197,1
split_09,9,test,1864,1951,0
split_09,9,test,2336,2506,0
split_09,9,test,1409,1445,1
split_09,9,test,945,971,1
split_09,9,test,134,137,1
split_09,9,test,1245,1280,1
split_09,9,test,2726,2959,0
split_09,9,test,1338,1374,1
split_09,9,test,578,593,1
split_09,9,test,1586,1625,1
split_09,9,test,1460,1497,1
split_09,9,test,1886,1977,0
split_09,9,test,3134,3419,0
split_09,9,test,2562,2763,0
split_09,9,test,163,167,1
split_09,9,test,853,874,1
split_09,9,test,2067,2196,0
split_09,9,test,1839,1921,0
split_09,9,test,1616,1659,1
split_09,9,test,2161,2301,0
split_09,9,test,213,219,1
split_09,9,test,1902,1997,0
split_09,9,test,97,99,1
split_09,9,test,443,452,1
split_09,9,test,2574,2778,0
split_09,9,test,1106,1139,1
split_09,9,test,1173,1208,1
split_09,9,test,3116,3399,0
split_09,9,test,2558,2758,0
split_09,9,test,505,516,1
split_09,9,test,2421,2601,0
split_09,9,test,1206,1241,1
split_09,9,test,2539,2734,0
split_09,9,test,34,35,1
split_09,9,test,1427,1464,1
split_09,9,test,557,572,1
split_09,9,test,1249,1284,1
split_09,9,test,2087,2221,0
split_09,9,test,1139,1173,1
split_09,9,test,2334,2504,0
split_09,9,test,1737,1799,0
split_09,9,test,2183,2327,0
split_09,9,test,767,788,1
split_09,9,test,1092,1124,1
split_09,9,test,2253,2407,0
split_09,9,test,1940,2038,0
split_09,9,test,2007,2119,0
split_09,9,test,2767,3008,0
split_09,9,test,1912,2008,0
split_09,9,test,175,179,1
split_09,9,test,1867,1955,0
split_09,9,test,1288,1323,1
split_09,9,test,2070,2201,0
split_09,9,test,2619,2835,0
split_09,9,test,1714,1774,0
split_09,9,test,2984,3248,0
split_09,9,test,2296,2460,0
split_09,9,test,2438,2621,0
split_09,9,test,404,413,1
split_09,9,test,1010,1038,1
split_09,9,test,670,688,1
split_09,9,test,3085,3364,0
split_09,9,test,1153,1187,1
split_09,9,test,2476,2662,0
split_09,9,test,2933,3190,0
split_09,9,test,3041,3314,0
split_09,9,test,657,675,1
split_09,9,test,430,439,1
split_09,9,test,662,680,1
split_09,9,test,530,543,1
split_09,9,test,1089,1120,1
split_09,9,test,2963,3222,0
split_09,9,test,3169,3465,0
split_09,9,test,1801,1878,0
split_09,9,test,2658,2882,0
split_09,9,test,67,69,1
split_09,9,test,1020,1048,1
split_09,9,test,1134,1168,1
split_09,9,test,2324,2493,0
split_09,9,test,2008,2124,0
split_09,9,test,2524,2718,0
split_09,9,test,1817,1897,0
split_09,9,test,382,391,1
split_09,9,test,2499,2685,0
split_09,9,test,1312,1347,1
split_09,9,test,1688,1746,0
split_09,9,test,889,911,1
split_09,9,test,3129,3414,0
split_09,9,test,208,214,1
split_09,9,test,1573,1610,1
split_09,9,test,3022,3291,0
split_09,9,test,2132,2268,0
split_09,9,test,1545,1582,1
split_09,9,test,207,213,1
split_09,9,test,624,640,1
split_09,9,test,1105,1138,1
split_09,9,test,1381,1417,1
split_09,9,test,761,782,1
split_09,9,test,1958,2061,0
split_09,9,test,1996,2106,0
split_09,9,test,892,914,1
split_09,9,test,2060,2187,0
split_09,9,test,1797,1874,0
split_09,9,test,611,626,1
split_09,9,test,2278,2437,0
split_09,9,test,2680,2908,0
split_09,9,test,1534,1571,1
split_09,9,test,1678,1732,1
split_09,9,test,2614,2829,0
split_09,9,test,1406,1442,1
split_09,9,test,1794,1870,0
split_09,9,test,1943,2041,0
split_09,9,test,1853,1939,0
split_09,9,test,2245,2398,0
split_09,9,test,1745,1811,0
split_09,9,test,2994,3259,0
split_09,9,test,2771,3012,0
split_09,9,test,1746,1812,0
split_09,9,test,2633,2852,0
split_09,9,test,887,909,1
split_09,9,test,414,423,1
split_09,9,test,914,939,1
split_09,9,test,264,270,1
split_09,9,test,2348,2519,0
split_09,9,test,2315,2484,0
split_09,9,test,2958,3215,0
split_09,9,test,1792,1867,0
split_09,9,test,2184,2328,0
split_09,9,test,2441,2626,0
split_09,9,test,2100,2235,0
split_09,9,test,820,841,1
split_09,9,test,3159,3449,0
split_09,9,test,2027,2150,0
split_09,9,test,1086,1116,1
split_09,9,test,2019,2138,0
split_09,9,test,1810,1888,0
split_09,9,test,400,409,1
split_09,9,test,1496,1533,1
split_09,9,test,981,1008,1
split_09,9,test,241,247,1
split_09,9,test,1216,1251,1
split_09,9,test,235,241,1
split_09,9,test,3083,3362,0
split_09,9,test,2494,2680,0
split_09,9,test,368,377,1
split_09,9,test,3163,3459,0
split_09,9,test,1694,1753,0
split_09,9,test,573,588,1
split_09,9,test,3009,3277,0
split_09,9,test,734,754,1
split_09,9,test,3126,3411,0
split_09,9,test,1231,1266,1
split_09,9,test,1559,1596,1
split_09,9,test,2097,2232,0
split_09,9,test,886,908,1
split_09,9,test,815,836,1
split_09,9,test,904,928,1
split_09,9,test,1374,1410,1
split_09,9,test,1090,1122,1
split_09,9,test,1185,1220,1
split_09,9,test,1723,1783,0
split_09,9,test,1061,1090,1
split_09,9,test,2819,3065,0
split_09,9,test,462,472,1
split_09,9,test,243,249,1
split_09,9,test,2203,2352,0
split_09,9,test,1726,1786,0
split_09,9,test,1459,1496,1
split_09,9,test,2023,2146,0
split_09,9,test,2076,2208,0
split_09,9,test,2221,2372,0
split_09,9,test,3049,3324,0
split_09,9,test,2718,2950,0
split_09,9,test,479,489,1
split_09,9,test,2516,2708,0
split_09,9,test,2323,2492,0
split_09,9,test,1082,1112,1
split_09,9,test,899,922,1
split_09,9,test,720,739,1
split_09,9,test,1199,1234,1
split_09,9,test,120,122,1
split_09,9,test,2624,2842,0
split_09,9,test,935,961,1
split_09,9,test,2247,2400,0
split_09,9,test,471,481,1
split_09,9,test,531,544,1
split_09,9,test,712,731,1
split_09,9,test,966,992,1
split_09,9,test,1948,2048,0
split_09,9,test,3107,3390,0
split_09,9,test,1841,1924,0
split_09,9,test,2297,2461,0
split_09,9,test,2569,2772,0
split_09,9,test,353,362,1
split_09,9,test,2763,3004,0
split_09,9,test,1316,1351,1
split_09,9,test,1871,1961,0
split_09,9,test,921,947,1
split_09,9,test,2594,2800,0
split_09,9,test,2318,2487,0
split_09,9,test,2497,2683,0
split_09,9,test,130,132,1
split_09,9,test,1268,1303,1
split_09,9,test,1724,1784,0
split_09,9,test,817,838,1
split_09,9,test,1964,2068,0
split_09,9,test,246,252,1
split_09,9,test,841,862,1
split_09,9,test,2266,2422,0
split_09,9,test,2556,2756,0
split_09,9,test,458,468,1
split_09,9,test,1804,1881,0
split_09,9,test,727,747,1
split_09,9,test,2351,2522,0
split_09,9,test,3061,3339,0
split_09,9,test,2202,2349,0
split_09,9,test,604,619,1
split_09,9,test,1725,1785,0
split_09,9,test,751,772,1
split_09,9,test,2555,2754,0
split_09,9,test,1166,1201,1
split_09,9,test,623,639,1
split_09,9,test,1031,1059,1
split_09,9,test,2655,2879,0
split_09,9,test,700,719,1
split_09,9,test,2542,2737,0
split_09,9,test,66,68,1
split_09,9,test,16,17,1
split_09,9,test,1412,1448,1
split_09,9,test,608,623,1
split_09,9,test,3102,3383,0
split_09,9,test,468,478,1
